id,lecture,objectives,question,answer,explanation
2537,1 - GI Assessment and Gastric,N144_L1 | N144_L1_O1,"Trace food from mouth to anus, naming every structure and the sphincter or valve at each transition.",Mouth → esophagus → GASTROESOPHAGEAL JUNCTION (stomach inlet) → stomach → PYLORIC SPHINCTER (stomach outlet) → duodenum → jejunum → ileum → ILEOCECAL VALVE → cecum → ascending colon (right) → transverse (right to left) → descending (left) → sigmoid → rectum → anus,The ileocecal valve also prevents bacteria refluxing back into the small intestine.
2538,1 - GI Assessment and Gastric,N144_L1 | N144_L1_O1,"How much does the stomach hold, and how much of the cardiac output does the GI tract get?","Stomach capacity about 1,500 mL.
The GI tract receives 20% of cardiac output — and it INCREASES after eating.","1,500 mL is why a patient can vomit far more than you expect, and why gastric residual over 500 mL means something is wrong.

The 20% rising after meals is why you feel sluggish after a big meal — blood is diverted to digestion. It is also why shock shuts the gut down: blood is pulled away from a non-essential organ, and the bowel goes ischemic.

Other numbers if she asks: tract 23-26 feet, esophagus about 10 inches, small intestine about two-thirds of total length."
2539,1 - GI Assessment and Gastric,N144_L1 | N144_L1_O2,"Where does the esophagus lie, how does it reach the abdomen, and what is the sphincter at each end?","Lies in the MEDIASTINUM — anterior to the spine, posterior to the trachea and heart. A hollow muscular tube about 10 inches.
Passes through the diaphragm at the DIAPHRAGMATIC HIATUS.
UPPER sphincter — under VOLUNTARY control.
LOWER sphincter — also called the CARDIAC SPHINCTER, for its location near the heart, not any cardiac function.
The esophagus and the anus lie OUTSIDE the peritoneum.","MEDIASTINUM is why esophageal perforation is a chest emergency, not an abdominal one — contents leak among the heart and great vessels, causing subcutaneous emphysema in the neck rather than a rigid abdomen.

DIAPHRAGMATIC HIATUS is the opening that widens in a HIATAL HERNIA.

The upper sphincter being voluntary is why you can choose to swallow but cannot choose to move food further down."
2541,1 - GI Assessment and Gastric,N144_L1 | N144_L1_O2,Name three landmarks of the small and large intestine and what each does.,"AMPULLA OF VATER — where the common bile duct empties into the duodenum, delivering bile and pancreatic secretions. ILEOCECAL VALVE — controls flow into the large intestine and prevents bacterial reflux. VERMIFORM APPENDIX — attached to the cecum, little or no physiologic function.",The ampulla is why pancreatic and biliary disease affect digestion at that exact point.
2542,1 - GI Assessment and Gastric,N144_L1 | N144_L1_O1,"Contrast sympathetic and parasympathetic effects on the GI tract, and name the exception.","SYMPATHETIC inhibits — secretions down, motility down, sphincters and blood vessels constrict. PARASYMPATHETIC stimulates — peristalsis up, secretions up, sphincters relax. EXCEPTION: the upper esophageal and external anal sphincters stay under voluntary control and do not relax.",Fight-or-flight shunts blood away from digestion. Voluntary control at both ends is what lets you defer swallowing and defecation.
2543,1 - GI Assessment and Gastric,N144_L1 | N144_L1_O1,"What are the FOUR phases of digestion, and what happens in each?","INGESTION — food enters through mouth and esophagus.
DIGESTION — starts with chewing; enzymes break protein, fat and sugar into component molecules.
ABSORPTION — those small molecules pass through the intestinal wall INTO the bloodstream. Begins in the JEJUNUM, by active transport and diffusion. Vitamins and minerals cross essentially UNCHANGED.
ELIMINATION — undigested waste leaves the body.","Absorption moves nutrients IN; elimination moves waste OUT. That is the whole difference.

Vitamins and minerals needing no breakdown is why they are absorbed intact — and why damaged villi (celiac, Crohn's) cause deficiency even when the patient is eating well.

Absorption begins in the JEJUNUM, which is why a jejunostomy feeds directly into the absorbing segment and why jejunal feeds must be continuous — there is no stomach to act as a reservoir."
2544,1 - GI Assessment and Gastric,N144_L1 | N144_L1_O1,"What are villi and microvilli, by how much do they change absorption, and which diseases damage them?","Finger-like projections from the intestinal wall — trees (villi) with leaves (microvilli). They fold the small intestine back on itself to provide about 230 FEET of absorptive surface area.
Damaged in CELIAC DISEASE (villi become denuded) and CROHN'S DISEASE (distal ileum).","More surface area means more absorption. Strip the villi and nutrients pass through undigested — that is why celiac causes malabsorption, steatorrhea, anemia, and osteoporosis risk.

Villi exist only in the SMALL INTESTINE. Ulcerative colitis affects the COLON, which has no villi — that is why UC causes bleeding rather than malabsorption. Crohn's commonly hits the distal ileum, which does have villi, and that is why Crohn's causes B12 deficiency.

Recovery is slow: the textbook says a full YEAR of a gluten-free diet before villous integrity is restored."
2545,1 - GI Assessment and Gastric,N144_L1 | N144_L1_O1,"Why is the GI tract called part of the EXTERNAL environment, and what is peristalsis?","Its contents never truly enter the body. Implant a penny surgically and it stays for life; swallow one and you pass it. The tract is a conveyor belt running THROUGH you.
PERISTALSIS — wave-like propulsion moving contents along, like squeezing toothpaste. Also occurs in the URETERS, moving urine to the bladder.","Nothing counts as ""in"" until it is ABSORBED through the intestinal wall into the bloodstream. That is why a bowel perforation is catastrophic — it moves contents from the outside to the actual inside, where they were never meant to be.

Peristalsis is what fails in ACHALASIA (esophagus), what stops in PARALYTIC ILEUS (bowel), and what STIMULANT laxatives increase."
2550,1 - GI Assessment and Gastric,N144_L1 | N144_L1_O2,"What does the STOMACH secrete, and why does each one matter?","HYDROCHLORIC ACID — creates the acidic environment, pH about 3.
PEPSIN — digests protein.
INTRINSIC FACTOR — required for vitamin B12 absorption.","INTRINSIC FACTOR is the one that gets tested. It is made by PARIETAL CELLS. Destroy those cells and B12 cannot be absorbed no matter how much is eaten — that is PERNICIOUS ANEMIA.

Two ways it happens in this unit: CHRONIC GASTRITIS atrophies the parietal cells, and TOTAL GASTRECTOMY removes them. Both mean lifelong B12 INJECTIONS, bypassing the gut entirely.

HCl at pH 3 is also why acid-suppressing drugs affect B12 and calcium absorption over time."
2552,1 - GI Assessment and Gastric,N144_L1 | N144_L1_O2,"For each macronutrient, which substances break it down and WHERE?","STARCH/SUGAR — salivary amylase (MOUTH), then amylase (small intestine).
PROTEIN — pepsin (STOMACH), then trypsin (small intestine).
FAT — lipase (enzyme) and bile (secretion), both in the SMALL INTESTINE.","Carbohydrate digestion starts first (mouth), protein second (stomach), fat last (small intestine). That order matters clinically: fat stays in the stomach longest because nothing acts on it until it leaves — which is why fatty meals trigger dyspepsia, gallbladder pain, and reflux.

-ASE on the end of a word means enzyme. Amylase breaks starch, lipase breaks lipids, protease breaks protein.

Amylase and lipase are made by the PANCREAS and arrive through the common bile duct — which is why both are elevated in pancreatitis."
2553,1 - GI Assessment and Gastric,N144_L1 | N144_L1_O2,"Where is bile produced and stored, and what makes stool brown?","Produced in the liver, stored in the gallbladder. BILIRUBIN from bile is what makes stool brown.","Which is why biliary obstruction gives clay-coloured stool — no bile reaching the intestine, no colour."
2554,1 - GI Assessment and Gastric,N144_L1 | N144_L1_O4,What are the SEVEN things you ask about when taking a GI health history?,PAIN and DYSPEPSIA · GAS · NAUSEA AND VOMITING · DIARRHEA and CONSTIPATION · FECAL INCONTINENCE · JAUNDICE · previous GI disease.,"Three of these patients will not volunteer: FECAL INCONTINENCE, because it is humiliating; JAUNDICE, because they may not have noticed; and the true ALCOHOL intake. You have to ask directly.

Jaundice is on a symptom list because it is visible to the patient — dark urine and pale stool are things they notice and can report."
2555,1 - GI Assessment and Gastric,N144_L1 | N144_L1_O4,What does the PAST HEALTH and SOCIAL history cover in a GI assessment?,"ORAL — dental visits, mouth lesions, DENTURES.
DIET — discomfort with certain foods, dietary intake, weight gain or loss.
SUBSTANCES — alcohol and tobacco use.
HISTORY — previous diagnostic studies, treatments or surgery; current medications.","Every item is a cause of a GI problem you will see in this unit. Dentures that do not fit cause weight loss in older adults. Alcohol causes gastritis, pancreatitis and cirrhosis. Tobacco delays ulcer healing. NSAIDs cause ulcers. Previous abdominal surgery causes adhesions and later obstruction.

Unexplained WEIGHT LOSS is the single most important number here — it is the first sign of malignancy and malabsorption."
2557,1 - GI Assessment and Gastric,N144_L1 | N144_L1_O4,"What is dyspepsia, how common is it, what makes it worse, and what does bloating with flatulence suggest?","Upper abdominal discomfort ASSOCIATED WITH EATING — the MOST COMMON symptom of GI dysfunction. About 20% of US adults; 75-80% of that is IDIOPATHIC.
WORSE WITH — FATTY foods, coarse vegetables, highly seasoned foods.
BLOATING, DISTENTION AND EXCESSIVE FLATULENCE — suggests FOOD INTOLERANCE or GALLBLADDER DISEASE.","FATTY FOODS are worst because they stay in the stomach longest — nothing digests fat until it reaches the small intestine. The same fact explains why fat triggers gallbladder pain and reflux.

GALLBLADDER DISEASE from bloating and gas is the non-obvious link: without adequate bile, fat is not emulsified, so it ferments and produces gas.

Most dyspepsia has no found cause, which is why it is a SYMPTOM TO INVESTIGATE rather than a diagnosis."
2559,1 - GI Assessment and Gastric,N144_L1 | N144_L1_O4,"What is the difference between nausea and vomiting, and what are the seven characteristics of pain to assess?","NAUSEA — a SUBJECTIVE sensation that may or may not lead to vomiting.
VOMITING — the OBJECTIVE, forceful emptying of stomach and intestinal contents.
PAIN — character · duration · pattern · frequency · location · DISTRIBUTION OF REFERRED PAIN · timing.","Subjective versus objective matters for documentation: nausea is what the patient TELLS you, vomiting is what you can SEE and measure.

REFERRED PAIN is the one students skip and the one that changes answers. The gallbladder refers to the RIGHT SHOULDER. The pancreas refers to the BACK. A perforated ulcer refers to the SHOULDER via the phrenic nerve. And the HEART refers to the EPIGASTRIUM — which is why epigastric pain with diaphoresis must rule out cardiac before you treat it as GI.

TIMING relative to meals separates gastric from duodenal ulcer."
2560,1 - GI Assessment and Gastric,N144_L1 | N144_L1_O4,What causes vomiting — grouped by mechanism?,"GUT ITSELF — visceral pain, torsion, trauma.
BRAIN AND BALANCE — motion, inner ear disorders, anxiety.
CHEMICAL — medication, toxins, chemotherapy, radiation, metabolic abnormalities.
LEARNED — ANTICIPATORY vomiting, which starts BEFORE the trigger is given.","Grouping beats listing. Vomiting is a reflex with several trigger routes, and each group tells you what to do: a gut cause needs the gut treated, a chemical cause needs an antiemetic, a vestibular cause needs a different drug class entirely.

ANTICIPATORY is the tested one. A chemo patient who vomits when the nurse walks in has a CONDITIONED response — it is real, not psychological weakness, and it is treated by premedicating BEFORE the trigger."
2561,1 - GI Assessment and Gastric,N144_L1 | N144_L1_O4,"How is constipation actually defined, and what matters more than the number?","Relative to the patient's own baseline, not a fixed number. A CHANGE in bowel habits is what signals colonic dysfunction.","From lecture: someone who goes 3x/week and keeps doing that is normal; someone who goes 3x/day then stops for two days is constipated. The textbook ""fewer than 3 a week"" is looser in practice."
2562,1 - GI Assessment and Gastric,N144_L1 | N144_L1_O7,Match each abnormal stool characteristic to what it means: BULKY GREASY FOAMY FOUL-SMELLING · LIGHT GRAY OR CLAY · MUCUS THREADS OR PUS · LOOSE AND WATERY.,"Bulky, greasy, foamy, foul-smelling — FAT MALABSORPTION (she named cystic fibrosis). Light gray or clay — ABSENCE OF CONJUGATED BILIRUBIN. Mucus threads or pus — INFLAMMATION OR INFECTION. Loose and watery ± blood — DIARRHEA.",Clay-coloured happens because bilirubin is what makes stool brown.
2563,1 - GI Assessment and Gastric,N144_L1 | N144_L1_O7,"Match each stool colour to its non-pathologic cause: green, red, black, milky white.","Green — leafy greens, spinach, kale. Red — beets, red gelatin, tomato soup, food colouring. Black — bismuth, iron, black licorice. Milky white — barium.","Black is the dangerous one to dismiss — melena looks identical. Rule out the benign cause, never assume it."
2564,1 - GI Assessment and Gastric,N144_L1 | N144_L1_O7,Why does diarrhea put a patient at risk for dehydration?,Water and electrolytes are reabsorbed in the LARGE INTESTINE. Diarrhea passes contents through too fast for that to happen.,"Same principle that governs stoma output — the colon reclaims water, so anything bypassing or rushing it leaves the water in the stool."
2565,1 - GI Assessment and Gastric,N144_L1 | N144_L1_O7,"Define the five blood terms: occult, melena, hematochezia, rectorrhagia, hematemesis.",OCCULT — not visible to the naked eye. MELENA — dark black tarry stool. HEMATOCHEZIA — fresh blood in or with stool. RECTORRHAGIA — rectal bleeding NOT associated with defecation. HEMATEMESIS — vomiting of blood.,Hematochezia vs rectorrhagia: both fresh blood from a distal source; whether it accompanies stool is the discriminator.
2566,1 - GI Assessment and Gastric,N144_L1 | N144_L1_O7,What does the COLOUR of GI blood tell you about the location of the bleed?,"Bright red — source close to an opening (esophagus or rectum), blood undigested. Black and tarry — blood travelled and was digested, so the source is higher up.",Hemoglobin breaks down in transit. Also explains coffee-ground emesis: hemoglobin oxidised to methemoglobin means the blood sat in the stomach.
2567,1 - GI Assessment and Gastric,N144_L1 | N144_L1_O4,"What is the order of abdominal assessment, and why is it different from every other system?","Inspection, AUSCULTATION, percussion, palpation. Auscultation comes early because manipulating the abdomen alters motility and gives an inaccurate read on bowel sounds.",Flagged NEED TO KNOW. From lecture she noted that in reality percussion vs palpation order matters less — but answer the standard sequence.
2568,1 - GI Assessment and Gastric,N144_L1 | N144_L1_O4,"What position is used for abdominal assessment, how does it differ from supine, and what position is used for rectal inspection?","DORSAL RECUMBENT — on the back with knees FLEXED, feet flat. Supine is flat with legs extended. Flexed knees relax the abdominal muscles. Rectal inspection uses LITHOTOMY or SIDE-LYING.",A tensed abdominal wall makes palpation useless — you cannot feel through guarded muscle.
2569,1 - GI Assessment and Gastric,N144_L1 | N144_L1_O4,"What is assessed on the lips, gums and tongue, what is the normal tongue finding, and what must be done first?","LIPS — colour, hydration, texture, symmetry, ulcerations, fissures. GUMS — inflammation, bleeding, retraction, discolouration, odour. TONGUE — texture, colour, lesions, symmetry. NORMAL: a thin white coat and a large ""V"" on the distal tongue. REMOVE DENTURES first.",Watch for viral and fungal infections and cancers.
2570,1 - GI Assessment and Gastric,N144_L1 | N144_L1_O1 | N144_L1_O4,What are the FIVE points of patient teaching for DENTURE care?,"Brush TWICE a day, and clean well UNDER partial dentures.
Cut nonsticky foods small, chew slowly.
Remove at NIGHT and soak in water or a denture product — NEVER hot water, it WARPS them.
Rinse the mouth with WARM SALT WATER morning, after meals, and at bedtime.
See a dentist regularly.","HOT WATER WARPS is the tested detail. A warped denture no longer fits, and an ill-fitting denture causes the weight loss that brings older adults in.

Note the two different liquids: dentures soak in COOL water or denture product; the MOUTH rinses with WARM SALT WATER. Students mix these up.

Dentures come OUT before any oral assessment — you cannot see the mucosa underneath, and that is where lesions and cancers hide."
2575,1 - GI Assessment and Gastric,N144_L1 | N144_L1_O5,"Compare the THREE stool tests: gFOBT, FIT, and stool DNA.","gFOBT — detects ANY blood. RESTRICTIONS: no red meat 3 days, no NSAIDs 7 days (false POSITIVES); no vitamin C 3-7 days (false NEGATIVES). Not done with hemorrhoidal bleeding.
FIT — detects HUMAN blood only. NO restrictions needed.
STOOL DNA — detects abnormal DNA from cancer or polyp cells PLUS occult blood. No restrictions. Every 3 YEARS.","The whole difference is specificity. gFOBT uses a chemical reaction that responds to any hemoglobin — including the steak you ate — so everything that could add blood or interfere must be held. FIT uses an antibody to HUMAN hemoglobin, so food cannot fool it.

Vitamin C is the opposite problem: it is an antioxidant that blocks the reaction, hiding real blood.

Stool DNA is the most sensitive and the least frequent, because it finds precancerous change rather than just bleeding."
2576,1 - GI Assessment and Gastric,N144_L1 | N144_L1_O5,"How does the urea breath test detect H. pylori, and what must be held first?","The patient swallows LABELLED UREA. H. pylori splits urea, so the labelled carbon comes back out as CO2 in the BREATH.
HOLD antibiotics and bismuth 1 MONTH, PPIs 2 WEEKS.","The test detects the organism's ACTIVITY. Those drugs suppress H. pylori without killing it — it stops splitting urea, so the test reads negative on a patient who is still infected."
2577,1 - GI Assessment and Gastric,N144_L1 | N144_L1_O5,"What is abdominal ultrasound good for, and what limits it?","GOOD FOR — detecting solid structures like GALLSTONES and masses. No radiation, no side effects, low cost, near-immediate results.
LIMITED BY — patient body type, bowel gas patterns, and operator experience.","It bounces sound off dense objects, so it excels at chunky things like stones. Gas scatters sound, which is why bowel gas is a limitation."
2578,1 - GI Assessment and Gastric,N144_L1 | N144_L1_O5,"What is an upper GI series — what does it show, and what is the prep and aftercare?","A live X-RAY (fluoroscopy) while the patient SWALLOWS BARIUM, following it through esophagus, stomach and duodenum.
SHOWS — ulcers, varices, tumours, regional enteritis, malabsorption; esophageal position and calibre, stomach motility, wall thickness, mucosal pattern, whether the pyloric valve opens.
PREP — low-residue or clear liquid, then NPO after midnight. NO SMOKING, NO GUM.
AFTER — FLUIDS to clear the barium; expect MILKY WHITE stool.","No smoking or gum because chewing and smoking both INCREASE GASTRIC SECRETIONS, which interfere with the images.

Fluids afterward because barium is chalk — it causes constipation and can impact if it is not moved through.

Milky white stool is expected and temporary. A patient who calls worried about it needs reassurance, not an ED visit. Compare CLAY-COLORED stool, which is gray and means biliary obstruction."
2579,1 - GI Assessment and Gastric,N144_L1 | N144_L1_O5,"What is an EGD, and what does the -OSCOPY ending tell you?","ESOPHAGOGASTRODUODENOSCOPY — a scope passed down to look at the ESOPHAGUS, STOMACH and DUODENUM. The name lists the three structures it visits.
-OSCOPY = scoping, a procedure to LOOK inside. Compare -OSTOMY = an OPENING.",GASTROSCOPY is the other endoscopic procedure on her slide — the name says stomach only. From lecture: gastroSCOPY is a procedure; gastroSTOMY is an opening.
2580,1 - GI Assessment and Gastric,N144_L1 | N144_L1_O5,"What is manometry, and what actually happens to the patient?",A thin tube with pressure sensors is passed through the NOSE into the esophagus. The patient lies ON THEIR SIDE and swallows sips of water while the sensors record how hard each part SQUEEZES and whether the bottom sphincter OPENS.,MANO- means pressure. Imaging shows the SHAPE of the tube; manometry shows what it is DOING — which is why motility problems are invisible on a still picture.
2582,1 - GI Assessment and Gastric,N144_L1 | N144_L1_O5,What are the FIVE things the nurse does BEFORE a GI imaging study?,"NPO 8 hours or after midnight.
Assess allergies to DYES, CONTRAST and SHELLFISH.
Remove all jewellery and metal before MRI.
BOWEL CLEANSE — the colon must be empty for colonoscopy.
Position on the LEFT SIDE for endoscopy, to clear pulmonary secretions and ease scope entry.","NPO because an empty stomach prevents aspiration during sedation AND lets the study visualize the mucosa.

The shellfish question is about IODINE in contrast dye. Ask it every time — an allergic reaction to injected contrast is anaphylaxis.

LEFT lateral for endoscopy: gravity drains secretions away from the airway while the patient is sedated and cannot protect it themselves."
2583,1 - GI Assessment and Gastric,N144_L1 | N144_L1_O5,What are the FOUR things the nurse does AFTER a GI imaging study?,"Confirm the GAG REFLEX has returned before ANYTHING by mouth.
Give WRITTEN discharge instructions when sedation was used.
Monitor for abdominal pain, DISTENTION, and rectal bleeding.
Teach that gas pain and flatulence are NORMAL from the insufflated air.","GAG REFLEX FIRST. The throat was anesthetized; without the reflex the patient cannot protect their airway and even ice chips can be aspirated.

WRITTEN instructions because sedation impairs memory — the patient will not remember what you said, no matter how alert they seem.

Pain, distention or bleeding means PERFORATION. Air pumped into the bowel to see it is also air that can escape through a hole."
2584,1 - GI Assessment and Gastric,N144_L1 | N144_L1_O8 | N144_L1_O6,"What is periodontal disease, who gets it, and what is it linked to?","Includes GINGIVITIS (inflamed gums). The MOST COMMON CAUSE OF TOOTH LOSS. Common over age 30; SMOKING increases risk.
LINKED TO — cardiovascular disease · diabetes · rheumatoid disease · premature birth · low birth weight · stroke.","The systemic links are why oral assessment is in a GI course at all. Chronic oral inflammation is a chronic inflammatory load on the whole body, and oral bacteria enter the bloodstream through inflamed gums.

The pregnancy links (premature birth, low birth weight) are the ones most often tested because they are least intuitive.

Practically: tooth loss leads to poor chewing, which leads to poor nutrition and weight loss — especially in older adults."
2585,1 - GI Assessment and Gastric,N144_L1 | N144_L1_O9,What are the FIVE nursing implications of oral cavity disease?,"1. Poor oral intake REDUCES SALIVA, so oral care must INCREASE — not decrease.
2. Use a SOFT bristle brush, or a gauze pad if brushing is not tolerated.
3. Encourage adequate FOOD INTAKE.
4. MINIMISE MOUTH PAIN.
5. Support positive SELF-IMAGE.","The counterintuitive one: when a patient stops eating, the instinct is to do less mouth care. Wrong. Chewing stimulates saliva, saliva protects the mouth, so not eating means a drier, more infection-prone mouth that needs MORE attention.

Minimise pain FIRST — a patient whose mouth hurts will not eat, and then you have both problems.

Self-image is on a clinical list because mouth disease affects speech, eating in front of others, and appearance."
2587,1 - GI Assessment and Gastric,N144_L1 | N144_L1_O3,"Define the five esophageal symptom terms: dysphagia, odynophagia, pyrosis, regurgitation, halitosis.",DYSPHAGIA — difficulty swallowing. ODYNOPHAGIA — painful swallowing. PYROSIS — heartburn. REGURGITATION — fullness behind the breastbone. HALITOSIS — bad breath.,"PYR = fire, as in funeral pyre and pyrotechnics. The addendum describes regurgitation and halitosis in those unusual terms; in lecture she called halitosis plainly bad breath."
2599,1 - GI Assessment and Gastric,N144_L1 | N144_L1_O8,"How is GERD TREATED — diet, positioning, drugs and surgery?","DIET — low fat, SMALL FREQUENT meals. AVOID caffeine, tobacco, beer, MILK, peppermint/spearmint, carbonated drinks, alcohol, licorice.
POSITION — nothing by mouth 2 HOURS before bed · sit upright 2-3 hours after meals · sleep with head elevated 6-8 INCHES, on the LEFT side.
DRUGS — H2 BLOCKERS (famotidine, cimetidine) · PPIs (omeprazole, esomeprazole) · SUCRALFATE, given BEFORE MEALS.
SURGERY — NISSEN FUNDOPLICATION.","MILK is the counterintuitive one — patients drink it to coat the stomach, but it briefly buffers then stimulates acid, and it is on the avoid list.

LEFT side because the stomach sits to the left; lying that way keeps the contents below the junction instead of pooling against it.

SUCRALFATE BEFORE MEALS because it coats the lining — it has to arrive before the food and acid do. Giving it with a meal leaves nothing to coat.

H2 blockers block ONE signal for acid. PPIs disable the PUMP itself, so suppression is more complete."
2605,1 - GI Assessment and Gastric,N144_L1 | N144_L1_O8,"CHRONIC GASTRITIS — what is it, what causes it, how does it present, how is it diagnosed?","PROLONGED inflammation with ATROPHY of gastric tissue. Ongoing, not self-limiting.
MOST COMMON CAUSES — gastric ULCERS or H. PYLORI.
PRESENTS — EARLY SATIETY, anorexia, sour taste, pain relieved by eating, and PERNICIOUS ANEMIA.
DIAGNOSED — ENDOSCOPY WITH BIOPSY (histologic exam) — definitive.","PERNICIOUS ANEMIA is the chain worth knowing cold: atrophy destroys PARIETAL cells → no INTRINSIC FACTOR → vitamin B12 cannot be absorbed → anemia. The patient needs B12 INJECTIONS, bypassing the gut.

Biopsy is definitive because the diagnosis is about the TISSUE. Looking through the scope shows inflammation; only histology shows atrophy and H. pylori.

EARLY SATIETY is the discriminator — the atrophied stomach cannot expand normally, so the patient feels full after a few bites."
2606,1 - GI Assessment and Gastric,N144_L1 | N144_L1_O9,How does the MEDICAL management of acute and chronic gastritis differ — and what is the same?,"SAME — both may use ANTACIDS, H2 BLOCKERS and PPIs.
ACUTE — the drugs are SUPPORTIVE while the mucosa repairs itself (about 1 day). Refrain from alcohol and food until symptoms subside, then a nonirritating diet. IV fluids and NG tube if needed.
CHRONIC — the drugs are ONGOING, and you TREAT THE CAUSE: H. pylori → PPI + antibiotics ± bismuth · NSAIDs → stop them · plus diet, rest, stress reduction, no alcohol.","Acute is REST THE STOMACH; chronic is REMOVE WHAT IS IRRITATING IT. Same acid suppressors either way — the difference is duration and whether you are also hunting the cause.

SURGERY is reserved for perforation or hemorrhage, or gastric resection for outlet obstruction that medical management cannot relieve."
2613,1 - GI Assessment and Gastric,N144_L1 | N144_L1_O9,"How is peptic ulcer disease TREATED — drugs, duration and surgery?","PPIs — 4-8 WEEKS to heal; maintenance 1 year if high risk.
H2 BLOCKERS — 6-8 WEEKS.
H. PYLORI QUADRUPLE THERAPY — bismuth + tetracycline + metronidazole + a PPI, 10-14 DAYS.
NSAID PROPHYLAXIS — a PPI, or MISOPROSTOL (pregnancy category X).
SURGERY — VAGOTOMY (cuts the vagus nerve to reduce acid stimulation), pyloroplasty, antrectomy, gastrojejunostomy, gastrectomy.
DIET — regular meals at REGULARLY PACED INTERVALS in a RELAXED setting; avoid NSAIDs, aspirin and alcohol.","Eradication matters because acid suppression alone treats the symptom while the cause persists — the ulcer recurs.

MISOPROSTOL replaces the protective prostaglandins NSAIDs strip away. Category X: it softens the cervix and causes contractions. Always ask about pregnancy.

DIET CONTRAST worth knowing: PUD is REGULAR meals; GERD and hiatal hernia are SMALL FREQUENT meals. She can test the difference.

VAGOTOMY works because the vagus nerve drives acid secretion — cut the signal, cut the acid."
2615,1 - GI Assessment and Gastric,N144_L1 | N144_L1_O9,"How does an upper GI hemorrhage present, and what does the volume tell you?","Bright red or COFFEE-GROUND emesis, or MELENA. Cool skin, confusion, tachycardia.
LARGE bleed (2,000-3,000 mL) is mostly VOMITED. SMALL bleed mostly passes as tarry stool.","Coffee grounds means the blood sat in the stomach long enough to be altered by acid. Faintness, dizziness and nausea may come BEFORE the visible bleeding — those are your earliest clue.

Gastritis and peptic ulcer are the two most common causes. Duodenal ulcer hemorrhage carries about 5% mortality."
2620,1 - GI Assessment and Gastric,N144_L1 | N144_L1_O9,What are the SIX things you ASSESS in a patient with gastritis or peptic ulcer disease?,"History and symptoms · dietary history looking for a PREDICTABLE TIME FOR PAIN · a 72-HOUR DIET DIARY · abdominal assessment and vital signs · medications, especially NSAIDs · signs of anemia or bleeding.",The predictable timing is what separates duodenal (2-3 hours after eating) from gastric (immediately after).
2624,1 - GI Assessment and Gastric,N144_L1 | N144_L1_O9 | N144_L3 | N144_L3_O9,What do you ASSESS and MONITOR in a patient on enteral feeding?,"BEDSIDE — tube placement · head of bed above 30 degrees · tolerance of formula and amount · signs of dehydration · signs of infection (FEVER).
LABS — BUN · serum protein · PREALBUMIN · electrolytes · kidney function · H&H · blood glucose. Plus I&O and weight.
GASTRIC RESIDUAL — NOT routine. Checked when INDICATED: distention, problems, or suspected pyloric stenosis.
FLUID RETENTION — elevated glucose · DECREASED urine output · SUDDEN weight gain · periorbital or dependent EDEMA.","The labs answer two different questions. IS IT WORKING? — prealbumin and serum protein, because prealbumin responds within days. IS IT HARMING? — electrolytes, glucose, BUN and kidney function.

GRV CONFLICT between your course materials: the knowledge check says routine measurement is NOT recommended and can clog tubes; the skills checklist uses a 500 mL threshold. The resolution taught in class: not routine, but done when there is a reason. For exam purposes, routine measurement is NOT recommended.

Formula is only 70-85% free water, so dehydration is the constant risk — but too much fluid with poor kidney function swings the other way."
2625,1 - GI Assessment and Gastric,N144_L1 | N144_L1_O9 | N144_L3 | N144_L3_O9,"What are the complications of enteral feeding, and what causes each?","ASPIRATION PNEUMONIA — improper tube placement, vomiting, lying flat.
DIARRHEA — hyperosmolar formula, rapid or bolus infusion, contamination.
TUBE OBSTRUCTION — inadequate flushing, poorly crushed medications.
CONSTIPATION — lack of fibre, inadequate fluid, immobility.
DEHYDRATION — hyperosmolar feeding with insufficient free water.
HYPERGLYCEMIA — glucose intolerance, high-carbohydrate formula.","Three of these trace to ONE fact: formula is only 70-85% water. Too concentrated for the fluid given, and you get diarrhea (water pulled INTO the gut), dehydration (not enough free water), and constipation (not enough fluid to soften stool).

ASPIRATION is the one that kills. Head of bed above 30 degrees, confirm placement, and STOP the feeding at the first respiratory sign — every response that continues feeding is wrong.

OBSTRUCTION is entirely preventable: flush before and after feeds, before and after each medication, every 4-6 hours, and whenever the feeding stops."
2628,1 - GI Assessment and Gastric,N144_L1 | N144_L1_O9,"Which disorders share PPIs and H2 blockers, and why the same drugs for all of them?","GERD, gastritis, and peptic ulcer disease — all three come from acid injuring tissue, so all three are treated by reducing acid","Durations differ: PPIs 4-8 weeks for ulcer healing, H2 blockers 6-8 weeks."
2629,1 - GI Assessment and Gastric,N144_L1 | N144_L1_O9,"What THREE teaching points are SHARED across GERD, hiatal hernia, gastritis and peptic ulcer disease?","Avoid alcohol, tobacco, caffeine and fatty foods · do not lie down after eating · maintain a healthy weight","Learn the shared core once, then only what differs: SMALL FREQUENT meals for GERD and hiatal hernia, but REGULAR meals for PUD — and the three different head-of-bed numbers."
2632,1 - GI Assessment and Gastric,N144_L1 | N144_L1_O3,"Decode these roots: -ostomy, -oscopy, PYR, stenosis, anorexia, emetogenic.","-OSTOMY = an opening (colostomy, ileostomy, nephrostomy; ""os"" as in per os / NPO). -OSCOPY = scoping, a procedure. PYR = fire or heat (pyrosis = heartburn). STENOSIS = narrowing (pyloric stenosis, stomal stenosis). ANOREXIA = lack of appetite from ANY cause, not the psychiatric disorder. EMETOGENIC = likely to cause vomiting.",She teaches by root word and said so explicitly — expect terminology to be tested this way. Hyperemesis gravidarum = excessive vomiting of pregnancy.
2742,1 - GI Assessment and Gastric,N144_L1 | N144_L1_O5,"What is the general rule for choosing a GI diagnostic test — structure, movement, or tissue?","STRUCTURE (where things are) — barium swallow, CT, MRI, ultrasound. MOVEMENT or RATE (how things work) — manometry, motility studies, pH monitoring. TISSUE (what the cells are doing) — endoscopy with biopsy.","Work out which question is being asked and the right test usually follows, rather than memorising a list per disorder."
2743,1 - GI Assessment and Gastric,N144_L1 | N144_L1_O4,"On percussion of the abdomen, what is the normal sound, and what does dullness in the left lower quadrant suggest?",HOLLOW is normal. DULL in the left lower quadrant suggests STOOL in the sigmoid colon.,"From lecture. Dullness elsewhere may indicate a mass, tumour or fluid. Percussion is done by tapping the JOINT of the finger pressed against the abdomen, and it is useful for detecting fluid and masses when equipment is limited."
2747,1 - GI Assessment and Gastric,N144_L1 | N144_L1_O4,What FOUR things does genetic testing identify risk for in a GI workup?,Gastric cancer · lactose deficiency · inflammatory bowel disease · colon cancer,Patients identified as at-risk may pursue genetic counselling.
2748,1 - GI Assessment and Gastric,N144_L1 | N144_L1_O5,"What is a GI motility study, how is it done, and what does it diagnose?",Measures how fast the stomach empties. The patient eats a meal TAGGED WITH A RADIONUCLIDE (typically scrambled eggs) and a scintiscanner follows it. Diagnoses GASTROPARESIS and DUMPING SYNDROME.,"Same logic as manometry — when the question is a RATE, you need a test that measures over time rather than a single image."
2750,1 - GI Assessment and Gastric,N144_L1 | N144_L1_O8 | N144_L1_O6,What are the RISK FACTORS for peptic ulcer disease?,"LIFESTYLE — chronic NSAID use · alcohol · smoking · dietary factors.
PERSONAL — excessive gastric acid secretion · familial tendency · BLOOD TYPE O · peak onset age 30-60.
CHRONIC DISEASE — COPD · liver cirrhosis · chronic kidney disease · autoimmune disorders.
STRESS ULCER specifically — burn, shock, sepsis, MODS, TBI, mechanical ventilation, from TISSUE ISCHEMIA.","BLOOD TYPE O is the one everyone forgets and she can easily ask.

The chronic diseases share a mechanism: each one either reduces mucosal perfusion or increases physiologic stress, and both thin the protective barrier.

STRESS ULCERS are why ICU patients get prophylaxis. It is not emotional stress — it is ischemia from a body prioritizing other organs."
2753,1 - GI Assessment and Gastric,N144_L1 | N144_L1_O8,"ACHALASIA — what is it, how does it present, how is it diagnosed and treated?","The lower esophageal sphincter FAILS TO RELAX, and the esophagus above has absent or ineffective PERISTALSIS — so food stops at the bottom and sits.
PRESENTS — dysphagia, hallmark DIFFICULTY WITH SOLID FOOD, sensation of food sticking LOW. Regurgitation, halitosis, noncardiac chest or epigastric pain, pyrosis, weight loss.
DIAGNOSED — X-RAY shows BIRD-BEAK deformity (dilation above the narrowed LES). Textbook: high-resolution MANOMETRY is the standard.
TREATED — DILATION (pneumatic), or surgery if severe. TEACH: eat slowly, DRINK FLUIDS WITH MEALS.","Two failures at once: the door will not open and the pusher is gone.

FLUIDS WITH MEALS is the teaching point — liquid forms a column whose WEIGHT forces the sphincter open. It is the only push left.

BIRD-BEAK = the esophagus dilated above a narrow tapered point where the sphincter sits. A barium swallow IS the x-ray that shows it.

TEXTBOOK ADDS: pneumatic dilation has a high success rate but more than one may be needed — only 25% are symptom-free at 10 years after a single dilation. Botulinum toxin injection works but over 60% relapse within a year. Smooth muscle relaxants (nitrates, calcium channel blockers, anticholinergics — achalasia only) reduce resting LES pressure.

DIAGNOSIS CONFLICT: her slide says x-ray; the textbook says manometry is the standard for all motility disorders. Answer the slide."
2754,1 - GI Assessment and Gastric,N144_L1 | N144_L1_O8,"ESOPHAGEAL SPASM — what is it, how does it present, how is it diagnosed and treated?","The esophageal muscle contracts in a DISORGANISED way instead of a coordinated wave — a clamp instead of a squeeze. Textbook calls it DISTAL ESOPHAGEAL SPASM (DES).
PRESENTS — dysphagia with SOLID food, pyrosis, regurgitation, CHEST PAIN.
DIAGNOSED — esophageal MANOMETRY.
TREATED — MUSCLE RELAXANTS and PROTON PUMP INHIBITORS.","Manometry rather than imaging because the problem is TIMING. A spasming esophagus can look normal on any single picture — you need pressure recorded over time to see contractions firing all at once instead of in sequence.

PPIs are given because the symptoms MIRROR GERD, so a PPI trial is reasonable, especially in DES. Muscle relaxants — nitrates, calcium channel blockers, sildenafil — reduce resting LES pressure and spasm. Patients ask why they are on a ""heart pill""; calcium channel blockers relax smooth muscle anywhere.

NOTE: her slide lists chest pain only under spasm, but the textbook says achalasia causes noncardiac chest pain too. Chest pain alone does not rule achalasia out.

Always rule out CARDIAC first."
2755,1 - GI Assessment and Gastric,N144_L1 | N144_L1_O8,"ZENKER DIVERTICULUM — what is it, how does it present, and what must you NEVER do?","A POUCH — outpouching of MUCOSA through the musculature. Zenker is the most common type.
PRESENTS — dysphagia, FULLNESS IN THE NECK, BELCHING, regurgitation, GURGLING noises, HALITOSIS.
DIAGNOSED — BARIUM SWALLOW or manometric studies.
NEVER insert an NG TUBE — it can enter the pouch and PERFORATE it.","The neck location is the whole card. Fullness and gurgling IN THE NECK happen with nothing else in this unit — the pouch is high, above the clavicle.

HALITOSIS because food sits and rots in the pouch. Regurgitation of undigested food hours later for the same reason.

The NG tube rule is the tested point. The tube follows the path of least resistance, which is into the pouch, and the pouch wall is thin. If an older patient reports neck gurgling and late regurgitation and someone orders an NG tube, you QUESTION THE ORDER."
2756,1 - GI Assessment and Gastric,N144_L1 | N144_L1_O8,What is Barrett esophagus?,The lining of the lower esophagus changes into a different type of tissue after years of acid exposure.,"The esophagus is lined with SQUAMOUS cells, which are not built for acid. The stomach is lined with COLUMNAR cells, which are. Under years of reflux the esophagus swaps its lining for the acid-resistant kind.

That sounds protective, and in a sense it is — but cells that have already changed once are unstable, and this is the ONLY known precursor to esophageal ADENOCARCINOMA.

Risk profile: white men 50 and older with a family history. Diagnosed on BIOPSY, because you cannot see a cell type — you have to sample it."
2757,1 - GI Assessment and Gastric,N144_L1 | N144_L1_O8,"HIATAL HERNIA — what is it, the two types, how does it present, how is it managed?","The diaphragm opening the esophagus passes through has WIDENED, letting part of the stomach slide into the chest.
AXIAL (sliding) — the GE junction MOVES up. PARAESOPHAGEAL — the fundus displaces up, junction STAYS. Types I-IV = progressively more stomach herniating.
PRESENTS — worse BENDING AT THE WAIST. Often ASYMPTOMATIC, and reflux is usually ABSENT.
MANAGED — only if SYMPTOMATIC; surgery usually laparoscopic. TEACH: small frequent meals · do not recline for 1 HOUR after eating · elevate head of bed 4-8 inches · advance diet slowly post-op.","Confirmed by BARIUM SWALLOW; manometry can also be used.

""Reflux is not usually present"" is the tested discriminator — students assume hernia means heartburn. Many hernias are found incidentally and need no treatment at all.

BENDING AT THE WAIST is the trigger because it physically pushes stomach contents up through an opening that no longer holds them.

HEAD OF BED CONFLICT: this slide says 4-8 inches, the GERD slide says 30 degrees, the textbook says 6-8 inches and left side. Ask her which she wants."
2758,1 - GI Assessment and Gastric,N144_L1 | N144_L1_O8,"GERD — what is it, what causes it, how does it present, how is it diagnosed?","Stomach contents flow BACKWARD into the esophagus often enough or long enough to injure the lining.
CAUSED BY — incompetent LOWER ESOPHAGEAL SPHINCTER · pyloric stenosis · hiatal hernia · a motility disorder.
PRESENTS — PYROSIS (heartburn) + REGURGITATION together are the hallmark. Also dyspepsia, dysphagia, sour taste.
DIAGNOSED — pH MONITORING is the gold standard.","pH monitoring rather than endoscopy because GERD is defined by ACID EXPOSURE OVER TIME, not appearance — the esophagus can look completely normal in significant reflux. Endoscopy is for finding complications like Barrett.

RISK FACTORS she listed: increases with age, and associated with IBS, obstructive airway disease (asthma, COPD, cystic fibrosis), Barrett esophagus, PUD, angina. Also tobacco, coffee, alcohol, H. pylori.

Long-term untreated GERD causes BARRETT ESOPHAGUS — a cell-type change that is the only known precursor to esophageal adenocarcinoma."
2759,1 - GI Assessment and Gastric,N144_L1 | N144_L1_O8,"ACUTE GASTRITIS — what is it, what causes it, how does it present, how long does it last?","The stomach's protective lining is disrupted, so its own acid injures the tissue underneath. RAPID onset, SELF-LIMITING, recovery 1-3 DAYS, NO permanent tissue change.
MOST COMMON CAUSE — DIETARY INDISCRETION.
THREE CLASSIFICATIONS — EROSIVE (aspirin, NSAIDs, corticosteroids, alcohol, radiation; severe form from strong acid or alkali) · NONEROSIVE (H. pylori) · STRESS-RELATED (burns, sepsis, poor perfusion, surgery, TBI, ventilation).
PRESENTS — epigastric pain, nausea, vomiting, and HICCUPS.","HICCUPS are the discriminator — essentially unique to acute gastritis among the acid disorders.

STRESS-RELATED gastritis comes from TISSUE ISCHEMIA: when perfusion drops, the mucosal barrier cannot be maintained. That is why burn, shock and sepsis patients get prophylaxis.

COMPLICATIONS — perforation · hemorrhage · scarring · PYLORIC STENOSIS · tissue atrophy. The scarring pathway is how repeated ulceration near the pylorus eventually blocks the outlet."
2760,1 - GI Assessment and Gastric,N144_L1 | N144_L1_O8,"PEPTIC ULCER — what is it, where, what causes it, how does it present and get diagnosed?","An open CRATER eroded into the wall of the stomach or duodenum where acid has eaten through the lining.
MOST COMMON SITE — the DUODENUM. MOST COMMON CAUSE — H. PYLORI.
PRESENTS — dull GNAWING or burning pain in the MIDEPIGASTRIUM, sour eructation, heartburn, vomiting of UNDIGESTED FOOD that RELIEVES the pain. A SILENT ulcer has no symptoms and first appears as a complication.
DIAGNOSED — upper ENDOSCOPY with histologic exam · UREA BREATH TEST for H. pylori.","SILENT ULCER is the tested concept — especially in older adults and NSAID users, whose first presentation may be hemorrhage or perforation. That is why ""no pain"" never rules it out.

Vomiting RELIEVING the pain distinguishes it from pancreatitis, where vomiting relieves nothing.

Duodenum over stomach because the duodenum receives the acid load without the stomach's own mucus protection."
2761,1 - GI Assessment and Gastric,N144_L1 | N144_L1_O8,"What is gastric outlet obstruction, and what is the priority action?","The exit from the stomach has narrowed with SCAR TISSUE, so food cannot get out. Everything backs up — nausea and vomiting, epigastric FULLNESS, constipation, later WEIGHT LOSS.
PRIORITY — NG tube to DECOMPRESS. Aspirate over 400 mL confirms it.","An ulcer near the pylorus heals, breaks down, heals again. Every cycle lays down scar tissue, and scar tissue CONTRACTS. Eventually the channel is too narrow to pass food.

PUD causes about 37% of BENIGN cases — but MALIGNANCY is the leading cause overall, so a new obstruction is never assumed to be the ulcer. Decompression plus fluid and electrolyte correction may avoid surgery."
2762,1 - GI Assessment and Gastric,N144_L1 | N144_L1_O8,"What is the difference between ulcer PERFORATION and PENETRATION, and what happens after a perforation?","Both are an ulcer eating all the way through the wall. PERFORATION breaks into OPEN SPACE; PENETRATION burrows into the ORGAN BEHIND it.
AFTER PERFORATION — CHEMICAL peritonitis within HOURS, then BACTERIAL peritonitis. Can progress to sepsis and multiorgan failure.","Chemical first because stomach acid and enzymes hit the peritoneum immediately — that is what causes the sudden severe pain and the rigid abdomen. Bacterial follows as gut organisms multiply in the spilled contents.

PENETRATION most often goes into the PANCREAS, which is retroperitoneal — so the pain goes THROUGH TO THE BACK and the patient's usual acid medication stops working.

Neither one typically bleeds much, because bleeding requires hitting a vessel. That is a separate complication."
2763,1 - GI Assessment and Gastric,N144_L1 | N144_L1_O8,"What is esophageal perforation, and why is it an emergency?","A hole through the esophageal wall, letting contents leak into the chest.","Unlike the stomach, the esophagus sits in the MEDIASTINUM — outside the peritoneum, among the heart, great vessels and lungs. A leak there contaminates the chest, not the abdomen.

That is why the pain is EXCRUCIATING and RETROSTERNAL rather than abdominal, and why SUBCUTANEOUS EMPHYSEMA appears — air escaping the esophagus tracks into the surrounding tissue and you can feel it crackle under the skin.

Requires IMMEDIATE surgery and antibiotics. NPO post-operatively so nothing else goes down the leaking tube."
2764,1 - GI Assessment and Gastric,N144_L1 | N144_L1_O9 | N144_L3 | N144_L3_O9,What is dumping syndrome?,"A concentrated feeding hits the small intestine too fast, and water is pulled out of the bloodstream into the bowel to dilute it.","This is osmosis. The body keeps GI contents near 300 mOsm/kg. Deliver something far more concentrated than that, and water moves from wherever it is — including the blood vessels — into the gut to even it out.

Two consequences at once. The water arriving in the bowel is the OSMOTIC DIARRHEA and cramping. The water LEAVING the circulation is why blood pressure falls and heart rate rises — the patient is losing circulating volume into their own intestine.

Prevention follows directly: start at a LOW rate and advance SLOWLY, so the intestine has time to adapt rather than being hit with a concentrated bolus.

Also called VAGOTOMY SYNDROME, because cutting the vagus nerve for ulcer disease causes the same thing."
2765,1 - GI Assessment and Gastric,N144_L1 | N144_L1_O8,What is pyloric stenosis?,"Narrowing of the channel out of the stomach.

-COMPLICATION of acute or severe gastritis
-cause of excessive reflux in GERD (contents cannot leave the stomach, so pressure pushes them upward instead)
-what gastric outlet obstruction becomes.","STENOSIS means narrowing, anywhere in the body. The PYLORUS is the stomach's exit.

It shows up in this unit in three places, which is why it is confusing: as a COMPLICATION of acute gastritis, as a cause of excessive reflux in GERD (contents cannot leave the stomach, so pressure pushes them upward instead), and as what gastric outlet obstruction becomes.

Also occurs congenitally in infants, where it is the classic cause of projectile vomiting."
2777,1 - GI Assessment and Gastric,N144_L1 | N144_L1_O5,Which DIAGNOSTIC TEST goes with which upper GI disorder?,"BARIUM SWALLOW — hiatal hernia (confirms it) · Zenker diverticulum · esophageal perforation · achalasia (bird's beak).
MANOMETRY — esophageal SPASM (definitive); also achalasia, Zenker, hiatal hernia.
pH MONITORING — GERD (gold standard).
ENDOSCOPY WITH BIOPSY — gastritis · peptic ulcer · Barrett esophagus.","The test follows the question you are asking.
STRUCTURE (what shape is it?) → barium or imaging.
MOTILITY (is it moving right?) → manometry, because you need pressure over time, not a picture.
ACID EXPOSURE (how much, how long?) → pH monitoring.
TISSUE (what are the cells doing?) → biopsy, because looking cannot tell you cell type.

That is why Barrett needs biopsy — the change is invisible to the scope — and why GERD is not diagnosed by endoscopy: the esophagus can look normal in significant reflux."
2785,1 - GI Assessment and Gastric,N144_L1 | N144_L1_O7,"What FIVE symptoms are SHARED by GERD, hiatal hernia, gastritis and peptic ulcer disease — and therefore separate nothing?",Pyrosis (heartburn) · epigastric pain · dyspepsia · nausea and vomiting · regurgitation,"All four are acid touching tissue that is not built for it, so they present alike. If a question gives you only these, it has not told you which condition it is — look for the DISCRIMINATOR instead."
2786,1 - GI Assessment and Gastric,N144_L1 | N144_L1_O7,"What is the ONE discriminator for each: GERD, hiatal hernia, acute gastritis, chronic gastritis?","GERD — PYROSIS + REGURGITATION together are the HALLMARK.
HIATAL HERNIA — worse BENDING AT THE WAIST, and reflux usually ABSENT.
ACUTE GASTRITIS — HICCUPS, rapid onset after dietary indiscretion.
CHRONIC GASTRITIS — EARLY SATIETY and PERNICIOUS ANEMIA.",Each of these appears in essentially one condition. Everything else on their symptom lists is shared.
2787,1 - GI Assessment and Gastric,N144_L1 | N144_L1_O7,Two patients have epigastric pain related to meals. What single feature tells you duodenal from gastric ulcer?,"TIMING. Duodenal — 2-3 HOURS after eating, wakes them at night, RELIEVED by eating. Gastric — IMMEDIATELY after eating.","Food buffers acid in the stomach first, so a duodenal ulcer feels better when you eat and hurts once the acid empties down. A gastric ulcer has food landing directly on the lesion.

Careful: CHRONIC GASTRITIS is also relieved by eating. What separates it is the 2-3 hour delay and the night waking, which belong to the duodenal ulcer."
2790,1 - GI Assessment and Gastric,N144_L1 | N144_L1_O7,"A patient with a known ulcer deteriorates. Which single finding points to hemorrhage, perforation, and gastric outlet obstruction?","HEMORRHAGE — coffee-ground or bright red emesis, or melena; cool skin and confusion.
PERFORATION — RIGID BOARDLIKE abdomen with shoulder pain.
OBSTRUCTION — VOMITING with epigastric FULLNESS; NG aspirate over 400 mL.","All three can cause pain and vomiting. The discriminators are BLOOD (hemorrhage), RIGIDITY (perforation), and RETAINED VOLUME (obstruction).

PENETRATION is the quiet fourth — back pain that no longer responds to the medication that used to work."
2792,1 - GI Assessment and Gastric,N144_L1 | N144_L1_O9,What are the SIX nursing actions for an active upper GI bleed?,"1. VITAL SIGNS — tachycardia, hypotension, tachypnea.
2. H&H.
3. TEST STOOL for blood.
4. HOURLY urine output.
5. NG TUBE — four reasons: distinguish fresh blood from coffee grounds · lavage out clots and acid · decompress the stomach · monitor whether bleeding continues.
6. PREPARE FOR HEMORRHAGIC SHOCK — fluids and blood products.","HEART RATE FIRST. It rises before blood pressure falls, because the body compensates. If you wait for the pressure, you are already behind.

HOURLY URINE because the kidneys take 20-25% of cardiac output and feel a volume drop before pressure changes. Under 30 mL/hr is a warning.

H&H can look NORMAL early in an acute bleed — plasma and cells are lost together, so the concentration has not changed yet. A normal H&H does not rule out significant hemorrhage.

The NG returns shifting from bright red toward coffee-ground means bleeding is SLOWING."
2993,1 - GI Assessment and Gastric,N144_L4 | N144_L4_O4 | N144_L3 | N144_L3_O4 | N144_L1 | N144_L1_O7,"Which four conditions in this unit present with a RIGID BOARDLIKE abdomen, and what does it always mean?","Perforated ULCER · perforated APPENDIX · severe PANCREATITIS · ruptured GALLBLADDER.
It always means PERITONITIS — acid, enzymes or bacteria on the peritoneum.","Any time you get a rigid boardlike abdomen, that means PERITONITIS. The abdominal muscles clamp involuntarily over an inflamed peritoneum — it is a reflex, not something the patient chooses.

It is a surgical emergency regardless of the source, because the underlying problem is that something corrosive or infectious has entered a normally sterile cavity.

The four sources differ in WHAT spilled: stomach acid (perforated ulcer), bacteria-laden stool (perforated appendix), digestive enzymes (pancreatitis), or bile (ruptured gallbladder)."
3044,1 - GI Assessment and Gastric,N144_L1 | N144_L1_O5,"What is a gastric analysis, and which four conditions does it help diagnose?","An NG tube aspirates stomach contents every 15 minutes for an hour to measure how much ACID the mucosa secretes.
PERNICIOUS ANEMIA — NO acid, even after stimulation.
GASTRIC CANCER or severe atrophic gastritis — little or no acid.
GASTRIC ULCER — some acid.
DUODENAL ULCER — EXCESS acid.","TEXTBOOK. Often paired with the gastric acid STIMULATION test — histamine or pentagastrin given subcutaneously; warn the patient it may cause FLUSHING, and monitor BP and pulse for hypotension.

The pattern makes sense from what you know: no parietal cells means no acid (pernicious anemia); the duodenal ulcer is an acid-excess disease."
2636,2 - Hepatic,N144_L2 | N144_L2_O1,"Describe the liver: size, location, lobes, and functional units.","Largest gland in the body. Behind the ribs in the UPPER RIGHT abdomen. 1,200-1,500 g. FOUR lobes, divided into functional units called LOBULES.","SIZE — largest gland because it has the most jobs: metabolism, detoxification, synthesis, storage.
UPPER RIGHT, BEHIND RIBS — protected by the rib cage; why you lie on the RIGHT after biopsy and why RUQ pain means liver or gallbladder.
1,200-1,500 g — about 3 pounds.
FOUR LOBES, LOBULES — lobules are the functional units, each built around a central vein with sinusoids radiating out. Cirrhosis destroys this architecture, which is why blood cannot flow through.
REGENERATES — the only organ that regrows; you can donate part and it grows back. This is also why hepatitis can fully resolve — until repeated injury turns regeneration into scar."
2637,2 - Hepatic,N144_L2 | N144_L2_O1,"Trace the liver's dual blood supply: the two sources, their proportions, and where blood goes after.","80% from the PORTAL VEIN — drains the GI tract, nutrient-rich but lacks oxygen. 20% from the HEPATIC ARTERY — oxygen-rich. Both join in the SINUSOIDS, which empty into central veins → hepatic vein → inferior vena cava.","PORTAL VEIN 80% — collects blood from the entire GI tract, spleen, and pancreas. Nutrient-rich because it just absorbed a meal; oxygen-poor because the gut already used it. This is why everything you absorb — food, drugs, toxins, bacteria — hits the liver FIRST.
HEPATIC ARTERY 20% — branches off the aorta; delivers the oxygen the liver cells need to do their work.
SINUSOIDS — leaky capillaries where the two supplies mix and liver cells pull out what they need and add what they made.
CENTRAL VEINS → HEPATIC VEIN → VENA CAVA — the exit. Block flow anywhere in the liver and pressure backs up the portal vein: PORTAL HYPERTENSION."
2638,2 - Hepatic,N144_L2 | N144_L2_O1,What are Kupffer cells and what do they do?,Phagocytic cells in the liver — the most common phagocyte in the body. They engulf particulate matter such as bacteria entering via the portal blood.,"PHAGOCYTIC — they eat things. Kupffer cells line the sinusoids and engulf bacteria, dead cells, and debris.
WHY THE LIVER — portal blood arrives straight from the gut carrying bacteria that crossed the intestinal wall. Kupffer cells are the filter that stops them reaching systemic circulation.
IN CIRRHOSIS — blood bypasses the sinusoids through shunts, so bacteria skip the filter. That is why cirrhotics get spontaneous bacterial peritonitis and sepsis.
Part of the mononuclear phagocyte system with spleen, marrow, lymph nodes, lungs."
2639,2 - Hepatic,N144_L2 | N144_L2_O1,Name the EIGHT metabolic functions of the liver.,Glucose metabolism · ammonia conversion · protein metabolism · fat metabolism · vitamin and iron storage · bile formation · bilirubin excretion · drug metabolism,"Every complication is one of these failing:
GLUCOSE — stores as glycogen, releases between meals. Fails → fasting hypoglycemia, post-meal spikes it cannot buffer.
AMMONIA → UREA — protein breakdown makes ammonia; liver converts it so kidneys can excrete it. Fails → ammonia reaches the brain: ENCEPHALOPATHY.
PROTEIN — makes albumin (holds fluid in vessels) and clotting factors (using vitamin K). Fails → ASCITES and edema; BLEEDING.
FAT — breaks fat into fatty acids for emergency fuel. Fails → fatty liver.
VITAMINS AND IRON — stores A, B, D, iron, copper. Fails → deficiencies.
BILE — makes it for fat digestion. Fails → fat malabsorption, steatorrhea, fat-soluble vitamin loss.
BILIRUBIN — conjugates it so it can leave in bile. Fails → JAUNDICE.
DRUGS — metabolizes them, determining half-life. Fails → drugs accumulate; doses must be REDUCED."
2640,2 - Hepatic,N144_L2 | N144_L2_O1,"What does the liver do with glucose, ammonia, and protein?","GLUCOSE — converts it to glycogen for storage, releases as needed. AMMONIA — protein breakdown to amino acids releases ammonia; the liver converts it to UREA for urinary excretion. PROTEIN — synthesises plasma proteins (ALBUMIN) and, using vitamin K, PROTHROMBIN and clotting factors.","Flip each function to get the complication:
GLUCOSE — with decreased glycogen reserves and decreased gluconeogenesis, FASTING causes HYPOGLYCEMIA, while a meal produces a SPIKE the liver cannot buffer. Both directions fail.
AMMONIA — not converted, so it reaches the brain: ENCEPHALOPATHY. Ammonia comes from dietary protein, gut bacteria, and BLOOD IN THE GI TRACT (blood is protein) — which is why a GI bleed tips a cirrhotic into encephalopathy.
ALBUMIN — not made, so fluid leaves the vessels: ASCITES and EDEMA.
CLOTTING FACTORS — not made, so the patient BLEEDS and PT is prolonged. Vitamin K is needed to build them, and vitamin K is fat-soluble, so no bile also means no vitamin K absorbed. Two hits.

ALBUMIN AND CLOTTING FACTORS ARE TWO SEPARATE PRODUCTS — albumin has nothing to do with clotting."
2641,2 - Hepatic,N144_L2 | N144_L2_O1,"What does the liver do with fat, vitamins, bile, bilirubin, and drugs?","FAT — breaks fats into fatty acids as emergency fuel. VITAMINS — stores A, B, D, plus iron and copper. BILE — produces it for digestion. BILIRUBIN — conjugates the pigment from blood breakdown so it can move into bile. DRUGS — liver function determines medication HALF-LIFE.","FAT → FATTY ACIDS — when glucose runs out, the liver breaks fat into fatty acids and ketones for fuel. Failure: fat accumulates in the liver instead — fatty liver.
STORES A, B, D, IRON, COPPER — a reserve to draw on. Failure: deficiency; A causes night blindness, D bone loss, B12 anemia.
BILE — made from cholesterol and bilirubin, stored in the gallbladder, released to emulsify fat. Failure: fat not digested — steatorrhea, and fat-soluble vitamins (A, D, E, K) lost with it.
BILIRUBIN — conjugated so it dissolves and leaves in bile. Failure: backs up into blood — JAUNDICE.
DRUG HALF-LIFE — the liver breaks drugs down; how fast determines how long they last. Failure: drugs accumulate; a normal dose becomes an overdose. DOSES MUST BE REDUCED."
2642,2 - Hepatic,N144_L2 | N144_L2_O1,"Where does bilirubin come from, how does it travel before and after the liver, and which form appears in urine?","A byproduct of HEMOLYSIS — the SPLEEN breaks down old red cells (90-120 days) and the heme becomes bilirubin.
BEFORE the liver — UNCONJUGATED (indirect), FAT-SOLUBLE, bound to ALBUMIN as a carrier.
AFTER the liver — CONJUGATED (direct), WATER-SOLUBLE, no longer albumin-bound, excreted into bile.
CONJUGATED is what appears in URINE.","The SPLEEN creates bilirubin; the LIVER processes it. Students reverse this.

Unconjugated cannot enter urine because it is stuck to albumin — a protein too large to pass the kidney filter. Conjugated is free and water-soluble, so it can.

That is why bilirubin in the urine ALWAYS means it already passed through the liver, and is therefore always abnormal: bilirubin's normal exit is bile → intestine → stool, not blood → kidney.

""Direct and indirect, conjugated and unconjugated — two words for the same two things, not four different things."""
2644,2 - Hepatic,N144_L2 | N144_L2_O4,"What is the normal serum bilirubin, and at what level does jaundice appear?",TEXTBOOK: jaundice becomes clinically evident above 2.0 mg/dL. Normal direct bilirubin 0.1-0.4 mg/dL; normal total 0.3-1.0 mg/dL.,"JAUNDICE ABOVE 2.0 mg/dL — below that, bilirubin is elevated but not visible; above it, tissue staining becomes clinically evident. First seen in the SCLERA because the white background shows yellow earliest.
DIRECT 0.1-0.4 — conjugated, the small fraction normally in transit to bile.
TOTAL 0.3-1.0 — direct plus indirect; most circulating bilirubin is normally unconjugated, on its way to the liver.
Her slide: normal 0.2-1.3, jaundice above 2.5. Different sources, same principle. Use the textbook numbers."
2648,2 - Hepatic,N144_L2 | N144_L2_O2,What are the SEVEN categories of liver function studies she listed?,"1. SERUM AMINOTRANSFERASES — AST, ALT, GGT, GGTP, LDH.
2. SERUM PROTEIN studies.
3. PIGMENT studies — direct and indirect bilirubin, urine bilirubin, urobilinogen.
4. PROTHROMBIN TIME.
5. SERUM ALKALINE PHOSPHATASE.
6. SERUM AMMONIA.
7. CHOLESTEROL.","AMINOTRANSFERASES (AST, ALT) — enzymes inside liver cells; they leak into blood when cells are damaged. ALT is liver-specific; AST also rises with heart, muscle, kidney.
GGT, GGTP — rise with cholestasis and alcohol; confirm a high alkaline phosphatase is hepatic.
LDH — nonspecific cell damage marker.
PROTEIN STUDIES — albumin and globulin; the liver MAKES albumin, so it falls in chronic disease and the A/G ratio reverses.
PIGMENT STUDIES — direct (conjugated), indirect (unconjugated), urine bilirubin, urobilinogen; which one is up tells you WHERE the bilirubin chain broke.
PROTHROMBIN TIME — the liver makes clotting factors; prolonged PT means it has stopped. A synthetic function marker.
ALKALINE PHOSPHATASE — made in bile duct lining; rises with obstruction.
AMMONIA — the toxin in encephalopathy; checked daily once suspected.
CHOLESTEROL — up in biliary obstruction (bile carries cholesterol out), down in parenchymal disease (liver makes it).
If a value is HIGH, you may need to LIMIT which medications you give — the liver cannot clear them."
2649,2 - Hepatic,N144_L2 | N144_L2_O2,"Which liver enzyme is LIVER-SPECIFIC, and which one is not?","ALT is LIVER-SPECIFIC — used to monitor hepatitis, cirrhosis and hepatotoxic treatment.
AST is NOT — it also rises with damage to HEART, SKELETAL MUSCLE and KIDNEY.","ALT — found almost exclusively in liver cells. When they are damaged it leaks into blood. Used to track hepatitis, cirrhosis, and drug toxicity because a rise means the liver specifically.
AST — found in liver, but ALSO in heart, skeletal muscle, and kidney. An MI, a crush injury, or rhabdomyolysis raises AST. So an isolated AST rise does not localize; you need ALT to confirm the liver.
Her review: ""ALT is liver."""
2650,2 - Hepatic,N144_L2 | N144_L2_O2,What do the protein studies and prothrombin time tell you about the liver?,"Proteins are MANUFACTURED by the liver. ALBUMIN is affected in cirrhosis, chronic hepatitis, edema and ascites. The A/G RATIO is REVERSED in chronic liver disease (albumin down, globulin up). PT/INR is PROLONGED in liver disease — an indicator of synthetic hepatic function.","ALBUMIN — the liver makes it; falls in chronic disease because production stops. Low albumin = no oncotic pull = fluid leaves vessels = EDEMA and ASCITES.
A/G RATIO REVERSED — albumin (made by liver) falls while globulins (made by immune system) rise with chronic inflammation. Normal ratio is albumin higher; reversed means globulin higher.
PT/INR PROLONGED — the liver makes prothrombin and factors II, VII, IX, X using vitamin K. No production = slow clotting = long PT. This is a SYNTHETIC marker: it measures whether the liver is still building things, not whether it is damaged.
Both trace to one failure: the liver has stopped making proteins."
2651,2 - Hepatic,N144_L2 | N144_L2_O2,What are the FIVE imaging and diagnostic studies used for the liver?,Ultrasound · Computed Tomography (CT) · Magnetic Resonance Imaging (MRI) · Endoscopy · LIVER BIOPSY,"ULTRASOUND — first for anything structural; no radiation, cheap, immediate. Excellent for gallstones, ascites, liver size.
CT — cross-sectional detail; masses, abscesses, extent of cirrhosis.
MRI — soft tissue detail without radiation; characterizes masses CT cannot.
ENDOSCOPY — the only way to SEE varices, and to treat them (banding, sclerotherapy). Cirrhotics get it every 2 years.
LIVER BIOPSY — the only way to know what the CELLS are doing; grades inflammation and fibrosis. Highest risk because it punctures an organ that cannot clot."
2652,2 - Hepatic,N144_L2 | N144_L2_O2,"How is the patient positioned for a liver biopsy, and how afterward — and why?",FOR the procedure: SUPINE or LEFT LATERAL. AFTER: on the RIGHT SIDE.,"SUPINE or LEFT LATERAL for the procedure — brings the liver forward and to the right, against the ribs, giving the needle a clear path between them.
RIGHT SIDE after — the liver is on the right; lying on it compresses the puncture site against the rib cage and seals it. Several hours, no coughing or straining.
The two get confused: left for the needle, right for the healing."
2653,2 - Hepatic,N144_L2 | N144_L2_O2,What are the FIVE things that must be done BEFORE a liver biopsy?,"Informed consent · review PT, PTT and PLATELET COUNT · ensure compatible donor blood is available · vital signs · explain the procedure","INFORMED CONSENT — invasive procedure with real bleeding risk.
PT, PTT, PLATELETS — the liver makes clotting factors and the spleen is destroying platelets; you are about to puncture an organ in a patient who may not be able to clot. If these are abnormal, vitamin K or platelets may be given first.
COMPATIBLE BLOOD AVAILABLE — if bleeding occurs it can be fast and internal; there is no time to type and cross afterward.
VITAL SIGNS — the baseline you compare against afterward; without it a rising heart rate means nothing.
EXPLAIN THE PROCEDURE — the patient must hold their breath at end-expiration during the needle pass so the liver does not move; they need to know that in advance."
2654,2 - Hepatic,N144_L2 | N144_L2_O3,"Define hepatitis, and name its two broad categories with their causes.","Inflammation of liver cells with NECROSIS. SYSTEMIC — the patient feels it body-wide, not just in the abdomen.
INFECTIOUS causes: the viruses A, B, C, D, E (plus G and GB virus-C).
TOXIC causes: chemicals and poisons, and DRUG-INDUCED.","-ITIS = inflammation. Inflammation is not the same as infection: a virus can cause it, but so can a toxin, a drug, alcohol, or an autoimmune attack. Only the infectious category involves an organism.

VIRAL hepatitis specifically is a systemic viral INFECTION — that is where the word comes from, and it does not apply to the drug-induced or toxic forms.

DRUG-INDUCED is over 50% of acute liver failure, with ACETAMINOPHEN the leading cause: the liver metabolizes it into a toxic byproduct and at high doses runs out of the antioxidant needed to neutralize it, so the byproduct kills hepatocytes. May reverse if the drug is stopped early, or require transplant. ISONIAZID resembles viral hepatitis at onset."
2655,2 - Hepatic,N144_L2 | N144_L2_O4,Compare the THREE phases of hepatitis — timing and discriminating findings.,"PRE-ICTERIC (1-3 weeks before jaundice) — fatigue, anorexia, TASTE AND SMELL CHANGES, JOINT PAIN, flu-like, low-grade fever, weight loss. AST/ALT and urinary bilirubin up.
ICTERIC (2-6 weeks) — begins with JAUNDICE. RUQ discomfort from liver enlargement, dark urine, CLAY stools, pruritus, DIRECT bilirubin up.
POST-ICTERIC (2-12 weeks) — recovery, but CONTINUED MALAISE and easily fatigued.","PRE-ICTERIC — the virus is replicating and the immune system is activating, but the liver is not yet failing. FATIGUE, ANOREXIA, FLU-LIKE, LOW FEVER: systemic immune response. TASTE AND SMELL CHANGES: an oddly specific early sign. JOINT PAIN: immune complexes depositing. AST/ALT UP: cells already leaking enzymes. URINARY BILIRUBIN UP: the liver is starting to fall behind.
ICTERIC — liver cells are now damaged enough that bilirubin backs up. JAUNDICE appears. RUQ DISCOMFORT: the inflamed liver swells and stretches its capsule. DARK URINE, CLAY STOOL, PRURITUS: the obstructive picture, because the swollen liver blocks its own ducts. DIRECT BILIRUBIN UP: conjugated, backing up after the liver.
POST-ICTERIC — the virus is cleared and cells regenerate, but recovery is slow. MALAISE, FATIGUE for weeks to months because the liver is rebuilding.
Titers stay positive forever — the immune system remembers."
2660,2 - Hepatic,N144_L2 | N144_L2_O3,"Hepatitis A: transmission, incubation, duration, presentation, prevention?","FECAL-ORAL, hand-to-mouth contact. Incubation 15-50 days. Illness 4-8 weeks. Mild FLU-LIKE symptoms, low grade fever, anorexia, then jaundice and urine colour change; HEPATOMEGALY and SPLENOMEGALY. PREVENT with handwashing, safe water, VACCINE, and immunoglobulin for exposed contacts.","FECAL-ORAL — the virus is shed in stool and enters by mouth; contaminated food, water, hands. Restaurants and food handlers are a real source.
INCUBATION 15-50 DAYS — time from exposure to symptoms.
ILLNESS 4-8 WEEKS — it is self-limiting; the immune system clears it.
FLU-LIKE, LOW FEVER, ANOREXIA — the pre-icteric prodrome of any hepatitis.
JAUNDICE and URINE COLOR CHANGE — the icteric phase: liver cells damaged, bilirubin backing up, going out in urine.
HEPATOMEGALY, SPLENOMEGALY — the liver swells with inflammation; the spleen enlarges with immune activity.
HANDWASHING, SAFE WATER — break the fecal-oral route.
VACCINE — for prevention; children are immunized because they spread it readily.
IMMUNOGLOBULIN for contacts — passive immunity; antibodies given after exposure to prevent disease.
NO carrier state, NO chronic form — once cleared, it is gone."
2661,2 - Hepatic,N144_L2 | N144_L2_O3,"Hepatitis B: transmission, incubation, and long-term complications?","BLOOD, SEXUAL contact, and MOTHER TO CHILD AT BIRTH. Incubation 1-6 MONTHS. Long-term: CIRRHOSIS and LIVER CANCER.","BLOOD — needlesticks, shared needles, transfusion before screening.
SEXUAL — present in body fluids.
MOTHER TO CHILD AT BIRTH — exposure to maternal blood during delivery; why the vaccine is the FIRST shot a baby gets, before discharge.
INCUBATION 1-6 MONTHS — much longer than A; the patient may not connect the exposure to the illness.
CIRRHOSIS — chronic B causes ongoing inflammation that scars.
LIVER CANCER — chronic inflammation drives malignant change; B is a leading cause of hepatocellular carcinoma worldwide.
Treated with ALPHA INTERFERON (boosts immune clearance) and ANTIVIRALS (suppress replication). PREVENTION: vaccine, immunoglobulin after exposure, standard precautions, blood screening."
2662,2 - Hepatic,N144_L2 | N144_L2_O3,"Hepatitis C: transmission, chronicity, and treatment?",The most common BLOODBORNE infection. It is the one that becomes CHRONIC. NO VACCINE. Treated with DIRECT-ACTING ANTIVIRALS — often CURABLE.,"MOST COMMON BLOODBORNE INFECTION — spreads through needles, transfusions before 1992, and less often sexually.
BECOMES CHRONIC — the virus evades immune clearance in most people, so it persists for decades.
NO VACCINE — the virus mutates too readily for one to work.
DIRECT-ACTING ANTIVIRALS — newer drugs that block viral replication directly; cure rates above 90%.
LIVER CANCER and TRANSPLANT — decades of chronic inflammation scar the liver and drive malignant change; C is a top reason for transplant.
ALCOHOL ACCELERATES IT — two insults on the same organ; ""five years to liver failure could become three."""
2663,2 - Hepatic,N144_L2 | N144_L2_O3,What makes hepatitis D unique?,"A SUPERINFECTION or CO-INFECTION — ONLY people with HEPATITIS B are at risk, because it needs B to replicate. Blood and sexual transmission. MORE likely to cause fulminant liver failure, chronic active hepatitis and cirrhosis.","ONLY WITH HEPATITIS B — D is an incomplete virus; it needs B's outer coat to build its own particles. No B, no D.
SUPERINFECTION — D acquired on top of existing chronic B; worse outcome. CO-INFECTION — both at once.
BLOOD AND SEXUAL — same routes as B.
MORE LIKELY fulminant failure, chronic hepatitis, cirrhosis — two viruses attacking the same cells.
PREVENT B, PREVENT D — the vaccine for B protects against both.
INTERFERON ALFA — the only licensed treatment; boosts immune clearance."
2664,2 - Hepatic,N144_L2 | N144_L2_O3,"Which hepatitis types have a vaccine, which becomes chronic, and what is passive immunity?","VACCINES: A and B. NO vaccine for C. CHRONIC: C is the one that characteristically becomes chronic; B can also become chronic. PASSIVE IMMUNITY — giving IMMUNOGLOBULIN to someone exposed but not immunised, providing temporary protection that may prevent the disease.","VACCINES A and B — both viruses are stable enough for a vaccine to target.
NO VACCINE FOR C — it mutates too fast.
C BECOMES CHRONIC — the virus evades clearance. B CAN become chronic, especially if acquired at birth (90% of infants) versus adulthood (5%).
PASSIVE IMMUNITY — giving pre-made antibodies (immunoglobulin) after exposure. Immediate but temporary; the body did not make them so it will not remember. Active immunity (vaccine) is slower but lasting.
D prevented by preventing B — D cannot exist alone."
2665,2 - Hepatic,N144_L2 | N144_L2_O3,"What is CIRRHOSIS, and what are the THREE types?","Scar tissue replaces working liver, so blood can no longer flow through it and the liver can no longer do its jobs. IRREVERSIBLE.
ALCOHOLIC — scar surrounds the PORTAL areas; chronic alcohol use; MOST COMMON.
POSTNECROTIC — BROAD BANDS of scar; late result of previous acute viral hepatitis.
BILIARY — scarring AROUND THE BILE DUCTS; from chronic biliary obstruction and cholangitis; LEAST common.","ALCOHOLIC — alcohol is directly toxic to liver cells; years of exposure kill them and the repair is scar. Most common in the U.S.
POST-NECROTIC — after hepatitis (usually B or C) or toxins: the infection or poison killed cells, and they healed with scar.
BILIARY — chronic obstruction of bile ducts (stones, primary biliary cholangitis) backs bile into the liver. Bile is a digestive fluid; trapped in the liver it digests the liver.
Different causes, same result: dead cells replaced by scar that does not work and does not let blood through."
2668,2 - Hepatic,N144_L2 | N144_L2_O4,What are the SEVEN signs of COMPLICATION to watch for in cirrhosis?,"Change in MENTAL STATUS · difficulty with ADLs, job or social relationships · anatomic distortion · indicators of BLEEDING (shock, melena, hematemesis) · FLUID VOLUME changes (shock, ascites) · changes in lab data · jaundice","MENTAL STATUS CHANGE — ammonia reaching the brain; the earliest sign and the one you can assess with no equipment. Listed FIRST for that reason.
DIFFICULTY WITH ADLs, JOB, RELATIONSHIPS — functional decline from fatigue, confusion, and the physical burden of ascites.
ANATOMIC DISTORTION — the distended abdomen, muscle wasting, gynecomastia; the body visibly changing.
BLEEDING (shock, melena, hematemesis) — varices rupturing, or any bleed in a patient who cannot clot.
FLUID VOLUME CHANGES (shock, ascites) — fluid in the wrong compartment; overloaded and hypovolemic at once.
LAB CHANGES — rising ammonia, falling albumin, prolonged PT; the numbers moving before the patient looks different.
JAUNDICE — bilirubin backing up; the liver losing its excretory function.
The three named life-threatening complications: PORTAL HYPERTENSION, ASCITES, VARICES."
2670,2 - Hepatic,N144_L2 | N144_L2_O5,"How is portal hypertension treated, and what is TIPS?","A PORTAL SYSTEMIC SHUNT — a connection letting blood BYPASS the scarred liver, which lowers portal pressure and prevents varices from forming.
TIPS = TRANSJUGULAR INTRAHEPATIC PORTOSYSTEMIC SHUNT. A stent is threaded through the JUGULAR vein, THROUGH the liver, connecting the PORTAL vein to the HEPATIC vein. Decreases sodium retention and improves ascites.
COST — HIGHER ENCEPHALOPATHY RISK.","Break the name apart: TRANSJUGULAR (entered through the neck, no abdominal incision) · INTRAHEPATIC (the stent runs through liver tissue) · PORTOSYSTEMIC (connects portal to systemic circulation) · SHUNT (a bypass).

Sodium retention improves because once portal pressure falls, the kidneys stop retaining fluid to compensate.

The encephalopathy trade-off is the tested point: shunted blood reaches the body WITHOUT passing the liver's checkpoint, so ammonia goes straight to the brain. You relieve one complication by worsening another."
2678,2 - Hepatic,N144_L2 | N144_L2_O4,"What is ASCITES, and what are the SEVEN things you assess for it?","Fluid collecting in the PERITONEAL SPACE — outside the bowels, inside the abdomen — from portal hypertension and low albumin.
ASSESS — ABDOMINAL GIRTH · DAILY WEIGHTS · STRIAE, distended veins, UMBILICAL HERNIA · DULL percussion · FLUID WAVE · I&O · ELECTROLYTES.","ABDOMINAL GIRTH — ascites develops slowly, so serial measurement at the same landmark is what catches it. She told a story of a nurse catching a rare tumor this way.
DAILY WEIGHTS — fluid is weight; a gain of a kilo overnight is a liter of fluid, not fat.
STRIAE, DISTENDED VEINS, UMBILICAL HERNIA — all mechanical consequences of the abdominal wall stretching under pressure; distended veins (caput medusae) are also collateral circulation from portal hypertension.
DULL PERCUSSION — fluid is dull, gas is hollow; a fluid-filled abdomen loses its normal resonance.
FLUID WAVE — tap one flank, feel the wave arrive at the other; only free fluid transmits it.
I&O and ELECTROLYTES — sodium and water retention drive it, and diuretics change both; hyponatremia and hypokalemia are common."
2679,2 - Hepatic,N144_L2 | N144_L2_O6,What are the FIVE treatments for ascites?,"LOW SODIUM diet · DIURETICS (potassium-sparing, e.g. aldactone) · ALBUMIN to replace what has migrated into the abdomen · PARACENTESIS · TIPS procedure","LOW SODIUM — water follows salt; less sodium retained means less water retained. Avoid deli meats, canned soups, salted nuts.
POTASSIUM-SPARING DIURETICS (spironolactone/aldactone) — pull off fluid, and specifically BLOCK ALDOSTERONE, which the failing liver can no longer metabolize; potassium-sparing because these patients are already prone to hypokalemia and a loop diuretic would worsen it.
ALBUMIN — the protein that holds fluid inside vessels; the liver has stopped making it, so replacing it pulls fluid back out of the third space into circulation.
PARACENTESIS — physically drains the fluid when it is large enough to impair breathing; immediate relief because pressure comes off the diaphragm.
TIPS — bypasses the blocked liver so portal pressure drops and fluid stops being forced out; second-line when the others fail, at the cost of higher encephalopathy risk."
2680,2 - Hepatic,N144_L2 | N144_L2_O6,"What is a PARACENTESIS, and what are the FIVE nursing responsibilities?","A needle or cannula passed through the abdominal wall to DRAIN ASCITIC FLUID.
1. Position UPRIGHT.
2. VITAL SIGNS frequently.
3. Monitor for HYPOVOLEMIA and MENTAL STATUS change.
4. Assess the PUNCTURE SITE.
5. RECORD THE AMOUNT drained.","UPRIGHT — fluid pools low in the abdomen where the cannula can reach it, and keeps the bowel loops away from the needle.
VITAL SIGNS FREQUENTLY — heart rate rises before pressure falls; you are watching for the shift that comes next.
HYPOVOLEMIA and MENTAL STATUS — draining liters lets fluid shift back out of the vessels to refill the space; the patient can go from bloated to shocked. Mental status change is the earliest sign of both hypoperfusion and encephalopathy.
PUNCTURE SITE — these patients do not clot; bleeding or ongoing leakage of ascitic fluid is common.
RECORD THE AMOUNT — it determines how much albumin to give and whether the drain was too aggressive."
2681,2 - Hepatic,N144_L2 | N144_L2_O6,Why is IV albumin given with paracentesis?,Albumin is the protein that holds fluid inside the blood vessels. Giving it intravenously pulls fluid OUT of the third space and back INTO the vascular space.,"From lecture: a patient can look severely fluid overloaded and still be HYPOVOLEMIC and hypotensive, because the fluid is all outside the vascular system. That is why you monitor blood pressure and urine output, not just how swollen they look."
2682,2 - Hepatic,N144_L2 | N144_L2_O3,What are the incidence and mortality figures for esophageal varices?,"INCIDENCE — bleeding occurs in 1/3 of patients with cirrhosis and varices.
MORTALITY of the FIRST bleed — SLIDE says 30-50%. TEXTBOOK says 10-30%, depending on the severity of the liver disease.","SOURCE CONFLICT — use her slide number (30-50%) if she asks, since that is what she taught. Both agree the first bleed is a major cause of death in cirrhosis.

Other textbook figures: varices are present in 30% of patients with COMPENSATED cirrhosis and 60% with DECOMPENSATED at the time of diagnosis. Overall mortality of acute variceal bleeding is 10-40%; each episode carries up to 20%. Survivors have a 70% RISK OF REBLEEDING within one year — which is why banding and beta blockers continue after the first episode.

Clotting abnormalities in liver disease make every bleed worse: the varix ruptures AND the patient cannot clot it off."
2683,2 - Hepatic,N144_L2 | N144_L2_O4,"What are ESOPHAGEAL VARICES, and what would you assess in a patient bleeding from them?","Veins in the esophagus that have SWOLLEN AND BULGED because portal blood is being forced through them. Thin-walled and easily ruptured.
ASSESS — HEMATEMESIS, vomit stained RED (esophageal) or BLACK (gastric) · MELENA, black tarry stools · GENERAL DETERIORATION and SHOCK from loss of fluid and blood.","From her slide. The colour tells you WHERE: blood from an ESOPHAGEAL varix comes up immediately and is still RED. Blood from a GASTRIC varix sits in stomach acid first, which turns it BLACK.

Same principle as coffee-ground emesis: contact time with acid darkens blood. And the further blood travels, the darker it gets — which is why melena means a high source.

Varices must be monitored closely because of the high risk of death from bleeding. Heart rate rises before blood pressure falls."
2684,2 - Hepatic,N144_L2 | N144_L2_O5,"What are the two ENDOSCOPIC treatments for esophageal varices, and how does each work?","SCLEROTHERAPY — a sclerosing agent is injected, causing thrombosis and scarring that obliterates the varix.
BANDING — a rubber band ties off the varix so it dies and sloughs away.","SCLEROTHERAPY — a chemical injected into the varix irritates the vessel wall, causing it to clot (thrombosis) and scar shut. The varix is obliterated from inside.
BANDING — a rubber band placed around the varix cuts off its blood supply; the tissue dies and sloughs off in days, leaving scar. ""Like a string around a dog's tail.""
ANGIOGENESIS — the body builds new collateral vessels to replace the lost route. Blood always finds a way around the blocked liver; treatment removes the dangerous routes and lets safer ones form."
2685,2 - Hepatic,N144_L2 | N144_L2_O6,What are the nursing priorities for a patient with a balloon tamponade in place?,"Monitor the treatment and ensure the tube is cared for. Suction WORKING, tube NOT CLOGGED, correct amount, set to INTERMITTENT. Monitor RESPIRATORY status — deflation can cause airway obstruction. AUSCULTATE BOTH LUNGS for aspiration. Monitor for HYPOVOLEMIC SHOCK.","SUCTION WORKING and TUBE NOT CLOGGED — the tube aspirates pooled blood; if it clogs, blood accumulates above the balloon and the patient aspirates it.
INTERMITTENT, not continuous — continuous suction pulls the tube against mucosa and creates its own ulcer.
RESPIRATORY STATUS — the esophageal balloon sits just below the airway; if it deflates or migrates upward it can obstruct the airway. Scissors at the bedside to cut it if that happens.
AUSCULTATE BOTH LUNGS — blood pooling above the balloon gets aspirated, and it does not always go to one side.
HYPOVOLEMIC SHOCK — the tamponade compresses varices but the patient may already have lost significant volume; heart rate first, pressure second."
2686,2 - Hepatic,N144_L2 | N144_L2_O5,"What is given for active variceal bleeding, and how often should cirrhotic patients be screened?","OXYGEN, IV FLUIDS, ELECTROLYTES and VOLUME EXPANDERS; blood or blood products depending on hemoglobin and hematocrit. Patients with cirrhosis should have SCREENING ENDOSCOPY EVERY 2 YEARS.","OXYGEN — less circulating blood means less hemoglobin carrying oxygen; supplemental oxygen maximizes what each remaining red cell carries.
IV FLUIDS and ELECTROLYTES — restore circulating volume fast, before blood is available.
VOLUME EXPANDERS (albumin, hetastarch) — stay in the vessels longer than crystalloid because they carry oncotic pull; buys time.
BLOOD PRODUCTS depending on H&H — replace what was actually lost; but remember H&H can look normal early because plasma and cells were lost together.
SCREENING ENDOSCOPY every 2 years — find varices BEFORE the first bleed, since the first bleed carries 30-50% mortality."
2687,2 - Hepatic,N144_L2 | N144_L2_O4,"What is hypovolemic shock, and in what ORDER do the vital signs change?","Low circulating volume. HEART RATE RISES FIRST — that is your earliest clue. Blood pressure falls SECOND, and by then you have very little time. Also: weak thready pulse, rapid breathing, anxiety, decreased urine output, cold clammy skin, pallor, diaphoresis, unconsciousness.","HEART RATE RISES FIRST — baroreceptors sense the drop in volume and the sympathetic system compensates by beating faster to maintain cardiac output. This works for a while, which is why pressure holds.
BLOOD PRESSURE FALLS SECOND — when compensation fails. ""If you let it get to blood pressure you didn't do a good job monitoring the heart rate.""
WEAK THREADY PULSE — less volume per beat.
RAPID BREATHING — tissues go anaerobic, produce lactic acid, and the patient blows off CO2 to compensate; plus sympathetic drive.
ANXIETY — the brain is underperfused and the sympathetic system is firing.
DECREASED URINE OUTPUT — 20-25% of cardiac output goes to the kidneys; they are the first organ to feel a drop, so urine falls before pressure does.
COLD CLAMMY SKIN, PALLOR, DIAPHORESIS — blood is shunted from skin to vital organs; sweat from sympathetic activation.
UNCONSCIOUSNESS — the brain finally loses perfusion."
2688,2 - Hepatic,N144_L2 | N144_L2_O4,What are the SEVEN ways hepatic encephalopathy is ASSESSED?,"EEG · neurologic and MENTAL STATUS · ASTERIXIS · seizures · FETOR HEPATICUS · fluid, electrolyte and AMMONIA levels · intake and output","EEG — measures brain electrical activity; slows as ammonia rises, but is NORMAL at stage 1, so it is not an early tool.
MENTAL STATUS — the earliest and cheapest assessment; ammonia affects cognition before anything else.
ASTERIXIS — the flapping tremor when the hands are held out; a motor sign of toxin on the nervous system, appears at stage 1-2, DISAPPEARS at stage 4.
SEIZURES — severe neurologic irritation in late stages.
FETOR HEPATICUS — sweet foul breath from sulfur compounds the liver is not clearing; appears at stage 2.
AMMONIA LEVEL — the toxin itself; checked daily.
ELECTROLYTES — hypokalemia and alkalosis both increase ammonia crossing into the brain, so they worsen encephalopathy.
I&O — dehydration concentrates ammonia; lactulose causes fluid loss.
DAILY HANDWRITING SAMPLE — fine motor change appears before any measurable test does."
2689,2 - Hepatic,N144_L2 | N144_L2_O4,"What is HEPATIC ENCEPHALOPATHY, and what are its FOUR stages?","Brain dysfunction from toxins the failing liver can no longer clear — chiefly AMMONIA.
STAGE 1 — lethargy, euphoria, REVERSED day-night sleep, IMPAIRED HANDWRITING, asterixis. EEG NORMAL.
STAGE 2 — drowsiness, disorientation, inappropriate behaviour, labile mood, agitation, FETOR HEPATICUS. EEG slowing.
STAGE 3 — stuporous, hard to arouse, incoherent, INCREASED reflexes, RIGIDITY.
STAGE 4 — COMATOSE. ASTERIXIS ABSENT. Reflexes ABSENT, FLACCID.","THE TRAP: rigid with INCREASED reflexes is stage 3; flaccid with NO reflexes is stage 4. ABSENCE IS WORSE. A question offering ""absent reflexes"" as the milder finding is testing exactly this.

Why: in stage 3 the brain has lost its inhibitory control over spinal reflexes, so they fire unchecked. In stage 4 the cord itself is depressed, so nothing fires at all.

EEG NORMAL AT STAGE 1 is why a daily HANDWRITING SAMPLE is the monitoring tool — fine motor change appears before anything measurable.

Asterixis appears at stage 1-2 and DISAPPEARS at stage 4 — you cannot flap hands you cannot hold up."
2699,2 - Hepatic,N144_L2 | N144_L2_O6,"What is lactulose, what does it do, and how is the dose titrated?","Given to REDUCE SERUM AMMONIA. It detoxifies ammonium and acts as an OSMOTIC agent drawing water into the bowel, so it causes diarrhea in some patients. Titrate the dose so the patient has 2-3 SOFT STOOLS PER DAY.","REDUCES AMMONIA — lactulose is a sugar humans cannot digest. Gut bacteria ferment it into acids, which convert ammonia (NH3, absorbable) into ammonium (NH4+, trapped in the gut). Trapped ammonia leaves in stool instead of entering blood.
OSMOTIC — the undigested sugar pulls water into the bowel, producing soft stool that carries the ammonium out.
2-3 SOFT STOOLS — enough to clear ammonia; more means overdose with watery diarrhea, dehydration, and hypokalemia (which itself worsens encephalopathy).
NO OTHER LAXATIVES — they confuse the titration; you cannot tell whether the stools are from lactulose working or another agent."
2700,2 - Hepatic,N144_L2 | N144_L2_O6,What medications are used for ENCEPHALOPATHY and PRURITUS in liver disease?,"ENCEPHALOPATHY — LACTULOSE (reduces ammonia), IV GLUCOSE (minimises protein catabolism), and antibiotics: NEOMYCIN, METRONIDAZOLE, RIFAXIMIN.
PRURITUS — CHOLESTYRAMINE (Questran), a bile sequestrant, and emollient creams.","LACTULOSE — a sugar the gut cannot absorb; bacteria ferment it, which acidifies the colon and traps ammonia as ammonium (which cannot cross into the blood), and its osmotic pull carries it out as stool. Titrate to 2-3 soft stools.
IV GLUCOSE — if the body has no glucose it breaks down its own protein for fuel, and protein breakdown produces MORE ammonia; glucose prevents that catabolism.
NEOMYCIN, METRONIDAZOLE, RIFAXIMIN — antibiotics that kill the gut bacteria producing ammonia in the first place; fewer bacteria, less ammonia to absorb.
CHOLESTYRAMINE — a resin that binds bile salts in the gut so they are excreted instead of deposited in the skin; less bile salt in the skin, less itching.
EMOLLIENT CREAMS — protect skin and reduce the dryness that makes itching worse.
URSODEOXYCHOLIC ACID — promotes bile flow, relieving the cholestasis that causes the itch.
ANTACIDS — these patients have thin mucosa and cannot clot; reducing acid reduces the chance of a GI bleed.
POTASSIUM-SPARING DIURETICS — for ascites, and specifically because loop diuretics would worsen the hypokalemia that worsens encephalopathy."
2701,2 - Hepatic,N144_L2 | N144_L2_O6,Why is protein restricted in hepatic encephalopathy?,"TEXTBOOK: do NOT restrict protein. Maintain 1.2-1.5 g/kg/day; use branched-chain amino acids if truly protein-intolerant. The goal is to minimise ammonia FORMATION AND ABSORPTION from the intestine, not to withhold protein.","SLIDE says restrict; TEXTBOOK says maintain 1.2-1.5 g/kg. The reasoning behind both:
LESS PROTEIN → LESS AMMONIA — protein breakdown is where ammonia comes from. That is why restriction was traditional.
BUT if you restrict too far, the body breaks down its OWN muscle for fuel, and muscle is protein — producing MORE ammonia, plus wasting. That is why the textbook says do not restrict.
BRANCHED-CHAIN AMINO ACIDS — a protein source the muscle can use without the liver processing it, so it does not raise ammonia.
IV GLUCOSE serves the same goal: give the body fuel so it does not catabolize itself.
The goal is minimizing ammonia FORMATION AND ABSORPTION — lactulose and antibiotics do that — not withholding protein. Ask her which answer she wants."
2702,2 - Hepatic,N144_L2 | N144_L2_O6,What are the nutritional interventions for a patient with cirrhosis?,"Monitor INTAKE AND OUTPUT. Encourage adequate intake with SMALL MEALS and supplements. Give WATER-SOLUBLE forms of the fat-soluble vitamins A, D, E, K. HIGH CALORIE diet. If ASCITES — REDUCE SODIUM. If at risk for ENCEPHALOPATHY — REDUCE PROTEIN. No alcohol.","I&O — sodium and water retention drive ascites; you need to know what is going in and out.
SMALL MEALS with supplements — ascites presses on the stomach so large meals are not tolerated; small frequent meals get calories in.
WATER-SOLUBLE forms of A, D, E, K — with steatorrhea the fat-soluble vitamins are trapped in undigested fat and lost in stool; water-soluble versions bypass that.
HIGH CALORIE — a damaged liver cannot store glycogen, so the patient needs steady intake to avoid catabolizing their own protein, which makes ammonia.
REDUCE SODIUM if ascites — water follows salt.
REDUCE PROTEIN if encephalopathy risk — less protein, less ammonia. (Textbook: do not restrict below 1.2 g/kg; the goal is minimizing ammonia formation, not withholding protein.)
NO ALCOHOL — it is the cause; the single most important intervention.
NO RAW SHELLFISH — Vibrio vulnificus in raw oysters causes fatal sepsis in cirrhotics specifically, because the liver cannot clear it."
2703,2 - Hepatic,N144_L2 | N144_L2_O6,"What are the SIX nursing interventions for ACTIVITY INTOLERANCE, and why does it apply so broadly?",Encourage REST · position for RESPIRATORY EFFICIENCY · oxygen · MILD exercise with frequent rest periods · adequate nutrition · prevent hazards and keep the patient safe,"REST — reduces metabolic demand on a liver that cannot meet it, and reduces oxygen demand in a patient who may be anemic.
POSITION FOR RESPIRATORY EFFICIENCY — ascites pushes the diaphragm up; sitting upright lets the lungs expand.
OXYGEN — anemia from bleeding and poor absorption means less oxygen delivery; supplement it.
MILD EXERCISE with rest periods — prevents muscle wasting and deconditioning without exceeding what the patient can tolerate.
ADEQUATE NUTRITION — energy for activity; the liver cannot store glucose so intake must be steady.
PREVENT HAZARDS — encephalopathy causes confusion and fall risk; the environment has to be safe.
Same set applies to anemia, heart failure, COPD — learn it once."
2704,2 - Hepatic,N144_L2 | N144_L2_O6,What are the SIX nursing interventions for skin integrity and pruritus in liver disease?,TURN AND REPOSITION EVERY 2 HOURS · gentle skin care · emollient CREAMS · cholestyramine resin (a bile sequestrant) · KEEP NAILS SHORT · teach the patient to RUB rather than scratch,"TURN EVERY 2 HOURS — edema and poor nutrition make skin fragile; pressure over bony prominences breaks it down fast.
GENTLE SKIN CARE — no harsh soaps or hot water, which strip oils and worsen itching.
EMOLLIENTS — dry skin itches more; moisturizing reduces the trigger.
CHOLESTYRAMINE — binds bile salts in the gut so they leave in stool instead of depositing in skin; the itch is from bile salts, so removing them treats the cause.
NAILS SHORT — scratching with long nails breaks skin.
RUB DON'T SCRATCH — same relief without breaking the skin; the biggest complication of scratching is SECONDARY INFECTION in a patient who cannot fight it."
2705,2 - Hepatic,N144_L2 | N144_L2_O6,"Why is a patient with cirrhosis at risk for BLEEDING, and what do you do?","The liver makes PROTHROMBIN and clotting factors using vitamin K, and splenomegaly causes THROMBOCYTOPENIA. Provide an ELECTRIC RAZOR and SOFT toothbrush, apply pressure to venipuncture sites, and evaluate any injury for INTERNAL bleeding.","ELECTRIC RAZOR — a blade nicks skin, and a nick that would not matter in a normal patient bleeds persistently here.
SOFT TOOTHBRUSH — gums bleed easily; firm bristles cause bleeding at every brushing.
PRESSURE ON VENIPUNCTURE SITES — normal patients clot in a minute; these patients need extended pressure or they ooze.
EVALUATE ANY INJURY FOR INTERNAL BLEEDING — a fall that bruises a normal patient can cause a retroperitoneal or intracranial bleed here, with no clotting to stop it.
Two reasons they bleed: no clotting factors (liver makes them using vitamin K, and vitamin K needs bile to be absorbed), and thrombocytopenia (portal hypertension congests the spleen, which traps and destroys platelets)."
2706,2 - Hepatic,N144_L2 | N144_L2_O5,"Decode these roots: -lysis, -itis, -penia, -emia, a-, and -toxic.","-LYSIS = breaking up (hemolysis, lysis of adhesions). -ITIS = inflammation (hepatitis). -PENIA = deficiency (thrombocytopenia). -EMIA = in the blood (anemia, uremia). A- = lack of (anorexia, amenorrhea). -TOXIC = harmful to that organ (HEPATOTOXIC, nephrotoxic, cardiotoxic).","She teaches by root word throughout. Hepatotoxic is worth flagging: always ask about herbal supplements, since some such as kava kava can worsen liver disease."
2708,2 - Hepatic,N144_L2 | N144_L2_O7,What complementary and alternative therapies should you ask about in liver disease?,Ask about HEPATOTOXIC herbal supplements. KAVA KAVA can worsen liver disease. MILK THISTLE is commonly taken for the liver but can cause problems in some patients.,"KAVA KAVA — directly hepatotoxic; documented cases of acute liver failure requiring transplant. Worsens existing disease.
MILK THISTLE — the active compound (silymarin) is marketed as liver-protective, and patients take it for exactly that reason. Evidence is weak, and it can interact with medications the liver is already struggling to clear.
ALWAYS ASK — patients do not consider supplements to be drugs and will not volunteer them. A cirrhotic taking kava for anxiety is a real scenario.
HEPATOTOXIC = harmful to the liver. Same suffix gives nephrotoxic, cardiotoxic."
2720,2 - Hepatic,N144_L2 | N144_L2_O1,A patient with cirrhosis is prescribed a medication metabolised by the liver. What is the concern?,"The liver determines medication HALF-LIFE. In liver failure the drug is not cleared, so doses must be REDUCED and some medications limited or avoided.","From her lab slide: know what to do if a value is elevated AND if it is low — you need nursing interventions for both, and elevated liver enzymes will limit what you can safely give."
2722,2 - Hepatic,N144_L2 | N144_L2_O3,"What is PORTAL HYPERTENSION, and what is the chain that produces varices?","Pressure building in the veins draining the gut, because the scarred liver will not let blood through.
CHAIN — ALCOHOL → SCARRING → blood cannot pass → PORTAL HYPERTENSION → pressure backs into GI veins → veins BULGE → VARICES.","ALCOHOL — toxic to hepatocytes; years of exposure kill them.
SCARRING — the liver heals dead cells with fibrous tissue. Scar does no liver work and is stiff.
BLOOD CANNOT PASS — the sinusoids that blood flowed through are replaced by scar; resistance rises.
PORTAL HYPERTENSION — the portal vein is still delivering 80% of the liver's blood but the exit is blocked; pressure rises backward.
PRESSURE INTO GI VEINS — the portal system drains the whole gut; pressure backs up into every vein feeding it.
VEINS BULGE — thin-walled veins never built for arterial-level pressure distend, especially where collateral routes form around the esophagus.
VARICES — the bulging veins, ready to rupture.
Every arrow is a cause. Know the chain and you can answer any question about it."
2724,2 - Hepatic,N144_L2 | N144_L2_O6,Name the FOUR components of managing hepatic encephalopathy on her slide.,Transfusion of PLATELETS and PRBCs · PROTEIN restriction · SODIUM intake restricted · reduction of AMMONIA from the GI tract,"PLATELETS and PRBCs — replace what the liver and spleen have cost them: clotting factors are not being made, platelets are being trapped in the congested spleen, and varices may be bleeding.
PROTEIN RESTRICTION — protein breaks down into ammonia; less protein, less ammonia. (Textbook softens this to 1.2-1.5 g/kg, not elimination.)
SODIUM RESTRICTION — water follows salt; for the ascites that accompanies encephalopathy.
REDUCE AMMONIA FROM THE GI TRACT — the gut is where ammonia is made and absorbed. Lactulose traps it and flushes it; antibiotics kill the bacteria making it; enemas clear the stool that is fermenting."
2725,2 - Hepatic,N144_L2 | N144_L2_O4,What does COMPENSATED cirrhosis look like?,"The damaged liver STILL PERFORMS its functions. Vague signs, often found incidentally:
INTERMITTENT mild fever · firm ENLARGED liver with a sharp palpable edge · abdominal pain · flatulent dyspepsia · ANKLE EDEMA · PALMAR ERYTHEMA · VASCULAR SPIDERS · SPLENOMEGALY · EPISTAXIS.","""Compensated"" means keeping up. The liver is damaged but output is still adequate, so nothing is dramatic yet.

Each sign is an early version of a failing function:
ANKLE EDEMA — albumin STARTING to fall; fluid leaks at the most dependent point first.
PALMAR ERYTHEMA and VASCULAR SPIDERS — estrogen the liver is beginning to fail to inactivate.
SPLENOMEGALY — portal pressure starting to back up.
EPISTAXIS — clotting factors dropping; nosebleeds are often the first thing patients notice.
FIRM ENLARGED LIVER — cells swollen with fat, BEFORE scar contracts it smaller.
INTERMITTENT FEVER — low-grade chronic inflammation."
2726,2 - Hepatic,N144_L2 | N144_L2_O4,"How does the liver change in SIZE over the course of cirrhosis, and why?","EARLY the liver is LARGE, firm, with a sharp palpable edge — cells loaded with fat. LATER it DECREASES in size as scar tissue contracts it, and the edge if palpable is NODULAR.","EARLY LARGE AND FIRM — hepatocytes are swollen with fat (fatty infiltration) and inflammation; the liver enlarges. The sharp palpable edge is the swollen border. Pain from Glisson capsule stretching.
LATE SMALL AND NODULAR — scar tissue contracts as it matures, pulling the liver smaller. Regenerating nodules between bands of scar make the surface bumpy.
ACUTE HEPATITIS — soft and mobile because there is swelling but no scar yet.
This is why liver size on exam changes over the course of disease and can mislead you: a small liver may be worse than a large one."
2729,2 - Hepatic,N144_L2 | N144_L2_O6,Why must sedatives and tranquilizers be avoided in hepatic encephalopathy?,"They precipitate or worsen encephalopathy. Sedatives, tranquilizers and analgesics are discontinued.","LIVER CANNOT CLEAR THEM — sedatives and opioids are metabolized by the liver. In liver failure they accumulate, so a normal dose lasts longer and hits harder.
DEEPEN AN ALREADY DEPRESSED CNS — the patient's brain is already suppressed by ammonia; adding a CNS depressant can tip stage 2 into stage 4.
MASK THE ASSESSMENT — mental status is your primary monitor; sedation makes it impossible to tell drug effect from disease progression.
KEEP THEM ACTIVE IN THE DAY — restores the sleep-wake cycle that encephalopathy reverses, without drugs."
2810,2 - Hepatic,N144_L2 | N144_L2_O4,"What FIVE findings are SHARED by most liver disease, and therefore separate nothing?",Jaundice · fatigue · anorexia · nausea and vomiting · abnormal liver enzymes,"Hepatitis, cirrhosis and biliary obstruction all produce these. If a question gives you only these, look for the DISCRIMINATOR instead."
2811,2 - Hepatic,N144_L2 | N144_L2_O4,"What is jaundice, and what distinguishes the three types?","Yellow staining of tissue because BILIRUBIN has built up in blood. A SIGN, not a disorder. Seen in skin, mucous membranes and SCLERA — check the sclera first.
HEMOLYTIC — UNCONJUGATED; weak, dizzy, pale from red cell loss; urine FREE of bilirubin.
HEPATOCELLULAR — BOTH types; anorexia, nausea, weight loss; may be REVERSIBLE.
OBSTRUCTIVE — CONJUGATED; CLAY stool, DARK ORANGE FOAMY urine, PRURITUS, fat intolerance, dyspepsia.
FULMINANT — sudden severe failure within 8 WEEKS of jaundice appearing.","Reason it out rather than memorise: no liver involvement yet = unconjugated. Liver damaged = both. Blocked AFTER the liver = conjugated.

THE OBSTRUCTIVE FOUR all come from ONE fact — bile is not reaching the intestine. Clay stool because bile pigment is what makes stool brown. Dark foamy urine because conjugated bilirubin is water-soluble and exits through the kidneys instead. Pruritus because bile salts deposit in skin. Fat intolerance because no bile means no emulsification.

Sclera first because the white background shows yellow earliest — especially important in darker skin.

Hepatocellular causes: hepatitis viruses, toxins, medications, alcohol. Obstructive causes: gallstone, inflammation, tumour, pressure from an enlarged organ, or intrahepatic obstruction of small ducts."
2812,2 - Hepatic,N144_L2 | N144_L2_O4,"Which single finding points to each: ascites, varices, encephalopathy?","ASCITES — increasing ABDOMINAL GIRTH with a FLUID WAVE.
VARICES — HEMATEMESIS and MELENA.
ENCEPHALOPATHY — ASTERIXIS and FETOR HEPATICUS.","ABDOMINAL GIRTH with FLUID WAVE — ascites is free fluid; only free fluid transmits a wave from one flank to the other. Girth rising is the fluid accumulating.
HEMATEMESIS and MELENA — varices are in the esophagus, so blood comes up (hematemesis) or goes down and is digested (melena). No other complication of cirrhosis bleeds this way.
ASTERIXIS and FETOR HEPATICUS — asterixis is ammonia affecting motor control; fetor hepaticus is sulfur compounds the liver cannot clear escaping in breath. Both are ammonia-specific; neither occurs in ascites or varices alone."
2813,2 - Hepatic,N144_L2 | N144_L2_O3,"Which hepatitis types share a route, and which one cannot exist alone?","FECAL-ORAL — A and E.
BLOOD AND SEXUAL — B, C and D.
D cannot exist without B — it needs hepatitis B to replicate.",Two groups plus one dependent. Preventing B also prevents D.
2814,2 - Hepatic,N144_L2 | N144_L2_O4,"What does DECOMPENSATED cirrhosis look like — what is ADDED, and what WORSENS?","EVERYTHING IN COMPENSATED, PLUS the liver can no longer keep up.
WORSENS — intermittent fever becomes CONTINUOUS · ankle edema becomes ASCITES · the enlarged liver SHRINKS and becomes nodular · epistaxis becomes PURPURA, PETECHIAE and SPONTANEOUS BRUISING.
NEWLY ADDED — JAUNDICE · CLUBBING · WHITE NAILS · MUSCLE WASTING, weakness, weight loss · hypotension · GONADAL ATROPHY, sparse body hair, GYNECOMASTIA, AMENORRHEA · CAPUT MEDUSAE · nausea, vomiting, anorexia · HYPOKALEMIA and HYPONATREMIA · ASTERIXIS and mental status change · THROMBOCYTOPENIA.","The relationship is CUMULATIVE — decompensated does not replace compensated, it adds to it. So palmar erythema, vascular spiders and splenomegaly are still present; they simply are no longer the whole picture.

Derive the new ones rather than memorising:
JAUNDICE — bilirubin no longer excreted.
WHITE NAILS, ASCITES — albumin now severely low.
MUSCLE WASTING — no glycogen storage, so the body catabolises its own muscle for fuel.
GONADAL ATROPHY, GYNECOMASTIA, AMENORRHEA — estrogen fully unopposed now.
ASTERIXIS, MENTAL STATUS — ammonia no longer converted to urea.
CAPUT MEDUSAE — portal pressure high enough to force umbilical collaterals open.
THROMBOCYTOPENIA — the congested spleen now trapping and destroying platelets.

The three life-threatening markers: ASCITES · ENCEPHALOPATHY · VARICEAL HEMORRHAGE."
2817,2 - Hepatic,N144_L2 | N144_L2_O2,What are the FOUR parts of nursing care AFTER a liver biopsy?,"RIGHT SIDE for several hours, no coughing or straining · vital signs q10-15 min for 1 hour, then q30 min for 3-4 hours · monitor for bleeding and shock · NO heavy lifting for 1 WEEK","RIGHT SIDE — presses the liver against the ribs and seals the puncture; the liver is on the right.
NO COUGHING OR STRAINING — both raise intra-abdominal pressure and can reopen the site.
VITALS q10-15 min then q30 — bleeding from a liver puncture is internal and silent; the vitals are your only early warning.
MONITOR FOR BLEEDING AND SHOCK — tachycardia, falling pressure, abdominal pain or rigidity (blood or bile in the peritoneum causes peritonitis, the most common complication).
NO HEAVY LIFTING 1 WEEK — the puncture is through an organ that cannot clot well; straining could reopen it days later."
2818,2 - Hepatic,N144_L2 | N144_L2_O3,What makes hepatitis E unique?,"FECAL-ORAL like hepatitis A, incubation 15-65 days, self-limited with abrupt onset, NO chronic form — but VERY SEVERE IN PREGNANCY.","FECAL-ORAL like A — shed in stool, enters by mouth; mostly contaminated water in developing regions.
INCUBATION 15-65 days — similar to A.
SELF-LIMITED, ABRUPT ONSET, NO CHRONIC FORM — the immune system clears it completely, like A.
VERY SEVERE IN PREGNANCY — mortality up to 20% in the third trimester, mechanism unclear. This is the one fact that separates it from A, and it is the tested one."
2819,2 - Hepatic,N144_L2 | N144_L2_O4,"Define: asterixis, fetor hepaticus, steatorrhea, caput medusae, splenomegaly, hepatomegaly, gynecomastia, amenorrhea.","ASTERIXIS — involuntary FLAPPING of the hands.
FETOR HEPATICUS — sweet, foul breath odour.
STEATORRHEA — bulky, greasy, foamy, foul-smelling stool.
CAPUT MEDUSAE — distended veins radiating from the umbilicus.
SPLENOMEGALY — enlarged spleen. HEPATOMEGALY — enlarged liver.
GYNECOMASTIA — breast tissue in a male. AMENORRHEA — absence of menstruation.","ASTERIXIS — ammonia disrupts the brain's control of sustained muscle contraction, so the hands cannot hold position.
FETOR HEPATICUS — mercaptans, sulfur compounds from gut bacteria the liver cannot clear, escaping in breath.
STEATORRHEA — no bile reaching the gut to emulsify fat; fat-soluble vitamins A, D, E, K go out with it.
CAPUT MEDUSAE — portal pressure forcing blood through umbilical collaterals; same detour as varices, visible on the surface.
SPLENOMEGALY — portal pressure backing into the splenic vein; the congested spleen then traps platelets.
GYNECOMASTIA and AMENORRHEA — estrogen the failing liver cannot inactivate.

-MEGALY = enlargement. A- = lack of."
2820,2 - Hepatic,N144_L2 | N144_L2_O6,"Why is a patient with cirrhosis at risk for INJURY, and what do you do?","Hepatic encephalopathy affects the BRAIN — fall risk and impaired orientation. Assess the home environment, maintain a safe environment, and provide periodic neurologic evaluation.","FALL RISK — ammonia impairs judgment, coordination, and alertness; asterixis affects motor control; muscle wasting weakens them.
IMPAIRED ORIENTATION — they may not know where they are or what is dangerous.
ASSESS THE HOME — stairs, rugs, stove; things that were fine before are hazards now.
SAFE ENVIRONMENT — bed low, call light within reach, no restraints (they worsen agitation).
PERIODIC NEURO EVALUATION — encephalopathy fluctuates; a patient clear this morning may be confused tonight.
NO DRIVING OR MACHINERY — even subtle stage 1 changes impair reaction time.
HOME VISITS IF ALONE — they cannot be trusted to remember lactulose, sodium restriction, or when to call."
2952,2 - Hepatic,N144_L3 | N144_L3_O2 | N144_L2 | N144_L2_O2,ALT versus ALP — what does each point to?,"ALT — the LIVER.
ALP (alkaline phosphatase) — BILE FLOW problems.","ALT — inside liver cells; leaks when they are damaged. Rises with hepatitis, cirrhosis, drug toxicity — anything killing hepatocytes.

ALP — made by the cells lining the BILE DUCTS. Rises when bile flow is obstructed (cholestasis), because the duct cells are stressed. Also made in bone, which is why GGT is used to confirm a high ALP is hepatic rather than skeletal.

THE SHORT VERSION: ALT is liver, ALP is bile flow. An ALT rise means hepatocyte damage; an ALP rise means the ducts are blocked. Both up means both."
3026,2 - Hepatic,N144_L2 | N144_L2_O6,"Which MEDICATIONS are used for esophageal varices, and what do you monitor?","BETA BLOCKERS — PROPRANOLOL, NADOLOL, CARVEDILOL — to lower portal pressure and PREVENT bleeding. Monitor for DECREASED PULSE PRESSURE and IMPAIRED cardiovascular response to hemorrhage.
VASOPRESSIN and OCTREOTIDE — to constrict splanchnic vessels during ACTIVE bleeding. Vasopressin can cause ANGINA; nitroglycerin may be prescribed alongside.","BETA BLOCKERS lower portal pressure by reducing cardiac output and constricting splanchnic vessels, so less blood is pushed through the varices. PROPRANOLOL and NADOLOL are nonselective; CARVEDILOL adds alpha blockade. For PREVENTION, not active bleeding.
DECREASED PULSE PRESSURE — beta blockade narrows the gap between systolic and diastolic.
IMPAIRED RESPONSE TO HEMORRHAGE — the tested trap: beta blockers prevent the heart rate from rising, which is your EARLIEST sign of bleeding. A beta-blocked cirrhotic can be hemorrhaging with a normal pulse. Watch pressure, urine, mental status instead.
VASOPRESSIN and OCTREOTIDE constrict the splanchnic arteries feeding the portal system, dropping pressure during ACTIVE bleeding. Vasopressin also constricts coronary arteries — ANGINA — so nitroglycerin may be given alongside. Octreotide is preferred because it does not."
3037,2 - Hepatic,N144_L2 | N144_L2_O5,"What is spontaneous bacterial peritonitis, and what does it precipitate?","Bacterial peritonitis developing in a patient with cirrhosis and ascites WITHOUT any intra-abdominal source — from translocation of intestinal flora. Clinical signs may be ABSENT, so paracentesis is needed for diagnosis. It precipitates HEPATORENAL SYNDROME.","Textbook content, not on her slides. Hepatorenal syndrome is acute kidney injury unresponsive to fluids or diuretics, with no actual pathologic change in the kidney."
3038,2 - Hepatic,N144_L2 | N144_L2_O5,"What is a liver transplant used for, and what determines who gets one?","For life-threatening END-STAGE LIVER DISEASE with no other treatment. Priority is set by the MELD SCORE, calculated from bilirubin, PT/INR, creatinine and the cause of liver disease — it predicts short-term mortality, so the sickest are transplanted first.","Chapter content, not on her slides. Orthotopic = the diseased liver is removed and the new one placed in the same position. Lifelong immunosuppression follows."
3039,2 - Hepatic,N144_L2 | N144_L1_O5 | N144_L2_O5,What are the two types of liver abscess and how does one present?,"AMEBIC (Entamoeba histolytica, mostly in the tropics) and PYOGENIC (bacterial). Presents as SEPSIS with few localising signs — fever, chills, diaphoresis, malaise, anorexia, nausea, weight loss, dull RUQ pain and tenderness, hepatomegaly, jaundice. Treated with IV antibiotics and percutaneous drainage.","Chapter content only. The catch is that it looks like sepsis without an obvious source, so diagnosis requires suspicion."
3040,2 - Hepatic,N144_L2 | N144_L1_O5 | N144_L2_O5,What is the Child-Pugh classification and what five parameters does it use?,"A score predicting outcome and guiding management in liver disease. Parameters: ASCITES, BILIRUBIN, ALBUMIN, PROTHROMBIN TIME, and ENCEPHALOPATHY. Total 5-6 = grade A, 7-9 = B, 10-15 = C.","Chapter content only. Note every parameter is either a liver synthetic function (albumin, PT) or a complication (ascites, encephalopathy) — the score is just ""how much liver function is left."""
3041,2 - Hepatic,N144_L2 | N144_L1_O5 | N144_L2_O5,What are NAFLD and NASH?,Lipids accumulate in hepatocytes = FATTY LIVER DISEASE. If unrelated to alcohol it is NAFLD (non-alcoholic fatty liver disease). NASH (non-alcoholic steatohepatitis) is the more serious form and may cause fibrosis and CIRRHOSIS. Both are strongly associated with OBESITY.,Chapter content only. Being overweight AND drinking significantly raises the risk of developing and dying from chronic liver disease.
3042,2 - Hepatic,N144_L2 | N144_L1_O5 | N144_L2_O5,What is Gilbert syndrome?,"A familial disorder causing jaundice from increased UNCONJUGATED bilirubin. Liver histology and liver function tests are NORMAL and there is no hemolysis. Affects 3-8% of the population, mostly males.",Chapter content only. It is the benign explanation for isolated jaundice with normal liver enzymes — worth recognising so it is not mistaken for liver disease.
3043,2 - Hepatic,N144_L2 | N144_L1_O5 | N144_L2_O5,"What is hepatocellular carcinoma associated with, and how is it treated?","Strongly associated with underlying CIRRHOSIS, and with hepatitis B and C. Treatment: surgical resection, LOCAL ABLATION (radiofrequency most common), transarterial chemoembolization, targeted therapy (sorafenib), or TRANSPLANT under the Milan Criteria.",Chapter content only. Underlying cirrhosis is so common in liver cancer that it increases the risk of any surgery.
2821,3 - Biliary Pancreas Nutrition,N144_L3 | N144_L3_O1,"Where does bile go from the liver to the duodenum, and what makes the gallbladder contract?","Common HEPATIC duct → GALLBLADDER (storage) → out through the CYSTIC duct → COMMON BILE duct → duodenum.
CONTRACTION is triggered by CHOLECYSTOKININ (CCK), a hormone secreted by the SMALL INTESTINE.","CCK is released when FAT reaches the small intestine — the gut signalling upstream that it needs bile to emulsify it.

That is the whole mechanism behind BILIARY COLIC: a fatty meal releases CCK, CCK makes the gallbladder squeeze, and it squeezes against a stone. It is why the pain comes SEVERAL HOURS AFTER a fatty meal rather than during it.

The shared COMMON BILE DUCT is also why one stone low down can cause jaundice AND pancreatitis at once — both organs drain through the same outlet."
2822,3 - Biliary Pancreas Nutrition,N144_L3 | N144_L3_O1,"What does the gallbladder do to bile while it is stored, and how much does it hold?","It ABSORBS WATER AND MINERALS, concentrating the bile 5-10 TIMES. Capacity 30-50 mL. Thick wall, attached at the mid-portion undersurface of the liver.","Between meals the SPHINCTER OF ODDI is closed, so bile backs up into the gallbladder and sits there losing water.

That concentration is exactly why gallstones form here and not in the liver — concentrate anything enough and it precipitates out."
2824,3 - Biliary Pancreas Nutrition,N144_L3 | N144_L3_O1,"What is the EXOCRINE function of the pancreas, what triggers it, and where are the enzymes activated?","Production and release of DIGESTIVE ENZYMES for protein, fat and carbohydrate. TRIGGERED BY BILE. Activated in the DUODENUM.","The enzymes are an ALKALINE fluid, so they also NEUTRALIZE stomach acid arriving in the duodenum.

Activation happening in the duodenum rather than in the pancreas is the critical safety feature — and it is exactly what fails in acute pancreatitis.

ENDOcrine function (insulin, glucagon) is covered in NUR 146."
2825,3 - Biliary Pancreas Nutrition,N144_L3 | N144_L3_O1,Name the three parts of the small intestine and two things it deactivates.,DUODENUM · JEJUNUM · ILEUM. Deactivates PANCREATIC ENZYMES and STOMACH ACID.,"Everything arriving from above is corrosive — acid from the stomach, enzymes from the pancreas. The small intestine has to switch both off once they have done their job."
2826,3 - Biliary Pancreas Nutrition,N144_L3 | N144_L3_O2,Which labs are ordered for biliary and pancreatic dysfunction?,"PANCREATIC ENZYMES — AMYLASE and LIPASE.
LIVER FUNCTION TESTS — AST, ALT.
BILIRUBIN — direct and indirect.",Amylase and lipase are the pancreas-specific pair. Bilirubin is split direct/indirect because WHICH one is elevated tells you where the problem is — the same logic as the three types of jaundice in Lecture 2.
2827,3 - Biliary Pancreas Nutrition,N144_L3 | N144_L3_O2,"What are the FIVE diagnostic studies for the biliary system, and which is first-line?",ULTRASOUND (first-line) · CT · MRI · ENDOSCOPY · ERCP,"ULTRASOUND is first-line for gallstones — it excels at dense objects, stones are dense, and it uses no radiation and no contrast.

ERCP = Endoscopic Retrograde CholangioPancreatography. Decode it: a SCOPE, going BACKWARD up the ducts, imaging the BILE ducts and PANCREAS. It is both DIAGNOSTIC and THERAPEUTIC — it can remove the stone during the same procedure, which is why it matters so much when one stone is blocking the ampulla.

CT and MRI add cross-sectional detail for masses, abscesses and anatomy the ultrasound cannot resolve.

TEXTBOOK ADDS TWO MORE: HIDA scan (cholescintigraphy) when ultrasound is inconclusive, especially for ACALCULOUS cholecystitis; and PTC, which distinguishes hepatocellular from obstructive jaundice when ERCP is unsafe."
2828,3 - Biliary Pancreas Nutrition,N144_L3 | N144_L3_O2,"In acute pancreatitis, how do amylase and lipase behave over time?",Both elevated within 24 HOURS of symptom onset. AMYLASE returns to normal in 48-72 hours. LIPASE stays elevated LONGER.,"Which is why lipase is more useful if the patient presents late — amylase may already have normalized while the pancreatitis is still active.

Diagnostic threshold: greater than 3X the upper limit of normal."
2830,3 - Biliary Pancreas Nutrition,N144_L3 | N144_L3_O5,"CHOLECYSTITIS — what is it, the two types, how does it present, and what is the priority?","INFLAMMATION of the gallbladder.
CALCULOUS — a GALLSTONE obstructs bile outflow. ACALCULOUS — inflammation WITHOUT a stone.
PRESENTS — RUQ pain with RIGIDITY, FEVER, positive MURPHY'S SIGN, elevated WBC.
PRIORITY — NPO, to reduce gallbladder stimulation and inflammation.
COMPLICATIONS — GANGRENE · PERFORATION · SECONDARY INFECTION of bile by enteric organisms. Chronic may include EMPYEMA.","WBC is up because this is INFLAMMATION — lipase tells you the pancreas is involved, WBC tells you something is inflamed.

A RELIABLE RULE FOR GI QUESTIONS: NPO is usually the right answer when it appears as an option. Eating stimulates the organ you are trying to rest. And whenever a patient is NPO, think about HYDRATION.

CHOLECYSTITIS is inflammation; CHOLELITHIASIS is stones. You can have stones with no inflammation, and inflammation with no stones."
2831,3 - Biliary Pancreas Nutrition,N144_L3 | N144_L3_O5,"CHOLELITHIASIS — what is it, who gets it, why does it form, and how does it present?","STONES in the gallbladder — the most common abnormality of the biliary system.
WHY — the gallbladder CONCENTRATES bile by removing water; concentrate any solution enough and solids PRECIPITATE out, like salt water evaporating.
TWO TYPES — PIGMENT (bilirubin + calcium salts, 20%, cannot be dissolved, must be removed surgically) · CHOLESTEROL (the other 80%, usually green).
WHO — classically a WOMAN in her 40s, somewhat overweight; plus ORAL CONTRACEPTIVES and DIABETES.
PRESENTS — often ASYMPTOMATIC. Otherwise BILIARY COLIC: severe RUQ pain with nausea and vomiting SEVERAL HOURS AFTER A FATTY MEAL, radiating to BACK or RIGHT SHOULDER.","FATTY MEAL is the trigger because fat releases CHOLECYSTOKININ, which makes the gallbladder squeeze — against a stone.

Estrogen raises cholesterol in bile, which is why female sex AND oral contraceptives both increase risk.

LITH means stone anywhere: cholelithiasis, nephrolithiasis, and a FECALITH — a stone of stool, the main cause of appendicitis.

FEVER or a palpable MASS means it has progressed to obstruction, inflammation or infection."
2833,3 - Biliary Pancreas Nutrition,N144_L3 | N144_L3_O5,What are the risk factors for PIGMENT versus CHOLESTEROL gallstones?,"PIGMENT — CIRRHOSIS · HEMOLYSIS · BILIARY TRACT INFECTION.
CHOLESTEROL — fatty diet · diabetes · heart disease · heredity · sedentary lifestyle · hypercholesteremia.","PIGMENT stones are made of bilirubin, so anything producing EXCESS bilirubin makes them: hemolysis (red cells breaking down fast) and cirrhosis. Biliary infection changes bile chemistry. Pigment stones CANNOT be dissolved — they must be removed surgically.

CHOLESTEROL stones come from bile supersaturated with cholesterol: decreased bile acid synthesis plus increased cholesterol synthesis in the liver. Cholesterol is insoluble in water, so once it exceeds what the bile acids can hold, it precipitates out."
2837,3 - Biliary Pancreas Nutrition,N144_L3 | N144_L3_O4,Which THREE findings appear when a gallstone blocks the COMMON BILE DUCT?,JAUNDICE · DARK urine · LIGHT or CLAY-colored stool,"This is OBSTRUCTIVE JAUNDICE from Lecture 2, arriving from a new cause. Bile cannot reach the intestine, so no stool color; the bilirubin goes out renally instead, so the urine darkens.

The distinction matters: stones in the GALLBLADDER cause pain. A stone in the COMMON BILE DUCT causes jaundice, because now nothing is getting through."
2840,3 - Biliary Pancreas Nutrition,N144_L3 | N144_L3_O6,What are the FIVE approaches to medical management of cholelithiasis?,ERCP · dietary management · MEDICATIONS (ursodeoxycholic acid) · LAPAROSCOPIC CHOLECYSTECTOMY · nonsurgical removal by instrumentation or LITHOTRIPSY (intracorporeal or extracorporeal).,"URSODEOXYCHOLIC ACID (Actigall) also appeared in Lecture 2 — it promotes bile flow, and here it can dissolve small cholesterol stones.

LITHO = stone, TRIPSY = crushing. INTRAcorporeal is inside the body; EXTRAcorporeal is shock waves from outside."
2841,3 - Biliary Pancreas Nutrition,N144_L3 | N144_L3_O6,What are the SEVEN POST-OPERATIVE interventions after gallbladder surgery?,"LOW FOWLER position · NG or NPO until BOWEL SOUNDS RETURN, then a SOFT, LOW-FAT, HIGH-CARBOHYDRATE diet · care of the biliary drainage system · analgesics · turn, cough and deep breathe with SPLINTING · ambulation · self-care education.","LOW FAT because the gallbladder that concentrated bile for fat digestion is gone — the liver still makes bile, but there is no reservoir to deliver a bolus when fat arrives.

Coughing and deep breathing because the incision is high and near the diaphragm, so patients splint and under-ventilate. That is also why respiratory status is assessed."
2842,3 - Biliary Pancreas Nutrition,N144_L3 | N144_L3_O6,"What FIVE things do you assess after LAPAROSCOPIC gallbladder surgery, and what would they mean?","Loss of appetite (ANOREXIA) · vomiting (EMESIS) · PAIN · DISTENTION · FEVER.
They suggest INFECTION or DISRUPTION OF THE GI TRACT.","Also watch the general surgical complications: ATELECTASIS and THROMBOPHLEBITIS.

Atelectasis connects to the splinting problem — shallow breathing collapses alveoli."
2843,3 - Biliary Pancreas Nutrition,N144_L3 | N144_L3_O6,What are the SEVEN nursing assessments for a biliary patient?,Carefully collect patient HISTORY · assess LEARNING NEEDS · consider RESPIRATORY status and risk factors (especially post-op) · assess NUTRITIONAL status · monitor for BLEEDING dysfunction · assess GI symptoms · assess for post-op complications.,"BLEEDING is on the list because bile is needed to absorb fat-soluble vitamins — including VITAMIN K, which the liver needs to make prothrombin. Block the bile and clotting suffers."
2844,3 - Biliary Pancreas Nutrition,N144_L3 | N144_L3_O6,"What are the FIVE nursing diagnoses for the biliary patient, and the matching goals?","Acute PAIN → relief of pain.
Impaired GAS EXCHANGE → adequate ventilation.
Impaired SKIN integrity → intact skin and improved biliary drainage.
Imbalanced NUTRITION → optimal nutritional intake.
Deficient KNOWLEDGE → understanding self-care routines.
Plus the overall goal: ABSENCE OF COMPLICATIONS.","Each goal is just its diagnosis stated as an outcome — learn them as pairs, not two separate lists.

GAS EXCHANGE because the incision is high and near the diaphragm, so patients splint and under-ventilate. That is why turn-cough-deep-breathe WITH SPLINTING is a post-op intervention.

SKIN because bile is caustic and there may be a T-tube drainage system leaking onto it."
2845,3 - Biliary Pancreas Nutrition,N144_L3 | N144_L3_O5,"ACUTE PANCREATITIS — mechanism, cause, two forms, and how does the pain behave?","The pancreatic duct becomes OBSTRUCTED, so enzymes cannot get out and begin DIGESTING THE PANCREAS ITSELF.
CAUSE — CHOLELITHIASIS or ALCOHOL account for 80%.
TWO FORMS — INTERSTITIAL EDEMATOUS (mild, self-limiting) · NECROTIZING (severe, resistant to treatment).
PAIN — SEVERE, MIDEPIGASTRIC, onset 24-48 HOURS after a heavy meal or alcohol. Diffuse then localizing. WORSE after meals. NOT relieved by antacids, NOT relieved by vomiting. With guarding.
ALSO — nausea and vomiting (may be BILE STAINED), fever, jaundice, acutely ill appearance.","The two negatives are the discriminator. Antacids fail because this is not an acid problem. Vomiting fails because emptying the stomach does not unblock the pancreatic duct — unlike an ulcer, where vomiting relieves.

BILE-STAINED emesis (greenish-yellow) means contents from the DUODENUM are refluxing back, since bile enters below the stomach.

DIAGNOSIS needs 2 OF 3: upper abdominal pain history · amylase or lipase over 3× normal · characteristic imaging."
2850,3 - Biliary Pancreas Nutrition,N144_L3 | N144_L3_O4,"What does SEVERE acute pancreatitis look like — shock signs, named signs, and organ complications?","SHOCK — mental CONFUSION · hypotension, tachycardia, cold clammy skin, cyanosis · RIGID BOARDLIKE abdomen if peritonitis.
NAMED SIGNS — CULLEN (bruising around the UMBILICUS) · GREY TURNER (bruising at the FLANK). Both mean blood tracking from the retroperitoneum — the gland is bleeding.
ORGANS — acute KIDNEY INJURY · RESPIRATORY DISTRESS with hypoxia and infiltrates · HYPOCALCEMIA · HYPERGLYCEMIA · DIC.","THIRD-SPACING drives the shock: inflamed tissue leaks fluid out of circulation, so the patient is hypovolemic while looking swollen.

HYPOCALCEMIA because fat digested by escaped lipase BINDS CALCIUM — saponification. HYPERGLYCEMIA because the endocrine tissue is damaged alongside the exocrine.

DIC — the patient clots widely, USES UP all their clotting factors, then BLEEDS. Which is also why NSAIDs are avoided: they affect clotting in a patient who may already be bleeding."
2851,3 - Biliary Pancreas Nutrition,N144_L3 | N144_L3_O2,How is acute pancreatitis DIAGNOSED — what are the three criteria and how many are needed?,"The patient must meet 2 OF 3:
1. History of upper abdominal pain
2. Serum AMYLASE or LIPASE greater than 3X the upper limit
3. Abnormal imaging — CT, MRI or ultrasound","Two of three, not all three — which matters because a patient presenting late may have a normal amylase already.

Enzymes usually elevate within 24 hours. Amylase normalizes in 48-72 hours; lipase stays up longer."
2852,3 - Biliary Pancreas Nutrition,N144_L3 | N144_L3_O6,How is acute pancreatitis TREATED — including diet and what is avoided?,"NPO · feed by the ENTERAL route (parenteral only if enteral is not tolerated) · NG suction to relieve vomiting and distention (NOT routine) · ANALGESIA sufficient to minimize restlessness, often OPIOIDS · remove the blockage.
DIET when resumed — HIGH-CARBOHYDRATE, LOW-PROTEIN, LOW-FAT.
AVOID NSAIDS.","Every element rests the pancreas. Food — especially FAT and PROTEIN — triggers enzyme release, and enzyme release is what is digesting the organ. Carbohydrate stimulates it least, which is why the diet is high-carb.

ENTERAL over parenteral even here, because feeding the gut preserves its integrity and lowers infection risk. Bypass the gut and it atrophies.

NSAIDs are avoided for CLOTTING, not for stomach irritation — the patient may be bleeding or heading toward DIC."
2854,3 - Biliary Pancreas Nutrition,N144_L3 | N144_L3_O5,"CHRONIC PANCREATITIS — mechanism, cause, pain pattern, and what is lost?","PROGRESSIVE inflammation where pancreatic cells are replaced by FIBROUS TISSUE.
CAUSE — most often EXCESSIVE ALCOHOL in the U.S.; MALNUTRITION worldwide.
PAIN — RECURRENT attacks of UPPER ABDOMINAL AND BACK pain with vomiting, so severe that even OPIOIDS may not relieve it (dependence risk). Attacks become MORE frequent, MORE severe, LONGER.
LOST FUNCTION — WEIGHT LOSS and anorexia · STEATORRHEA (frothy, frequent, foul) · CALCIUM STONES in the ducts in advanced disease.","BACK pain because the pancreas is RETROPERITONEAL — the same reason a penetrating ulcer refers to the back.

STEATORRHEA because the pancreas can no longer make LIPASE, so fat passes undigested. Weight loss comes from both the malabsorption and from not eating because of pain.

Fibrous tissue does not secrete. This is the pancreatic version of cirrhosis — working tissue replaced by scar.

VERSUS ACUTE: acute is a sudden attack with fever, jaundice, confusion, agitation and ecchymosis, and it can resolve. Chronic is RECURRENT attacks with progressive LOSS OF FUNCTION — steatorrhea and weight loss — and the damage does not reverse."
2857,3 - Biliary Pancreas Nutrition,N144_L3 | N144_L3_O6,How is chronic pancreatitis managed?,"Prevent acute attacks · manage pain by the pain ladder.
NONSURGICAL (2/3) — ENDOSCOPY: stone removal, STENTS for strictures, cyst drainage.
SURGICAL (1/3) — PANCREATICOJEJUNOSTOMY (Roux-en-Y): pancreatic secretions drain into the jejunum. Pain relief within 6 months for most. Also WHIPPLE resection.","The surgery makes a new drainage route — if the duct is blocked by fibrosis, bypass it into the bowel. Many surgical patients still have some symptoms. It is not a cure."
2859,3 - Biliary Pancreas Nutrition,N144_L3 | N144_L3_O7,What are the FIVE advantages of enteral over parenteral feeding?,Safe and cost effective · preserves GI INTEGRITY · preserves normal intestinal and hepatic metabolism · maintains fat metabolism and lipoprotein synthesis · maintains normal INSULIN and GLUCAGON ratios.,Every advantage is a version of the same idea — food arriving the normal way keeps the whole downstream system doing its job. Bypass the gut and the gut atrophies. Indicated when oral intake is inadequate AND the gut is FUNCTIONING.
2860,3 - Biliary Pancreas Nutrition,N144_L3 | N144_L3_O7,Name the enteral feeding routes — temporary and long-term — and when each is used.,"TEMPORARY — nasogastric · nasoduodenal · nasojejunal. Used when the stomach must be bypassed for LESS THAN 4 WEEKS, or for high ASPIRATION risk. Typically under 12-Fr.
LONG-TERM — GASTROSTOMY (G-tube), including PEG (percutaneous endoscopic gastrostomy) · JEJUNOSTOMY (J-tube).","Four weeks is the dividing line. Past that, a nasal tube causes too much irritation and a surgical route is placed instead.

Feeding BEYOND the stomach reduces the volume available to reflux upward, which is why it is chosen for aspiration risk."
2861,3 - Biliary Pancreas Nutrition,N144_L3 | N144_L3_O8,"What is BOLUS tube feeding — volume, method, and rate control?","Total daily volume divided into 4-6 feeds, typically 200-400 mL each. Given by SYRINGE (over 50 mL) by GRAVITY over 15-60 minutes. Start slowly. RAISE the syringe to speed up, LOWER it to slow down.","Gravity is the rate control — height of the syringe is the dial. ""When it is higher than you it goes into you."" The daily amount is set by a dietitian from height, weight and needs."
2862,3 - Biliary Pancreas Nutrition,N144_L3 | N144_L3_O8,"What SIX things vary between enteral FORMULAS, and what do they all lack?","Caloric density · OSMOLALITY · fiber · minerals · electrolytes · cost.
ALL of them lack the full amount of WATER needed.","Formula is only 70-85% free water, so flushes are a FLUID SOURCE, not just tube maintenance — and flush volume counts as intake.

OSMOLALITY is the one that causes trouble: a hyperosmolar formula delivered too fast pulls water out of the bloodstream into the gut. That is DUMPING SYNDROME."
2863,3 - Biliary Pancreas Nutrition,N144_L3 | N144_L3_O9,"How is a tube feeding ADMINISTERED — position, placement check, water, and hang time?","POSITION — SEMI-FOWLER, head elevated AT LEAST 30 DEGREES, during and after.
PLACEMENT — X-RAY is the GOLD STANDARD. Others: aspirate and check pH (acidic), or auscultate 5 mL of air (most common, LEAST reliable). Check the external marking every time.
WATER — flush BEFORE and AFTER each medication, BEFORE and AFTER each feeding, EVERY 4-6 HOURS, and whenever feeding is stopped or interrupted.
MEDICATIONS — give SEPARATELY, never mixed with each other or with formula.
HANG TIME — open system NO MORE THAN 4-8 HOURS, to avoid bacterial contamination.","30 DEGREES because gravity is the only thing keeping formula out of the lungs in a patient who may not be able to protect their airway.

WHY FLUSHING WHEN YOU STOP MATTERS: a pump turned off for an NPO order without a flush leaves formula sitting in the tube. By morning it dries and jams the tube completely. Formula sets like glue.

GRAVITY RULE: when the reservoir is HIGHER than the patient, contents flow INTO them; when it is LOWER, contents flow back OUT. The reservoir must stay ABOVE the stomach. Raise the syringe to speed a bolus, lower it to slow it.

Treat FORMULA like a medication — there are many types and each patient is prescribed a specific one."
2868,3 - Biliary Pancreas Nutrition,N144_L3 | N144_L3_O7,Which FOUR findings identify a patient as a candidate for PARENTERAL nutrition?,Decreased oral intake for MORE THAN 1 WEEK · weight loss of 10% OR MORE of usual weight · MUSCLE WASTING and decreased tissue healing · PERSISTENT nausea and vomiting.,"Parenteral is the fallback when the gut cannot be used at all. Enteral is always preferred — it preserves gut integrity and avoids a central line.

In acute pancreatitis specifically: feed ENTERALLY, parenteral only if enteral is not tolerated."
2871,3 - Biliary Pancreas Nutrition,N144_L3 | N144_L3_O9,What is the NURSING CARE for a patient on parenteral nutrition?,"INFECTION — STRICT STERILE technique, dressing every 3 days per protocol (textbook: transparent every 7 days) · WEAR A MASK · assess the site EVERY SHIFT · scrub the hub before access.
NUTRITION — DAILY WEIGHT at the same time of day · accurate I&O · caloric count · trace elements.
GLUCOSE — check regularly; the solution is DEXTROSE 10% with lipids.
IF IT RUNS OUT OR STOPS SUDDENLY — hang D10 to prevent REBOUND HYPOGLYCEMIA.
NEVER SPEED IT UP — too fast causes REFEEDING SYNDROME (hypophosphatemia, hypokalemia, hypomagnesemia).","""This is not like putting an IV in, this is a CENTRAL LINE"" — it ends near the heart, so contamination goes straight to the systemic circulation. And the solution is sugar-rich: bacteria love it.

REBOUND HYPOGLYCEMIA happens because the body has been making insulin for a constant glucose load. Remove the load abruptly and the insulin is still there with nothing to act on.

REFEEDING SYNDROME is the opposite error — cells suddenly take up electrolytes to metabolize the glucose. Phosphate is the one that kills; the heart runs out of ATP."
2873,3 - Biliary Pancreas Nutrition,N144_L3 | N144_L3_O7,"Compare ENTERAL and PARENTERAL nutrition — route, requirement, and main risk.","ENTERAL — into the GI TRACT. Requires a FUNCTIONING gut. Main risks: ASPIRATION, diarrhea, tube problems.
PARENTERAL — into a VEIN, bypassing the gut entirely. Used when the gut cannot be used. Main risks: CATHETER complications and SEPSIS.","PARA- means beside, ENTERAL means intestine — parenteral literally means ""beside the intestine,"" i.e. around it.

Enteral is always preferred when possible: cheaper, safer, and it keeps the gut working."
2926,3 - Biliary Pancreas Nutrition,N144_L3 | N144_L3_O2,"Amylase and lipase are both elevated in pancreatitis. Which is MORE SPECIFIC, and why does that matter?","LIPASE is specific to the pancreas. AMYLASE rises first (""A before L"") but can be elevated for OTHER reasons — including the SALIVARY GLANDS.","If both are elevated you can be reasonably confident the problem is pancreatic. If ONLY amylase is up, look for another cause — SALIVARY GLAND disease is the classic alternative.

TIMING: both rise within 24 hours of onset. Amylase returns to normal in 48-72 hours; lipase stays elevated longer, which makes it more useful in a patient who presents late."
2927,3 - Biliary Pancreas Nutrition,N144_L3 | N144_L3_O4,"What is MURPHY'S SIGN, and what does it tell you?","Press up under the RIGHT costal margin and ask the patient to BREATHE IN. If the descending gallbladder hits your hand and they stop breathing from pain, the sign is positive.
About 97% SPECIFIC for cholecystitis.","Inspiration pushes the diaphragm — and the inflamed gallbladder — down onto your fingers. The patient stops mid-breath because it hurts.

97% SPECIFIC means a positive sign is highly likely to be cholecystitis. It does not mean sensitive — a negative Murphy's does not rule it out.

Worth knowing because it appears in the textbook but not on the lecture slides, and it has shown up on review questions."
2935,3 - Biliary Pancreas Nutrition,N144_L3 | N144_L3_O6,"What is URSODEOXYCHOLIC ACID used for, how long is it taken, and which stones does it NOT work on?","Dissolves SMALL CHOLESTEROL stones by binding with bile. Taken generally 6 TO 12 MONTHS after diagnosis.
It does NOT work on PIGMENT stones — those cannot be dissolved and must be removed surgically.","Slow because it works by gradually shifting bile chemistry so cholesterol redissolves rather than precipitating. The gallbladder must still be functioning and the stones must be small.

PIGMENT stones are made of bilirubin and calcium salts, which this drug has no effect on — that is why stone TYPE determines whether medical management is even an option.

Same drug appeared in Lecture 2 as ACTIGALL, where it was used to promote bile flow."
2936,3 - Biliary Pancreas Nutrition,N144_L3 | N144_L3_O5,"What is a STRICTURE, and how is it fixed?",A NARROWING — the same thing as a STENOSIS. Fixed by placing a STENT to hold it open or bypass it.,"Applies to any tube in the body: pancreatic duct, bile duct, esophagus, ureter, or blood vessel.

A stricture forms where repeated inflammation heals with scar, and scar CONTRACTS as it matures — so the channel narrows progressively. A stent holds it open mechanically because the tissue itself will not stay open."
2937,3 - Biliary Pancreas Nutrition,N144_L3 | N144_L3_O6,"After ANY GI surgery, what will the patient almost always come back with, and why?","An NG TUBE to LOW INTERMITTENT SUCTION — ""almost 90% of the time."" It DECOMPRESSES the stomach so acid and digestive juices do not reach and disrupt the surgical site.","Roughly 90% of GI surgery patients return with one.

It comes out a day or two later when BOWEL SOUNDS RETURN. Then NPO until bowel sounds, then start low and go slow with the diet.

It also prevents aspiration, but the surgical-site protection is the primary reason. A fresh anastomosis exposed to acid and digestive enzymes can leak."
2938,3 - Biliary Pancreas Nutrition,N144_L3 | N144_L3_O4,"What does BILE look like in vomit, and why would it be there?","GREENISH or YELLOWISH. It means contents from the DUODENUM are refluxing back — bile enters at the ampulla of Vater, below the stomach.","Bile-stained emesis appears in the pancreatitis assessment findings.

The diagnostic value: bile enters at the ampulla of Vater, which is BELOW the stomach. So if vomit contains bile, the problem is below the pylorus — contents are coming back UP from the duodenum. Vomit with no bile points above that level."
2939,3 - Biliary Pancreas Nutrition,N144_L3 | N144_L3_O1,Why can a SINGLE gallstone cause JAUNDICE and PANCREATITIS at the same time?,"Because the liver and the pancreas DRAIN THROUGH THE SAME OUTLET. The common bile duct and the pancreatic duct join at the AMPULLA OF VATER before emptying into the duodenum.
One stone lodged there blocks BOTH: bile backs up into the liver (JAUNDICE) and enzymes back up into the pancreas, where they activate and digest it (PANCREATITIS).","Block a shared drain low down and everything upstream backs up.

This is why the same patient can have clay stool, dark urine and itching (bile not reaching the gut) alongside severe midepigastric pain and a lipase over 3x normal.

It is also why ERCP is both diagnostic and therapeutic here — the scope reaches the ampulla and can remove the stone, relieving both problems at once.

And it explains the 80% figure: cholelithiasis and alcohol account for 80% of acute pancreatitis. Stones are that common a cause precisely because of this shared anatomy."
2945,3 - Biliary Pancreas Nutrition,N144_L3 | N144_L3_O9,"What happens to a G-tube site over time, and what does it lead to?","Every pull STRETCHES the opening — like a pierced ear getting bigger. Eventually it LEAKS, and leakage causes FUNGAL INFECTION and skin BREAKDOWN.","This is why the SITE is assessed every time, not just the tube — leakage, mucus and formula accumulate and the area gets macerated.

G-tubes rarely come out permanently, because the condition that required one usually does not resolve. So the site has to be protected over months or years."
2946,3 - Biliary Pancreas Nutrition,N144_L3 | N144_L3_O7,What is a GJ tube?,"A single tube with TWO OPENINGS — one into the STOMACH and one into the JEJUNUM. Some things go to one, some to the other; medications may be ordered to a specific port.","Lets you FEED the jejunum while giving medications into, or venting, the STOMACH.

Useful when a patient needs post-pyloric feeding for aspiration risk but still needs gastric access — for decompression, or for medications that must reach the stomach to be absorbed properly.

Check which port an order specifies before giving anything."
3002,3 - Biliary Pancreas Nutrition,N144_L3 | N144_L3_O8,"How is CONTINUOUS or cyclic tube feeding given, and who gets it?","Over 8-18 HOURS, PUMP controlled. For CRITICALLY ILL patients, HIGH ASPIRATION RISK, risk for intolerance, and SMALL BOWEL placements.",Small bowel placements must be continuous because the jejunum has no reservoir — a bolus there causes DUMPING SYNDROME.
3024,3 - Biliary Pancreas Nutrition,N144_L3 | N144_L3_O9,"What is REFEEDING SYNDROME, and what electrolytes drop?","A dangerous shift when nutrition is restarted TOO RAPIDLY in a malnourished patient — cells suddenly take up electrolytes to metabolize the glucose. HYPOPHOSPHATEMIA, HYPOKALEMIA, HYPOMAGNESEMIA shortly after infusion begins.
Also nausea, vomiting, lightheadedness, abrupt vital sign changes.","TEXTBOOK. Notify the provider immediately. This is the other reason PN rate must never be changed rapidly — too fast up causes refeeding syndrome, too fast down causes rebound hypoglycemia.

Phosphate is the one that kills — it is needed for ATP and the heart runs out of energy."
3025,3 - Biliary Pancreas Nutrition,N144_L3 | N144_L3_O9,How is the PN central line site dressed and maintained?,"CHLORHEXIDINE disc or gel under a SEMIPERMEABLE TRANSPARENT dressing — changed every 7 DAYS unless damp, bloody, loose or soiled. Occlusive gauze alternative changed every 48 HOURS.
SCRUB THE HUB 15 SECONDS before any access; air-dry. Nurse AND patient wear masks during changes.","TEXTBOOK. The SKIN and the CATHETER HUB are the major sources of CLABSI — central line-associated bloodstream infection.

DRESSING FREQUENCY CONFLICT: your course materials say every 3 days, which reflects facility protocol. The textbook standard for a TRANSPARENT semipermeable dressing is every 7 days unless it becomes damp, bloody, loose or soiled; an occlusive GAUZE dressing is changed every 48 hours. Answer 3 days if asked in this course, but know the textbook numbers."
3032,3 - Biliary Pancreas Nutrition,N144_L3 | N144_L3_O2,"What is CHOLESCINTIGRAPHY (HIDA scan), and when is it used?","A RADIOACTIVE agent is given IV, taken up by hepatocytes, and excreted through the biliary tract, which is then scanned.
Used to diagnose ACUTE CHOLECYSTITIS or bile duct blockage — especially when ULTRASOUND IS INCONCLUSIVE, such as ACALCULOUS cholecystitis.","TEXTBOOK. More expensive, slower, and involves radiation, so ultrasound comes first. If the tracer never reaches the gallbladder, the cystic duct is blocked."
3033,3 - Biliary Pancreas Nutrition,N144_L3 | N144_L3_O2,"What is PTC, and what can it distinguish?","PERCUTANEOUS TRANSHEPATIC CHOLANGIOGRAPHY — dye injected DIRECTLY into the biliary tract through the skin and liver, outlining the entire duct system.
Distinguishes HEPATOCELLULAR jaundice from OBSTRUCTIVE jaundice. Reserved for when ERCP is unsafe (prior biliary surgery); mostly replaced by ERCP and MRCP.","TEXTBOOK. Can be done even with liver dysfunction and jaundice. MRCP = Magnetic Resonance CholangioPancreatography, the non-invasive version."
3034,3 - Biliary Pancreas Nutrition,N144_L3 | N144_L3_O6,"What is a CHOLEDOCHOSTOMY, and who gets it?","An incision into the COMMON BILE DUCT to remove stones, then a TUBE (T-tube) left in for gravity DRAINAGE of bile until edema subsides. For the patient with acute cholecystitis TOO ILL for cholecystectomy — the lap chole is planned later once inflammation resolves.","TEXTBOOK. CHOLEDOCHO = common bile duct, -OSTOMY = opening. Compare CHOLECYSTOSTOMY — opening and draining the GALLBLADDER itself, with a purse-string-secured tube, when the patient cannot tolerate more."
3035,3 - Biliary Pancreas Nutrition,N144_L3 | N144_L3_O6,What are the FIVE nursing actions for a BILIARY DRAINAGE tube (T-tube)?,"Keep the drainage system BELOW the level of the insertion site · never clamp without an order · observe and RECORD bile output — amount, color, character · assess skin around the site for BILE LEAKAGE and irritation · watch for signs of obstruction: pain, fever, JAUNDICE, CLAY stools.","TEXTBOOK. Bile is caustic to skin, which is why ""impaired skin integrity"" is a biliary nursing diagnosis. If output drops suddenly and jaundice appears, the tube is blocked."
3036,3 - Biliary Pancreas Nutrition,N144_L3 | N144_L3_O6,What are the FOUR self-care teaching points after LAPAROSCOPIC cholecystectomy?,"Usually home the same day · resume normal activities within a week, but no heavy lifting · LOW-FAT diet initially, then advance as tolerated · report FEVER, worsening pain, JAUNDICE, dark urine, pale stool, or drainage from incisions.
Shoulder pain from CO2 insufflation is common for a few days — walking helps.","TEXTBOOK Chart 45-2.

The SHOULDER PAIN is from the carbon dioxide used to inflate the abdomen during the procedure irritating the diaphragm — the same phrenic nerve referral that makes a perforated ulcer hurt in the shoulder, but benign here. Walking helps it disperse.

The symptoms to report all point to one of two problems: INFECTION (fever, worsening pain, drainage) or BILE OBSTRUCTION (jaundice, dark urine, pale stool)."
2874,4 - Lower GI,N144_L4 | N144_L4_O1,"What should normal fecal matter be composed of, and what makes it brown?",75% FLUID and 25% SOLID. The brown color comes from BREAKDOWN OF BILE BY GUT BACTERIA.,"That is why clay-colored stool means no bile is arriving — no bile, nothing for the bacteria to break down, no color.

It also means stool color depends on BACTERIA, not just bile. Antibiotics can change it."
2875,4 - Lower GI,N144_L4 | N144_L4_O1,Walk through the process of ELIMINATION — what triggers it and what is voluntary?,RECTAL DISTENTION causes contraction of the musculature and RELAXES THE INTERNAL anal sphincter. The EXTERNAL anal sphincter is under VOLUNTARY control. Contracting the abdominal muscles aids defecation.,"Two sphincters, two control systems. The internal one opens automatically when the rectum fills; the external one is the one you decide about.

This is the same voluntary/involuntary split as the upper esophageal sphincter — control at both ENDS of the tract, automatic in between."
2876,4 - Lower GI,N144_L4 | N144_L4_O1,What happens to GASES formed in the GI tract?,"Absorbed by the PORTAL CIRCULATION, DETOXIFIED BY THE LIVER, or expelled from the rectum as FLATUS.",Everything absorbed from the gut goes to the liver first — the same portal system that fails in cirrhosis.
2877,4 - Lower GI,N144_L4 | N144_L4_O1,"What are the FOUR functions of the gut microbiome, and when is it established?",Breakdown of waste · VITAMIN SYNTHESIS · immune functions (both protective and inflammatory) · colonization begins AT BIRTH and is established by AGE 2.,"Influenced by age, genetics, diet, personal hygiene, infection, vaccinations, chronic disease, and MEDICATION — especially ANTIBIOTICS.

Antibiotics are the big one clinically: wipe out the microbiome and you get C. difficile and antibiotic-associated diarrhea."
2878,4 - Lower GI,N144_L4 | N144_L4_O2,How far does a COLONOSCOPY go versus a SIGMOIDOSCOPY?,"COLONOSCOPY — through the rectum and sigmoid into the DESCENDING, TRANSVERSE and ASCENDING colon. The whole colon.
SIGMOIDOSCOPY — advanced past the proximal sigmoid and then into the DESCENDING colon only.",She wrote a knowledge check on this. The name tells you the limit: SIGMOIDoscopy reaches the sigmoid and a bit beyond; COLONoscopy does the colon.
2879,4 - Lower GI,N144_L4 | N144_L4_O5,"What is constipation, and how does it present?","FEWER THAN THREE bowel movements weekly, or stools that are HARD, DRY, SMALL or DIFFICULT TO PASS. Presents with distention, bloating, STRAINING, and a sensation of INCOMPLETE EVACUATION.
PERCEIVED constipation — subjective; the pattern does not match what the person believes is normal.","The textbook gives a fixed number; in lecture she taught it relative to the patient's own baseline. PERCEIVED constipation is the formal name for the baseline idea — the pattern does not match what that person believes is normal.

About 15% of Americans have CHRONIC constipation, defined as symptoms persisting at least 3 MONTHS. Most chronic constipation is IDIOPATHIC — no identifiable cause.

Why baseline matters clinically: a patient who normally goes three times a day and has not gone in two days is constipated, even though two days is within many people's normal."
2880,4 - Lower GI,N144_L4 | N144_L4_O3,What are the NINE causes of constipation?,Many MEDICATIONS · chronic LAXATIVE use · weakness · immobility · fatigue · inability to increase INTRA-ABDOMINAL PRESSURE · diet · IGNORING THE URGE to defecate · lack of regular exercise.,"Chronic laxative use causing constipation is the counterintuitive one — the bowel becomes dependent and stops working on its own.

Ignoring the urge matters because the rectum adapts: the distention signal weakens if it is repeatedly overridden."
2882,4 - Lower GI,N144_L4 | N144_L4_O5,Name the SIX complications of constipation.,"DECREASED CARDIAC OUTPUT · fecal IMPACTION · HEMORRHOIDS · FISSURES · RECTAL PROLAPSE · MEGACOLON (dilated, atonic colon).","DECREASED CARDIAC OUTPUT leads the list because STRAINING is a VALSALVA maneuver — it raises intrathoracic pressure, which reduces venous return and drops cardiac output. Dangerous in patients with STROKE risk or cardiac disease.

The other five are all mechanical consequences of straining and hard stool:
IMPACTION — a hard mass that fresh liquid stool then leaks around, looking like diarrhea.
HEMORRHOIDS — varices in the rectal area; ""think esophageal varices, but in the rectum.""
FISSURES — cracks; very painful.
RECTAL PROLAPSE — an organ pushed down and out by pressure.
MEGACOLON — the colon stretched by chronic retention."
2883,4 - Lower GI,N144_L4 | N144_L4_O6,"What is the GASTROCOLIC REFLEX, what actually comes out, and how do you use it in teaching?","Food entering the stomach signals the colon to MAKE ROOM — ""hey colon, we're sending some luggage down.""
What comes out is the PREVIOUS meal, not what was just eaten.
USE IT — teach the patient to attempt a bowel movement AT THE SAME TIME EACH DAY, ideally AFTER A MEAL or a warm drink.","This is why patients say ""as soon as I eat I have to go,"" and why morning coffee works.

Timing a bowel attempt to the reflex means working WITH the body's own signal instead of straining against it — which is the whole point of a bowel training program in constipation and fecal incontinence."
2884,4 - Lower GI,N144_L4 | N144_L4_O6,For each laxative class: name the example drug AND what it does.,"BULK-FORMING — psyllium; adds fiber mass.
LUBRICANT — mineral oil, glycerin suppository; softens the hard plug.
STIMULANT — BISACODYL, senna; increases PERISTALSIS and MUCUS.
EMOLLIENT — DOCUSATE; HYDRATES the stool.
OSMOTIC — POLYETHYLENE GLYCOL; PULLS WATER IN.
SALINE — MAGNESIUM HYDROXIDE (milk of magnesia).","Her knowledge check: polyethylene glycol is the osmotic agent. Your SYLLABUS lists docusate as a stimulant — that is an error; it is an emollient stool softener.

Mucus is ""a very good slippery medium"" — stimulants work on movement and lubrication together."
2885,4 - Lower GI,N144_L4 | N144_L4_O5,"Define diarrhea, and name the THREE time categories.","MORE THAN THREE bowel movements per day with INCREASED LIQUIDITY. May come with urgency, perianal discomfort, incontinence, nausea, or dehydration.
ACUTE — self-limiting, UP TO 14 DAYS.
PERSISTENT — 14 TO 30 DAYS.
CHRONIC — MORE THAN 30 DAYS, may return sporadically.","ACUTE and PERSISTENT are usually INFECTIOUS — bacterial (E. coli, C. difficile) or viral (rotavirus, norovirus), with VIRAL most common. Drugs also cause them: some antibiotics (erythromycin) and magnesium-containing antacids (milk of magnesia).

CHRONIC has a different cause list — chemotherapy, antiarrhythmics, antihypertensives, metabolic and endocrine disease. If it has lasted over a month, stop looking for an infection and look for a disease or a drug.

The definition is about FREQUENCY AND CONSISTENCY together. Three loose stools is not diarrhea if that is the person's normal; six formed stools is not diarrhea either."
2886,4 - Lower GI,N144_L4 | N144_L4_O5,"How is diarrhea CLASSIFIED — acute by inflammation, and chronic by mechanism?","ACUTE — NONINFLAMMATORY: LARGE volume, NONINVASIVE pathogens. INFLAMMATORY: SMALL volume, INVASIVE or toxin-producing pathogens.
CHRONIC, five mechanisms —
SECRETORY: mucosa secretes water and electrolytes (bacterial toxins, chemo); high volume.
OSMOTIC: unabsorbed particles PULL WATER IN (lactase deficiency, pancreatic dysfunction).
MALABSORPTIVE: nutrients not absorbed; low albumin swells the mucosa.
INFECTIOUS: organisms invade the mucosa.
EXUDATIVE: mucosal damage from radiation or chemotherapy.","VOLUME is the acute discriminator. A noninvasive pathogen sits in the lumen and makes the gut secrete — large watery volume. An invasive one damages the wall, so volume is small but there is blood, mucus and fever.

OSMOTIC is the mechanism that connects to LACTOSE INTOLERANCE and to DUMPING SYNDROME — same water-follows-solute physics in both.

C. DIFFICILE is the most common bacterium in antibiotic-associated diarrhea; a recent antibiotic is the usual trigger."
2887,4 - Lower GI,N144_L4 | N144_L4_O4,How does diarrhea present — and what do BORBORYGMUS and TENESMUS mean?,"Increased frequency and fluid content · abdominal CRAMPS · distention · BORBORYGMUS · anorexia and thirst · painful spasmodic contractions of the anus · TENESMUS.
BORBORYGMUS = rumbling, gurgling bowel sounds.
TENESMUS = the painful, ineffective urge to defecate.",Tenesmus is the sensation of needing to go when there is nothing to pass — the rectum is irritated and signalling regardless.
2888,4 - Lower GI,N144_L4 | N144_L4_O6,"What are the SIX complications of diarrhea, and what should the patient AVOID?","COMPLICATIONS — fluid and electrolyte imbalances · DEHYDRATION · CARDIAC DYSRHYTHMIAS · irritant dermatitis from chronic diarrhea.
AVOID — caffeine · carbonated beverages · VERY HOT AND VERY COLD foods. May need to avoid MILK, fat, whole grains, fresh fruit and vegetables.","CARDIAC DYSRHYTHMIAS because you lose POTASSIUM in stool, and potassium governs cardiac conduction.

Very hot and very cold foods because temperature extremes stimulate motility — the same reason they are avoided in peptic ulcer disease."
2889,4 - Lower GI,N144_L4 | N144_L4_O5,"What is IBS, how common is it, and what may cause it?","A CHRONIC FUNCTIONAL disorder — recurrent abdominal pain with disordered bowel movements: diarrhea, constipation, or BOTH, with NO identifiable cause.
Prevalence 4.4-4.8% of US adults. FEMALES affected 1.5-2 TIMES more. Usually diagnosed UNDER AGE 50.
May be caused by NEUROENDOCRINE DYSREGULATION leading to ALTERED PERISTALSIS.","""FUNCTIONAL"" is the key word — the bowel LOOKS normal on every test. The problem is how it moves and how sensitive it is, not what it is made of. That is what separates it from IBD.

Diagnosed under 50 matters: new bowel symptoms in an OLDER patient are not assumed to be IBS, because cancer and diverticular disease become likely.

About 75% of IBS patients have changes in their bowel pattern over time, so the subtype (IBS-D, IBS-C, IBS-M, IBS-U for unclassified) can shift."
2890,4 - Lower GI,N144_L4 | N144_L4_O6,How is IBS ASSESSED and DIAGNOSED?,"ASSESS — alteration in bowel patterns · pain · bloating · abdominal distention.
DIAGNOSE — stool studies, contrast radiography, proctoscopy, barium enema, colonoscopy, manometry, electromyography — all to rule things OUT — then ROME IV criteria to rule IBS IN.",Every test comes back normal. That is the diagnosis — IBS is what is left when structural disease is excluded.
2891,4 - Lower GI,N144_L4 | N144_L4_O5,"What is MALABSORPTION, and what is the hallmark finding?","The inability of the digestive system to absorb one or more major vitamins, minerals or nutrients.
HALLMARK — diarrhea, or frequent LOOSE, BULKY, FOUL-SMELLING stools with HIGH FAT content, often GRAYISH.","Same stool description as fat malabsorption in Lecture 1. Manifested by WEIGHT LOSS and vitamin/mineral deficiency.

Symptoms are similar to IBS, which is why the distinction matters — IBS has normal absorption.

Five categories: mucosal (transport) disorders · infectious disease · luminal disorders · postoperative · disorders causing malabsorption of specific nutrients."
2892,4 - Lower GI,N144_L4 | N144_L4_O5,"What is CELIAC DISEASE, and how is it treated?","An AUTOIMMUNE disease with a HEREDITARY component that damages the VILLI. Treated with a STRICT GLUTEN-FREE DIET FOR LIFE, with dietary consult and support.","Presents with diarrhea, STEATORRHEA, constipation, failure to thrive, distention, POOR MUSCLE TONE, irritability, DENTAL disorders, ANEMIA, DELAYED PUBERTY or amenorrhea, nutritional deficiencies. Malabsorption carries a RISK OF OSTEOPOROSIS because calcium and vitamin D are not absorbed."
2893,4 - Lower GI,N144_L4 | N144_L4_O5,"What is an ACUTE ABDOMEN, what is PERITONITIS, and what are its THREE types?","ACUTE ABDOMEN — also ""surgical abdomen"": acute onset of pain WITHOUT TRAUMA requiring SWIFT SURGICAL INTERVENTION.
PERITONITIS — inflammation of the peritoneum, usually BACTERIAL. RIGID BOARDLIKE abdomen.
PRIMARY — spontaneous infection, often with LIVER FAILURE.
SECONDARY — follows PERFORATION of an abdominal organ.
TERTIARY — superinfection in an IMMUNOCOMPROMISED patient.","Any RIGID BOARDLIKE abdomen means peritonitis — the muscles clamp involuntarily over an inflamed peritoneum.

PRIMARY with liver failure is spontaneous bacterial peritonitis: ascitic fluid becomes a culture medium, and the Kupffer cells that would have filtered the bacteria are bypassed.
SECONDARY is what a perforated ulcer or appendix causes.
TERTIARY is what happens when the patient cannot mount a response.

Diagnosed with WBC/CBC, x-ray/CT/MRI, and PERITONEAL ASPIRATION with culture and sensitivity."
2894,4 - Lower GI,N144_L4 | N144_L4_O6,"How is peritonitis TREATED, and what do you monitor?","Supportive care and CONTROL THE SOURCE of infection · fluids · pain medication and antiemetics · ANTIBIOTICS: LARGE DOSE, BROAD SPECTRUM.
MONITOR closely for CHANGE IN BOWEL FUNCTION and for SEPSIS.",Broad spectrum because you are treating gut flora spilled into a sterile cavity and cannot wait for cultures.
2895,4 - Lower GI,N144_L4 | N144_L4_O5,"What is a DIVERTICULUM, and what is the difference between DIVERTICULOSIS and DIVERTICULITIS?","A DIVERTICULUM is a SAC-LIKE HERNIATION of the bowel lining extending through a defect in the MUSCLE LAYER.
DIVERTICULOSIS — multiple diverticula WITHOUT inflammation.
DIVERTICULITIS — INFECTION AND INFLAMMATION of diverticula.","Same -OSIS versus -ITIS logic as cholelithiasis vs cholecystitis: the condition existing versus the condition inflamed.

Structurally identical to a ZENKER diverticulum in the esophagus — mucosa pushing out through a weak spot in the muscle."
2896,4 - Lower GI,N144_L4 | N144_L4_O5,"Where is diverticular disease most common, what raises the risk, and how is it diagnosed?",Most common in the SIGMOID COLON — NOT the ileum. Increases with AGE and is associated with a LOW-FIBER DIET. Diagnosed usually by COLONOSCOPY.,"She wrote a knowledge check specifically rejecting the ileum as the answer.

The sigmoid because it is the narrowest segment with the highest pressure — stool is most formed there, so the most force is needed to move it."
2897,4 - Lower GI,N144_L4 | N144_L4_O4,"How does diverticular disease present — mild, with inflammation, and with abscess?","MILD — bowel irregularity with ALTERNATING constipation and diarrhea, nausea, anorexia, bloating/distention.
WITH INFLAMMATION — acute onset of mild to severe CRAMPING PAIN IN THE LLQ · constipation · bloating with nausea · FEVER.
WITH ABSCESS — all of the above PLUS bleeding · tenderness · PALPABLE MASS · PERITONITIS.","LLQ pain because the sigmoid is on the left — the mirror image of appendicitis in the RLQ.

FEVER is what marks the shift from diverticulOSIS to diverticulITIS."
2898,4 - Lower GI,N144_L4 | N144_L4_O6,What are the FOUR interventions for diverticular disease?,"Encourage fluid intake of AT LEAST 2 L/DAY · SOFT foods with INCREASED FIBER, such as cooked vegetables · individualized EXERCISE program · BULK LAXATIVES (psyllium) and STOOL SOFTENERS.","Fiber plus fluid together — fiber without fluid makes constipation worse, because bulk with nothing to soften it is harder to pass.

Soft high-fiber rather than raw roughage: you want bulk without abrasion."
2899,4 - Lower GI,N144_L4 | N144_L4_O5,"What is intestinal obstruction, and what are the TWO types?","Blockage preventing the normal flow of intestinal contents.
MECHANICAL — intraluminal obstruction, or MURAL obstruction from pressure on the intestinal wall.
FUNCTIONAL or PARALYTIC — the intestinal MUSCULATURE CANNOT PROPEL contents. May be temporary, from MANIPULATION OF THE BOWEL DURING SURGERY.","Mechanical is a physical blockage; functional is a working tube that has stopped moving.

Post-surgical paralytic ileus is why you watch for return of bowel sounds after abdominal surgery."
2900,4 - Lower GI,N144_L4 | N144_L4_O6,"How is intestinal obstruction treated, and which findings show it is RESOLVING?","TREAT — DECOMPRESSION with an NG tube, IV fluids and electrolyte correction. Surgery if decompression fails or the bowel is strangulated.
RESOLVING — RETURN OF NORMAL BOWEL SOUNDS · decreased abdominal distention · subjective improvement in pain and tenderness · PASSAGE OF FLATUS OR STOOL.","Decompression removes the pressure that is causing third-spacing and cutting off perfusion. If you relieve the pressure and the bowel is still viable, it recovers on its own.

PASSAGE OF FLATUS is the single most useful sign — it means something got all the way through. That is why ""have you passed gas yet?"" is the standard question after any abdominal surgery.

80% of obstructions occur in the SMALL intestine; adhesions, hernia and tumor account for 90% of those. Most LARGE bowel obstructions occur in the sigmoid, and the causes are cancer (60%), diverticular disease (20%), volvulus (10%)."
2902,4 - Lower GI,N144_L4 | N144_L4_O5,"What is CROHN'S DISEASE — which layers, where, and how does it progress?","Subacute and chronic inflammation of the GI tract wall through ALL LAYERS. Most commonly in the DISTAL ILEUM and ASCENDING COLON.
PROGRESSION — begins as inflammation → abscesses → ulcers and scarring. Creates a COBBLESTONE appearance, SKIP LESIONS, NARROWING of the lumen from thickened walls, and ADHESIONS.","ALL LAYERS is the key fact, and everything else follows from it. Inflammation through the full thickness can tunnel to another structure — which is why FISTULAS are common in Crohn's. Full-thickness scarring thickens the wall and narrows the lumen, so obstruction follows.

SKIP LESIONS means diseased patches with normal bowel between them. COBBLESTONE is the appearance of ulcers separated by swollen normal tissue."
2903,4 - Lower GI,N144_L4 | N144_L4_O5,"What is ULCERATIVE COLITIS — which layers, where, and how does it progress?","Chronic ulcerative and inflammatory disease of the MUCOSAL AND SUBMUCOSAL layers of the COLON AND RECTUM.
PROGRESSION — periods of remission and exacerbation, typically STARTING IN THE RECTUM and progressing PROXIMALLY through the colon. CONTINUOUS lesions.","Only the inner layers, and only the colon and rectum. That is why it does NOT cause fistulas — the inflammation never reaches the full thickness to tunnel anywhere.

CONTINUOUS rather than skip lesions: it spreads as an unbroken sheet backward from the rectum."
2904,4 - Lower GI,N144_L4 | N144_L4_O4,"What is IBD, and compare CROHN'S and ULCERATIVE COLITIS on: layers, location, pattern, pain, and stool.","IBD is a group of CHRONIC disorders: CROHN'S DISEASE (also called regional enteritis) and ULCERATIVE COLITIS.
CROHN'S — ALL layers · DISTAL ILEUM and ASCENDING colon · SKIP lesions, cobblestone · RLQ pain UNRELIEVED BY DEFECATION, crampy after meals · diarrhea.
ULCERATIVE COLITIS — MUCOSAL and SUBMUCOSAL only · COLON and RECTUM, starting in the rectum · CONTINUOUS lesions · LLQ pain · BLOODY or PURULENT diarrhea.","Everything follows from DEPTH and LOCATION.

CROHN'S goes through ALL LAYERS, so inflammation can TUNNEL to a neighbouring structure — that is why Crohn's causes FISTULAS and abscesses, and why the wall thickens enough to narrow the lumen.

UC stays in the MUCOSA, which is where the surface vessels are — so it BLEEDS. It does not tunnel.

SKIP vs CONTINUOUS: Crohn's hits patches anywhere in the GI tract; UC starts in the rectum and spreads proximally without gaps. That is also why removing the colon and rectum CURES UC but cannot cure Crohn's.

Side is a fast clue: RLQ for Crohn's (distal ileum), LLQ for UC."
2905,4 - Lower GI,N144_L4 | N144_L4_O4,What THREE findings are specific to CROHN'S?,"PERIANAL involvement · FISTULAS · ABDOMINAL MASS. Plus weight loss, malnutrition and ANEMIA from FOOD AVOIDANCE.","She wrote a knowledge check confirming fistulas are common in Crohn's.

Food avoidance is the mechanism behind the weight loss — pain comes after meals, so patients stop eating. The malnutrition is behavioral as well as malabsorptive."
2906,4 - Lower GI,N144_L4 | N144_L4_O4,What FOUR findings are specific to ULCERATIVE COLITIS?,"BLOODY or PURULENT diarrhea — bleeding is from the ULCERATIONS · LLQ pain · pallor, ANEMIA, fatigue · anorexia, weight loss, fever, vomiting.
TOXIC MEGACOLON can occur. PROBIOTICS may be part of treatment.","The bleeding is the discriminator, and it makes sense from the anatomy: UC ulcerates the MUCOSA, which is where the surface vessels are. Crohn's inflames through the wall but does not strip the surface the same way.

TOXIC MEGACOLON is the colon dilating and losing tone — a surgical emergency."
2907,4 - Lower GI,N144_L4 | N144_L4_O6,What NINE things should the health history cover for a patient with IBD?,"Onset, duration and characteristics of PAIN · diarrhea · urgency · TENESMUS · nausea · anorexia · weight loss · BLEEDING · FAMILY HISTORY. Plus dietary patterns, alcohol, caffeine and nicotine use, bowel elimination patterns and stool, and abdominal assessment.",Family history matters because both disorders have a genetic component.
2908,4 - Lower GI,N144_L4 | N144_L4_O5,What are the FOUR complications and FOUR goals for IBD?,"COMPLICATIONS — ELECTROLYTE IMBALANCE · CARDIAC DYSRHYTHMIAS · GI BLEEDING with fluid loss · PERFORATION of the bowel.
GOALS — attainment of normal bowel elimination patterns · relief of abdominal pain and cramping · prevention of FLUID DEFICIT · maintenance of optimal nutrition.","Cardiac dysrhythmias follow from electrolyte loss — chronic diarrhea strips POTASSIUM, and potassium governs cardiac conduction. Same chain as in plain diarrhea, just more severe."
2953,4 - Lower GI,N144_L4 | N144_L4_O5,"What is appendicitis, and how does the pain behave?","Inflammation of the APPENDIX, most commonly from a FECALITH obstructing it. Pain starts VAGUE and PERIUMBILICAL, then LOCALIZES to the RLQ with rebound tenderness, low-grade fever, nausea. Perforation usually 6-24 HOURS after onset.","From lecture: ""the main cause is a fecalith,"" and appendicitis was her example of diffuse-to-localized pain. Obstruction → pressure → ischemia → bacteria overgrow → gangrene or perforation. If it perforates, the picture becomes PERITONITIS."
2955,4 - Lower GI,N144_L4 | N144_L4_O4,What are McBURNEY POINT and ROVSING SIGN?,"McBURNEY POINT — tenderness at a spot between the UMBILICUS and the ANTERIOR SUPERIOR ILIAC SPINE (right hip bone).
ROVSING SIGN — pain felt in the RLQ when the LLQ is palpated.","Textbook. Rovsing works because pressing the left side pushes gas through the colon toward the inflamed appendix on the right.

WBC over 10,500 in 80-85% of adults; CT or ultrasound confirms."
2956,4 - Lower GI,N144_L4 | N144_L4_O4,"How does appendicitis present differently in OLDER ADULTS, and why does it matter?",Pain may be ABSENT or minimal · symptoms VAGUE · fever and leukocytosis may NOT be present. The patient may have no symptoms until the appendix is gangrenous or has PERFORATED.,"Textbook. About 10% of appendectomies are in patients over 60, and complications are higher because diagnosis is delayed.

Same lesson as the older adult who cannot chew: age changes how disease presents."
2957,4 - Lower GI,N144_L4 | N144_L4_O3,"Which two medications did she name as causing constipation, and what should you do about opioids?","OPIOIDS and IRON.
With opioids, START A BOWEL REGIMEN EARLY — especially if the patient is already prone to constipation.",From lecture. Opioids slow motility; iron hardens stool. Do not wait for the constipation to happen.
2958,4 - Lower GI,N144_L4 | N144_L4_O3,Why does IGNORING THE URGE cause a vicious cycle?,Hold it in and the colon keeps pulling water out — like playdough left out overnight. The stool comes out HARD and it HURTS. So next time they hold it longer.,"Her explanation, and why children stand on their toes to avoid going. The urge is the body's signal; override it and the signal weakens while the stool hardens."
2959,4 - Lower GI,N144_L4 | N144_L4_O5,"What is HIRSCHSPRUNG DISEASE, decoded from its other name?","CONGENITAL AGANGLIONIC MEGACOLON.
CONGENITAL — born with it. AGANGLIONIC — no nerve ganglia to drive peristalsis in that segment. MEGACOLON — the result: stool backs up like a dam and the colon dilates.","From lecture — ""if I said congenital aganglionic megacolon you would know a lot more about it."" The name is the whole disease. Genetic testing can detect it. A clue in a child: ""my child clogs the toilet all the time."""
2960,4 - Lower GI,N144_L4 | N144_L4_O4,How can a patient with severe CONSTIPATION present with DIARRHEA?,"FECAL IMPACTION WITH OVERFLOW — a hard mass sits in the rectum, and fresh liquid stool squeezes AROUND it.","From lecture. Treating this as diarrhea makes it worse. The impaction may need manual disimpaction.

This is why ""fecal impaction with overflow"" appears on the fecal incontinence causes list."
2961,4 - Lower GI,N144_L4 | N144_L4_O5,"What are HEMORRHOIDS, FISSURES and PROLAPSE, and how are fissures treated?","HEMORRHOIDS — VARICES in the rectal area. ""Think esophageal varices, but in the rectum.""
FISSURE — a longitudinal TEAR in the anal canal lining, usually from passing a LARGE FIRM STOOL. Painful defecation, burning, BRIGHT RED blood on the tissue. Treated CONSERVATIVELY: fibre, stool softeners, water, SITZ BATHS.
PROLAPSE — an organ that should be up has come DOWN, pushed out by gravity, straining and intra-abdominal pressure. Also uterine and bladder prolapse.","All three are mechanical consequences of STRAINING — which is why they are complications of constipation, and why the treatment for all three starts with softening the stool.

Fissures can also come from childbirth or trauma. If conservative measures fail, nitroglycerin ointment or botulinum toxin.

BRIGHT RED blood on the tissue means a distal source — a fissure or hemorrhoid. Black tarry stool means a source much higher up."
2964,4 - Lower GI,N144_L4 | N144_L4_O4,"What is the BRISTOL STOOL CHART, and which type is ideal?","A 1-7 scale for describing stool. TYPE 1 — hard separate lumps (""popping pinballs""). TYPE 4 — smooth, soft, sausage-shaped: IDEAL. TYPE 7 — liquid diarrhea.","From lecture — not on the slides, but she flagged it. Give it to the patient and let them point.

Types 5-6 are soft blobs; 6 has mushy edges. It works like a Likert scale."
2966,4 - Lower GI,N144_L4 | N144_L4_O6,"How do long-term care facilities manage constipation, and why is it such a problem there?","They TRACK bowel movements aggressively and have a REGIMEN — e.g., no BM in 2 DAYS, start MiraLax.
It is a big problem because of IMMOBILITY and reduced COGNITION.",From lecture. Standing boards help patients who cannot stand — gravity moves things along. Historically nurses did manual disimpaction.
2967,4 - Lower GI,N144_L4 | N144_L4_O1,"What is the GI tract sometimes called, and why?","""Your OTHER nervous system"" — because there is an enormous amount of nerve activity controlling it, and MIND AND EMOTIONS play a role in function.",From lecture. Stress makes some people constipated and others diarrheal. The gut microbiome also affects emotions and disease susceptibility — and antibiotics can wipe it out for months.
2968,4 - Lower GI,N144_L4 | N144_L4_O4,"What is a TENESMUS, and what is a FISTULA?","TENESMUS — the feeling you have to go, but nothing or very little comes out.
FISTULA — an ABNORMAL CONNECTION between organs that should not be connected.",Both from her review game. Tenesmus appears in diarrhea and IBD assessment. Fistulas are the Crohn's complication — full-thickness inflammation tunnels to a neighbouring structure.
2969,4 - Lower GI,N144_L4 | N144_L4_O4,"If a patient tells you they have BLOODY DIARRHEA with abdominal pain, what should you think first?","ULCERATIVE COLITIS. ""When someone tells you they have bloody diarrhea, say it's probably ulcerative colitis.""","From her review game. UC ulcerates the mucosa, which is where the surface vessels are. Crohn's inflames deeper but does not strip the surface the same way."
2970,4 - Lower GI,N144_L4 | N144_L4_O4,Why do IBD patients become ANEMIC?,"The GI lining is DAMAGED, so there is LESS SURFACE AREA for absorption — including iron and B12. Plus BLOOD LOSS in UC, and FOOD AVOIDANCE in Crohn's.",From lecture. Connects back to villi and the 500% surface area — damage it and absorption falls.
2971,4 - Lower GI,N144_L4 | N144_L4_O5 | N144_L5 | N144_L5_O2,"What is PARALYTIC ILEUS after abdominal surgery, and why does it happen?","The bowel STOPS MOVING. The body does not know it was a clean surgical knife — ""it thinks it was gored"" — so the gut SHUTS DOWN to protect itself, to keep contents from moving through an opening into the peritoneal space.","From lecture. This is why you listen for bowel sounds every shift after GI surgery, why the NG tube stays until they return, and why ""passed gas yet?"" is the question."
2973,4 - Lower GI,N144_L4 | N144_L4_O3,"What is lysis of adhesions, and why do patients years past surgery get bowel obstruction?",ADHESIONS are scar tissue that grows together after abdominal surgery. Years later they can cause SMALL BOWEL OBSTRUCTION. LYSIS OF ADHESIONS is the surgery to break them up.,She said you do not need lysis of adhesions for the exam — but that prior abdominal surgery as a RISK FACTOR for obstruction matters.
2989,4 - Lower GI,N144_L4 | N144_L4_O4,"What FIVE findings are SHARED across the lower GI disorders, and therefore separate nothing?",Abdominal pain · cramping · bloating and distention · altered bowel pattern · nausea.,"IBS, IBD, diverticular disease, malabsorption and constipation all produce these. Go to the discriminator."
2990,4 - Lower GI,N144_L4 | N144_L4_O4,"What single finding points to each: IBS, Crohn's, ulcerative colitis, diverticulitis, celiac, appendicitis?","IBS — NORMAL bowel on every test; ROME IV criteria.
CROHN'S — RLQ pain, FISTULAS, skip lesions.
ULCERATIVE COLITIS — BLOODY diarrhea, LLQ pain, continuous from the rectum.
DIVERTICULITIS — LLQ cramping with FEVER, older patient, low-fiber diet.
CELIAC — STEATORRHEA that resolves on a GLUTEN-FREE diet.
APPENDICITIS — periumbilical pain MIGRATING to the RLQ, McBurney point.",Side tells you a lot: RLQ is Crohn's or appendicitis; LLQ is UC or diverticulitis. Blood points to UC. Fever with LLQ points to diverticulitis. Normal workup points to IBS.
2994,4 - Lower GI,N144_L4 | N144_L4_O2,What are the EIGHT laboratory and diagnostic studies used for the LOWER GI tract?,"Serum labs · STOOL TESTS (occult blood, pathogenic bacteria, OVA AND PARASITES) · ultrasound · genetic testing (e.g., Hirschsprung) · imaging: CT, PET, MRI, scintigraphy, VIRTUAL colonoscopy · LOWER GI tract study (barium enema) · GI MOTILITY studies · SIGMOIDOSCOPY and COLONOSCOPY.","From lecture: ""there are about 11,000 things that can go wrong between here and here"" — a good HISTORY narrows it before you pick tests.

Stool tests look for PATHOGENIC bacteria specifically, since normal stool is full of bacteria anyway. Ova and parasites is exactly what it sounds like."
2995,4 - Lower GI,N144_L4 | N144_L4_O2,"What is a BARIUM ENEMA, and what does it show?","Barium instilled RECTALLY, then imaged — the LOWER GI tract study. Shows the SHAPE of the colon, where the barium goes, and strictures or masses.","The lower counterpart of the upper GI series. Used in intractable constipation, fecal incontinence and IBS workups. Note: if a patient is having an upper endoscopy and colonoscopy the same day, the endoscopy goes FIRST."
2996,4 - Lower GI,N144_L4 | N144_L4_O2,What are the EIGHT tests that diagnose MALABSORPTION?,"Fat analysis · lactose tolerance test · D-XYLOSE absorption test · SCHILLING test (B12) · HYDROGEN breath test · endoscopy with biopsy · ultrasound, CT, radiography · CBC and pancreatic function tests.","Each targets one nutrient path. The Schilling test checks B12 absorption — connecting to intrinsic factor from Lecture 1. Hydrogen breath test: humans do not make hydrogen, bacteria do, so hydrogen means carbohydrate reached bacteria unabsorbed."
2999,4 - Lower GI,N144_L4 | N144_L4_O3,What causes fecal incontinence — grouped by the part of the continence system that failed?,"MUSCLE — sphincter weakness: traumatic (rectal surgery) or nontraumatic (scleroderma); pelvic floor disorders (prolapse).
NERVE — neuropathies: peripheral (pudendal) or generalized (diabetes).
BRAIN — CNS disorders: dementia, stroke, spinal cord injury, MS.
BOWEL — inflammation (radiation proctitis, IBD); diarrhea; FECAL IMPACTION WITH OVERFLOW.
BEHAVIOR — behavioral disorders.","Continence needs an intact muscle, an intact nerve, and an intact brain. Damage anywhere on that path causes incontinence. Impaction with overflow is the one that looks like diarrhea but is constipation."
3000,4 - Lower GI,N144_L4 | N144_L4_O6,What are the FOUR treatments for fecal incontinence?,BOWEL TRAINING program · SKIN CARE · fecal management system for acute illness · EMOTIONAL SUPPORT.,"Emotional support is listed as treatment, not courtesy — this is among the most distressing symptoms in nursing. Diagnosis uses history, rectal exam, endoscopy, radiography, barium enema, CT and ANORECTAL MANOMETRY."
3004,4 - Lower GI,N144_L4 | N144_L4_O6,What are the EIGHT teaching points for IBS?,Medication management · complementary medicine · dietary changes · FOOD DIARY · adequate fluid intake · avoid alcohol and smoking · RELAXATION TECHNIQUES · LOW FODMAP diet.,"The food diary matters because triggers are individual. Relaxation is treatment, not comfort — stress is a named trigger and the mechanism is neuroendocrine."
3005,4 - Lower GI,N144_L4 | N144_L4_O5,"What is lactose intolerance, and why does it cause diarrhea?","A deficiency of LACTASE — the enzyme that digests LACTOSE, the sugar in milk. Undigested lactose stays in the bowel and PULLS WATER IN osmotically, causing OSMOTIC DIARRHEA and cramps after milk products.","The same mechanism as dumping syndrome — an unabsorbed solute in the bowel drags water toward it. A common malabsorptive disorder; diagnosed by a positive LACTOSE TOLERANCE TEST or HYDROGEN BREATH TEST.

Chart 42-3 in your textbook is the patient teaching."
3006,4 - Lower GI,N144_L4 | N144_L4_O6,What are the FIVE teaching points for lactose intolerance?,Eliminate milk and milk products · watch for HIDDEN milk in processed foods (dried milk as filler) · pretreat with LACTASE drops (Lactaid) or take a lactase tablet WITH THE FIRST BITE · most people tolerate 1-2 CUPS daily in SMALL amounts spread through the day · YOGURT with ACTIVE CULTURES digests lactose better than lactase preparations.,"The risk of eliminating dairy: milk is a major source of CALCIUM and VITAMIN D, so cutting it without supplements can lead to OSTEOPOROSIS. Same osteoporosis risk as celiac, for the same reason."
3017,4 - Lower GI,N144_L4 | N144_L4_O6,"What is INDUCTION vs MAINTENANCE therapy, what is FIRST-LINE for mild-moderate UC, and what must the patient NOT take?","INDUCTION — getting the disease INTO remission. MAINTENANCE — PREVENTING flare-ups once there.
FIRST-LINE for mild-moderate UC — MESALAMINE, an AMINOSALICYLATE, usually by ENEMA or RECTAL SUPPOSITORY. Remission in 4-6 weeks, then tapered.
DO NOT take LOPERAMIDE or DIPHENOXYLATE-ATROPINE for the diarrhea — they can precipitate TOXIC MEGACOLON.","TEXTBOOK — not on her slides. Most IBD patients cycle between well periods and illness, which is why treatment has two separate goals.

RECTAL route because UC starts in the rectum and the drug works locally.

The TOXIC MEGACOLON warning is the tested point: antidiarrheals slow a colon that is already inflamed and at risk of dilating. Adverse effects of mesalamine: headache, nausea, abdominal pain, watery diarrhea."
3018,4 - Lower GI,N144_L4 | N144_L4_O6,"What is the preferred drug for mild-to-moderate CROHN'S, and why not mesalamine?","BUDESONIDE — an ORAL, ENTERIC-coated CORTICOSTEROID, tapered over 8-12 weeks. Aminosalicylates are LESS EFFECTIVE in Crohn's than in UC.
Its action is mostly enteric/colonic, which LIMITS the systemic steroid effects of prednisone.","TEXTBOOK. Steroid adverse effects still apply: poor wound healing, immunosuppression, bone demineralization.

For Crohn's with PERIANAL FISTULAS or abdominal masses, ANTIBIOTICS come first — METRONIDAZOLE plus CIPROFLOXACIN. Metronidazole can cause peripheral neuropathy."
3019,4 - Lower GI,N144_L4 | N144_L4_O6,"What is added when mesalamine or budesonide fail, and what about SEVERE IBD?","Add SYSTEMIC corticosteroids — oral PREDNISONE or IV HYDROCORTISONE.
SEVERE disease: IV corticosteroids PLUS an IMMUNOMODULATOR PLUS an ANTI-TNF agent. Steroids start high and taper; the immunomodulator and anti-TNF continue as maintenance.","TEXTBOOK. TNF is tumor necrosis factor, an inflammatory signal — blocking it suppresses the immune attack on the bowel. The price is infection risk."
3020,4 - Lower GI,N144_L4 | N144_L4_O6,"Which surgery CURES ulcerative colitis, and why does the same surgery NOT cure Crohn's?","PROCTOCOLECTOMY (removing colon and rectum) with ILEOSTOMY cures UC — because UC lives ONLY in the colon and rectum. Remove them, remove the disease.
It cannot cure CROHN'S, because Crohn's can affect ANY part of the GI tract and will recur elsewhere.",TEXTBOOK. This is the location difference paying off clinically. UC is confined; Crohn's is not.
3021,4 - Lower GI,N144_L4 | N144_L4_O6 | N144_L5 | N144_L5_O1,"What is a RESTORATIVE PROCTOCOLECTOMY with IPAA, and who is it for?","Colon and rectal mucosa are removed, and a POUCH made from ILEUM is connected to the ANUS as a ""new rectum."" The anal sphincter is KEPT, so voluntary defecation and continence are preserved — NO permanent ileostomy.
Procedure of choice for severe UC. A TEMPORARY LOOP ILEOSTOMY protects the anastomosis and is closed about 3 MONTHS later.","TEXTBOOK. IPAA = Ileal Pouch Anal Anastomosis. Not recommended for Crohn's because the disease could recur in the pouch.

The 3-month temporary ileostomy connects to her ""happy surgery"" — the colostomy reversal."
3022,4 - Lower GI,N144_L4 | N144_L4_O5,"Why does small bowel obstruction cause SHOCK, and what electrolyte picture results from the vomiting?","Contents, fluid and gas accumulate above the block → distention → pressure rises → THIRD-SPACING of fluid, electrolytes and protein into the lumen → circulating volume falls → HYPOVOLEMIC SHOCK.
VOMITING loses hydrogen ions and potassium → HYPOCHLOREMIA, HYPOKALEMIA, METABOLIC ALKALOSIS.",TEXTBOOK. Third-spacing yet again — fluid trapped in the bowel is fluid out of circulation. Continued distention compromises perfusion → ischemia → necrosis → perforation → peritonitis.
3023,4 - Lower GI,N144_L4 | N144_L4_O4,How does SMALL bowel obstruction present differently from LARGE bowel obstruction?,"SMALL — CRAMPY, WAVELIKE, COLICKY pain · VOMITING (peristalsis eventually REVERSES toward the mouth) · rapid dehydration · blood and mucus but NO stool or flatus · the LOWER the block, the MORE distention.
LARGE — develops SLOWLY · CONSTIPATION may be the only symptom for weeks · altered stool shape · iron-deficiency anemia from blood loss · eventually marked distention with visible bowel loops.","TEXTBOOK. Large bowel dehydrates slower because the colon can absorb its contents and distend well beyond normal. Both end in perforation, peritonitis and sepsis if untreated."
3028,4 - Lower GI,N144_L4 | N144_L4_O5,"What is an ANAL FISTULA, and how is it treated?","A tiny TUBULAR TRACT from the anal canal to an opening in the PERIANAL SKIN. Usually results from an ABSCESS; also from trauma, fissures, or CROHN'S.
Purulent drainage or STOOL LEAKS constantly from the opening; may pass flatus or feces from the vagina or bladder depending on the tract.
SURGERY — FISTULOTOMY — because few heal on their own. Recur in up to HALF of patients.","TEXTBOOK. Fistula = abnormal connection between organs. Perianal fistulas are the classic Crohn's complication, because full-thickness inflammation tunnels."
3029,4 - Lower GI,N144_L4 | N144_L4_O5,"What is an ANORECTAL ABSCESS, who gets them, and why is prompt treatment critical?","Obstruction of an ANAL GLAND with dried debris → retrograde infection. CROHN'S and IMMUNOSUPPRESSED (AIDS) patients are especially susceptible.
Dull perianal discomfort, ITCHING, pain WITH DEFECATION; about half have perianal EDEMA. Most do NOT have fever.
INCISE AND DRAIN promptly — to prevent FISTULA formation, fecal incontinence, and SEPSIS.",TEXTBOOK. Many abscesses become fistulas — that is the sequence: abscess → fistula.
3030,4 - Lower GI,N144_L4 | N144_L4_O5,"What is a PILONIDAL cyst, and where is it?","A ""NEST OF HAIR"" — hairs penetrate the skin in the INTERGLUTEAL CLEFT over the lower SACRUM, forming a cyst with sinus openings. Rarely symptomatic until adolescence or early adulthood, when it INFECTS and forms an ABSCESS.
Incised and drained; may be excised later. Wound heals by GRANULATION with absorptive dressings.","TEXTBOOK. PILO = hair, NIDAL = nest. Classic in young adults who sit a lot."
3031,4 - Lower GI,N144_L4 | N144_L4_O3,"How common is constipation in older adults, and what is the usual complaint?",24-50% of older adults have chronic constipation. 10-18% of community-dwelling and up to 74% of SKILLED NURSING residents use LAXATIVES DAILY. The most common report is the need to STRAIN.,"TEXTBOOK gerontologic considerations. Connects to her point about long-term care facilities tracking bowel movements aggressively, and to the dependency risk of chronic laxative use."
2911,5 - Fecal Diversion,N144_L5 | N144_L5_O1,"What are the FOUR indications for a fecal diversion, and who is the specialist nurse?","IBD · DIVERTICULITIS · COLORECTAL CANCER · OBSTRUCTION.
The WOC nurse — Wound, Ostomy and Continence.","About 100,000 patients have fecal diversion surgery in the US every year.

All four indications are conditions from Lecture 4 — this lecture is where that one ends up."
2913,5 - Fecal Diversion,N144_L5 | N144_L5_O3,What output comes from each ostomy location?,"ILEOSTOMY — CONTINUOUS LIQUID.
ASCENDING colostomy — liquid.
TRANSVERSE colostomy — SOFT, UNFORMED.
DESCENDING or SIGMOID colostomy — MORE SOLID stool.
NONE have a sphincter, so none have control over drainage. All drain to a pouch.","One principle explains the whole list: THE LONGER CONTENTS STAY IN THE LARGE INTESTINE, THE MORE WATER GETS ABSORBED.

The colon's job is reabsorbing water, so the further along the tract the stoma sits, the drier the output.

This also decides who can irrigate — formed stool is the prerequisite, which is why only descending and sigmoid qualify."
2914,5 - Fecal Diversion,N144_L5 | N144_L5_O2,What are the SEVEN parts of PRE-operative care for ostomy surgery?,"Fluids as needed · blood replacement as needed · ANTIBIOTICS as ordered · continue CORTICOSTEROIDS as appropriate · LOW RESIDUE, HIGH PROTEIN diet in small frequent meals · ENSURE THE SURGICAL SITE IS MARKED and VISIBLE TO THE PATIENT · pre-operative teaching.","The site marking must be visible TO THE PATIENT — they have to be able to see and reach the stoma to care for it, so placement is planned with them sitting and standing, avoiding the waistline and skin folds.

Corticosteroids are continued because many of these patients are on them for IBD, and abrupt withdrawal causes adrenal crisis."
2915,5 - Fecal Diversion,N144_L5 | N144_L5_O2,"How do you ASSESS a stoma, and what is abnormal?","COLOR — PINK TO BRIGHT RED and SHINY is healthy. Pale, dusky, purple or black is ABNORMAL and means compromised blood supply.
SWELLING — some is normal post-op; the stoma SHRINKS over the first weeks, so the appliance template is REDONE.
BLEEDING — some oozing is normal. MORE THAN TRACE, or BRIGHT RED bleeding, is abnormal.
SKIN — the ileostomy has the higher risk, because its output is enzyme-rich.","Pink and shiny because a stoma is mucous membrane, like the inside of your cheek — it should look the same. Dark means it is losing perfusion, and that is a surgical emergency.

The stoma itself has NO nerve endings, so it does not hurt. Pain means something around it, not the stoma.

Shrinking is why the template gets re-traced: an appliance cut to last month's size leaves exposed skin, and exposed skin meets EFFLUENT."
2917,5 - Fecal Diversion,N144_L5 | N144_L5_O2,"How much drainage comes from an ileostomy versus a colostomy, when does it start, and what is the consequence?","ILEOSTOMY — 600-1200 mL, starts 24-48 HOURS post-op, output stays LIQUID.
COLOSTOMY — 200-600 mL, starts 3-6 DAYS post-op, output more FORMED.
CONSEQUENCE — less water absorption means ELECTROLYTE IMBALANCE and HYPOKALEMIA. Replace SODIUM and POTASSIUM as ordered, support with IV fluids.
Liquid fecal drainage IS counted in output.","Everything here follows from one fact: the ileostomy BYPASSES THE COLON, so nothing gets reabsorbed. Higher volume, liquid output, faster onset, and the electrolytes leave with the water.

The ileostomy starts sooner because the small bowel wakes up first — the colon takes longer to resume peristalsis after surgery.

Same chain as diarrhea causing dysrhythmias: lose the colon's reabsorption and you lose the electrolytes too."
2918,5 - Fecal Diversion,N144_L5 | N144_L5_O2,"What is the POST-OP care for a new ostomy — what do you watch, and when does output start?","BOWEL SOUNDS every shift — nothing day 1-2, GAS day 2-3. Ask ""have you passed gas yet?""
OUTPUT — ILEOSTOMY 24-48 HOURS; COLOSTOMY 3-6 DAYS. The FIRST output looks like MECONIUM — dark and tarry, because it is shed LINING, not feces.
NG SUCTION until peristalsis returns; NAUSEA and ABDOMINAL PAIN may mean obstruction.
RECTAL PACKING removed in about 1 WEEK — medicate for pain 1 HOUR BEFORE.
ANTIBIOTICS from OR through discharge, because the surgeon cut into the most bacteria-loaded area in the body.
AMBULATION for the same reasons as any post-op patient: muscle tone, prevent respiratory infection, prevent clots.","GAS is the first sign the bowel woke up. PARALYTIC ILEUS is expected after abdominal surgery — the body does not know it was a clean surgical knife, ""it thinks it was gored,"" so the gut shuts down to protect itself.

The meconium appearance matters so you do not mistake it for melena. A newborn's first stool is meconium for the same reason: mucus and shed lining, no digested food."
2921,5 - Fecal Diversion,N144_L5 | N144_L5_O3,"What causes skin breakdown around a stoma, and how is the appliance managed?","CAUSES — ALLERGIC reaction to appliance, barrier or paste · CHEMICAL irritation from EFFLUENT · MECHANICAL injury from removal · INFECTION, yeast or bacterial.
APPLIANCE — TRACE the stoma on clear plastic for a TEMPLATE, cut to those dimensions, re-trace as it shrinks. BARRIER PASTE on the skin first.
CHANGED every 3-7 DAYS; EMPTIED every 4-6 hours, with voids, or as needed.","EFFLUENT contains ACTIVE DIGESTIVE ENZYMES. The GI lining tolerates them; skin does not. Any gap between stoma and appliance is skin being digested — which is why the cut must be as close as possible.

Her practical note: patients' biggest complaint is THE APPLIANCE FALLING OFF, especially in the first weeks. Insurance often covers only one change per week, but early on it needs more.

""Mechanical injury from removal"" in practice is usually it coming off on its own — nobody removes it for no reason."
2923,5 - Fecal Diversion,N144_L5 | N144_L5_O3,"What does colostomy IRRIGATION do, who can have it, and who cannot?","Empties the colon of GAS, MUCUS and FECES so the patient can go about social and work activities without fear of drainage.
ONLY an option for a DESCENDING or SIGMOID colostomy.
BEST CANDIDATES — patients who had a REGULAR bowel evacuation cycle BEFORE the stoma.
METHOD — instill 500-1,000 mL tap water at the same time every day or every other day.","A stoma has no voluntary muscle control and empties at irregular intervals. Irrigation trains it to a schedule instead.

WHY ONLY DESCENDING OR SIGMOID — the RISK OF PERFORATION is greater higher up. Descending and sigmoid sit right before the exit: formed stool, lower pressure, thicker wall. Higher up the output is liquid and continuous, so there is nothing to regulate.

ALSO CONTRAINDICATED with previous PELVIC IRRADIATION, because radiation causes adhesions and fragile tissue.

Once a routine is established the patient may switch from a pouch to a STOMA CAP. Between irrigations only gas and slight mucus escape — many patients ""go in the morning and are done for the day."""
2924,5 - Fecal Diversion,N144_L5 | N144_L5_O3,Which foods DEODORIZE and which FOUR PRODUCE ODOR with an ostomy?,"DEODORIZING — SPINACH · PARSLEY · bismuth subcarbonate tablets orally 3-4 times a day as ordered.
ODOR-PRODUCING — ASPARAGUS · CABBAGE · ONIONS · FISH.
Also INCREASE FLUID INTAKE.","Odor is one of the biggest quality-of-life concerns and a major reason patients withdraw socially, so this is not trivia.

Fluid intake matters especially with an ileostomy, where 600-1200 mL a day is already being lost."
2925,5 - Fecal Diversion,N144_L5 | N144_L5_O3,What emotional support does a new ostomy patient need?,"Expect GRIEF — altered body function and appearance. DELAY EDUCATION until the patient is RECEPTIVE. Address SEXUAL FUNCTION, PREGNANCY and RECREATION. Consult the WOC nurse and dietitian; refer to the United Ostomy Associations of America.","Delaying teaching is the counterintuitive one. A patient in acute grief will not retain it, and pushing damages trust. ""Anybody having this is probably not gonna be OK."""
2976,5 - Fecal Diversion,N144_L5 | N144_L5_O3,"What is EFFLUENT, and why is it dangerous to skin?",EFFLUENT is the unformed output from a stoma. It contains ACTIVE DIGESTIVE ENZYMES that break down food — and they will break down SKIN just as readily.,"The GI lining is built to tolerate those enzymes; the skin around the stoma is not. This is why any exposed skin between the stoma and the appliance erodes, and why ileostomies — with the most enzyme-rich output — carry the highest skin risk."
2977,5 - Fecal Diversion,N144_L5 | N144_L5_O2,"How does the WOC nurse pick the stoma site, and why does placement matter so much?","They look at how the patient WEARS THEIR PANTS, where their FAT FOLDS are, and choose a flat spot the patient can SEE and REACH. Then the patient keeps re-marking it until surgery.
In a fold, the appliance will not seal — ""that thing's gonna come off and feces are gonna be everywhere.""","From lecture. The surgeon would otherwise cut wherever is easiest for them. Placement is assessed sitting AND standing because folds appear when seated.

WOC nursing is a master's-level specialty."
2980,5 - Fecal Diversion,N144_L5 | N144_L5_O3,"What happens if an ostomy patient decides ""if nothing goes in, nothing comes out""?",DEHYDRATION. Her aunt tried it and ended up hospitalized.,"From lecture. Refusing to eat does not stop output — the GI tract sheds lining and secretes fluid regardless — and an ileostomy already loses 600-1200 mL a day. Fluid intake must go UP, not down."
2981,5 - Fecal Diversion,N144_L5 | N144_L5_O1,What is a CONTINENT ileostomy (Kock pouch or ileal reservoir)?,"A PROCTOCOLECTOMY where 30-45 cm of terminal ileum is used to build a J- or S-shaped internal POUCH (Kock pouch), with a stoma on the abdominal wall.
A NIPPLE VALVE is created so effluent collects in the pouch for several hours, then is removed by inserting a CATHETER through the valve.
ELIMINATES the external fecal collection bag.","The advantage is body image — no external appliance, and the patient drains on their own schedule.

MAIN PROBLEM: malfunction of the NIPPLE VALVE, which often needs corrective surgery. Other complications: fistulas, stoma strictures, parastomal hernia, difficulty catheterizing, pouchitis, and SHORT BOWEL SYNDROME.

Used LESS COMMONLY now than restorative proctocolectomy with IPAA, because complication rates are higher. Reserved for a badly diseased rectum, poor rectal sphincter tone, or failure to achieve continence after IPAA.

Do not confuse with IPAA (Lecture 4): IPAA connects the ileal pouch to the ANUS and keeps the sphincter, so there is no stoma at all."
2983,5 - Fecal Diversion,N144_L5 | N144_L5_O3,"What should an ostomy patient do about GAS, and what is in bismuth tablets?","Keep a FOOD DIARY to find gas-producing foods (cabbage is classic). Gas can inflate the pouch like a balloon and pop it off; some pouches have a VENT.
Bismuth subcarbonate tablets are like PEPTO-BISMOL and contain ASPIRIN — so check bleeding risk.","From lecture. The stoma nurses' informal tip: a Tic Tac in the pouch. Not standard practice, but it works."
3291,6 - Medications,N144_MEDS | N144_L1 | N144_L1_O9,"SUCRALFATE — class, what it does, and the ONE timing rule?","ANTI-ULCER AGENT (mucosal protectant).
Reacts with stomach acid to form a PASTE that adheres to the ulcer crater, physically shielding it from acid and pepsin so it can heal.
TIMING — give 1 HOUR BEFORE MEALS and at bedtime, on an EMPTY STOMACH.","It has to arrive BEFORE food and acid do, or there is nothing for it to coat. Giving it with a meal wastes the dose.

It needs ACID to activate, so do not give it within 30 minutes of an antacid.

SEPARATE other medications by 2 HOURS — the paste binds them and blocks absorption (especially digoxin, phenytoin, warfarin, quinolones, levothyroxine).

Most common side effect: CONSTIPATION. Also check swallowing ability before the tablet form."
3292,6 - Medications,N144_MEDS | N144_L1 | N144_L1_O9,"What do the two H2 RECEPTOR ANTAGONISTS on your list do, and which one has the most interactions?","CIMETIDINE and FAMOTIDINE. They BLOCK HISTAMINE at the H2 receptor on the parietal cell — histamine is ONE of the signals that tells the stomach to make acid.
CIMETIDINE has far more DRUG INTERACTIONS (inhibits cytochrome P450) and causes GYNECOMASTIA and CONFUSION IN OLDER ADULTS. Famotidine is preferred.","Block one signal and you reduce acid — but the pump itself still works, which is why H2 blockers are LESS COMPLETE than PPIs.

CIMETIDINE'S problems: it slows the metabolism of warfarin, phenytoin, theophylline and lidocaine, raising their levels. It also has antiandrogenic effects.

CONFUSION IN OLDER ADULTS is the tested point — an older patient who becomes confused on cimetidine needs the drug reviewed, not a dementia workup.

Give with or immediately after meals; avoid alcohol and smoking (smoking decreases effectiveness)."
3293,6 - Medications,N144_MEDS | N144_L1 | N144_L1_O9,"What do the two PROTON PUMP INHIBITORS do differently from H2 blockers, and what are the long-term risks?","ESOMEPRAZOLE and PANTOPRAZOLE. They IRREVERSIBLY disable the H+/K+ ATPase PUMP — the final step of acid secretion — so suppression is MORE COMPLETE than blocking one signal.
Give 30-60 MINUTES BEFORE the first meal of the day. Do NOT crush or chew delayed-release forms.
LONG-TERM RISKS — C. DIFFICILE infection · pneumonia · FRACTURES (hip, wrist, spine) · hypomagnesemia · B12 and iron malabsorption.","Before the meal because the pumps are activated by eating — the drug has to be there when they switch on.

The long-term risks all trace to ONE fact: stomach acid is a defense and a solvent. Remove it and you lose the barrier that kills swallowed organisms (C. diff, pneumonia) and the acid needed to absorb calcium, magnesium, B12 and iron.

Pantoprazole is the one available IV and is commonly used for GI bleeding.

PPIs must be HELD 2 WEEKS before a urea breath test — they suppress H. pylori without killing it, producing a false negative."
3294,6 - Medications,N144_MEDS | N144_L1 | N144_L1_O9,"Which TWO antibiotics on your list treat H. PYLORI, and what is the regimen?","AMOXICILLIN (penicillin) and CLARITHROMYCIN (macrolide).
Used in TRIPLE or QUADRUPLE therapy with a PPI, ± bismuth, for 10-14 DAYS.
The whole course MUST be completed or the organism is not eradicated and the ulcer RECURS.","Acid suppression alone treats the symptom while the cause persists — that is why antibiotics are required.

AMOXICILLIN — assess for PENICILLIN ALLERGY first. Diarrhea and rash are common; watch for anaphylaxis.
CLARITHROMYCIN — causes a METALLIC TASTE, GI upset, and QT PROLONGATION. It inhibits CYP3A4, so it interacts with statins, warfarin and many others.

Both can cause C. DIFFICILE. New watery diarrhea during or after the course is reported, not treated with an antidiarrheal."
3295,6 - Medications,N144_MEDS | N144_L2 | N144_L2_O6,"LACTULOSE — class, mechanism, and the titration target?","OSMOTIC LAXATIVE. An indigestible sugar. Colonic bacteria ferment it into acids, which convert ammonia (NH3, absorbable) into AMMONIUM (NH4+, trapped in the gut). Its osmotic pull then carries the ammonium out in stool.
TITRATE TO 2-3 SOFT STOOLS PER DAY.","Two indications: HEPATIC ENCEPHALOPATHY (the main one here) and constipation.

TOO MANY STOOLS IS AN OVERDOSE, and it is dangerous in a specific way: the resulting dehydration and HYPOKALEMIA make encephalopathy WORSE, because low potassium increases ammonia crossing into the brain. More is not better.

Monitor: level of consciousness, orientation, asterixis, handwriting, potassium, hydration.

Do not give other laxatives with it — they confuse the titration. Can be given orally or by retention enema. Tastes very sweet; may be mixed with juice."
3296,6 - Medications,N144_MEDS | N144_L2 | N144_L2_O6,"CHOLESTYRAMINE RESIN — class, why it is given in liver disease, and the timing rule?","BILE ACID SEQUESTRANT. It BINDS BILE SALTS in the intestine so they are excreted in stool instead of being reabsorbed and deposited in the skin.
In liver disease it is given for PRURITUS — it treats the CAUSE of the itch, not the sensation.
TIMING — give other medications 1 HOUR BEFORE or 4-6 HOURS AFTER, because it binds them too.","The itching of cholestasis comes from bile salts in the skin. Remove the salts and the itch resolves — which is why this works when antihistamines do not.

It binds FAT-SOLUBLE VITAMINS (A, D, E, K) as well, so long-term use requires supplementation — and in a patient already at risk for bleeding, binding vitamin K matters.

It is a powder: MIX WITH 4-6 OZ of fluid and never take dry, because it can cause esophageal obstruction. Common side effect: CONSTIPATION.

Also used for hypercholesterolemia, since binding bile acids forces the liver to use cholesterol to make more."
3297,6 - Medications,N144_MEDS | N144_L3 | N144_L3_O6,"URSODEOXYCHOLIC ACID — class, what it dissolves, and what it CANNOT dissolve?","SECONDARY BILE ACID. Reduces cholesterol saturation of bile so existing stones gradually dissolve, and promotes bile flow.
Dissolves SMALL CHOLESTEROL stones over 6-12 MONTHS.
It CANNOT dissolve PIGMENT stones or calcified stones — those must be removed surgically.","It works by shifting bile chemistry so cholesterol redissolves rather than precipitating. The gallbladder must still be functioning and the stones must be small and non-calcified.

This is why STONE TYPE determines whether medical management is even an option. Pigment stones are bilirubin and calcium salts — this drug has no effect on them.

Also used in primary biliary cholangitis. Trade name ACTIGALL.

Side effects are mild: diarrhea, GI upset. Stones RECUR in up to 50% after the drug is stopped."
3298,6 - Medications,N144_MEDS | N144_L4 | N144_L4_O6,"MESALAMINE — class, which IBD it is first-line for, and by which route?","AMINOSALICYLATE. Acts LOCALLY on the bowel mucosa to reduce inflammation.
FIRST-LINE for mild-to-moderate ULCERATIVE COLITIS, usually by ENEMA or RECTAL SUPPOSITORY. Remission in 4-6 weeks, then tapered.
LESS EFFECTIVE in CROHN'S — budesonide is preferred there.","The RECTAL route is used because UC starts in the rectum and spreads proximally, so the drug works where the disease is. Oral forms are designed to release in specific bowel segments.

Adverse effects: headache, nausea, abdominal pain, WATERY DIARRHEA. Watch for a SULFA allergy with sulfasalazine, a related drug.

THE TESTED POINT that goes with it: do NOT give LOPERAMIDE or diphenoxylate-atropine for the diarrhea of UC — slowing an inflamed colon can precipitate TOXIC MEGACOLON."
3299,6 - Medications,N144_MEDS | N144_L4 | N144_L4_O6,"INFLIXIMAB — class, mechanism, and the single most important thing to check before the first dose?","MONOCLONAL ANTIBODY — an ANTI-TNF agent. It blocks TUMOR NECROSIS FACTOR, an inflammatory signalling protein, suppressing the immune attack on the bowel.
For MODERATE-TO-SEVERE Crohn's and ulcerative colitis, given by IV INFUSION.
BEFORE THE FIRST DOSE — SCREEN FOR LATENT TUBERCULOSIS (and hepatitis B).","TB screening because suppressing TNF can REACTIVATE a dormant infection. This is the classic tested point for every anti-TNF drug.

Other risks: serious INFECTIONS (sepsis, fungal), reactivation of hepatitis B, INFUSION REACTIONS (fever, chills, urticaria, hypotension — monitor during and after), heart failure worsening, and a rare risk of lymphoma.

TEACH: report any sign of infection — fever, sore throat, cough, wound that will not heal. LIVE VACCINES are contraindicated.

Hold the dose and notify the provider if the patient has an ACTIVE infection."
3300,6 - Medications,N144_MEDS | N144_L4 | N144_L4_O6,"DOCUSATE SODIUM — what class is it ACTUALLY, and what does your syllabus say?","It is an EMOLLIENT STOOL SOFTENER (surfactant). It draws WATER AND FAT INTO the stool, softening it so it passes without straining.
YOUR SYLLABUS LISTS IT AS A ""STIMULANT LAXATIVE"" — that is an ERROR. Both the lecture slide and the textbook classify it as an emollient.
BISACODYL is the stimulant.","The difference matters mechanically: an EMOLLIENT softens what is already there; a STIMULANT increases peristalsis and mucus secretion to move it along. Docusate does not increase peristalsis at all.

It is used to PREVENT straining, which is why it is ordered after MI, after surgery, in hemorrhoids, and in any patient where a Valsalva maneuver is dangerous.

It works slowly — 12 to 72 hours. It is NOT a rescue for acute constipation.

Give with a FULL GLASS OF WATER and encourage fluids, since it works by pulling water in.

Take this conflict to your professor before the exam."
3301,6 - Medications,N144_MEDS | N144_L2 | N144_L2_O6,"CHLORDIAZEPOXIDE — class, why it appears on a GI medication list, and the major caution in liver disease?","BENZODIAZEPINE. On this list because it is used for ALCOHOL WITHDRAWAL — and alcohol is the leading cause of cirrhosis and pancreatitis in this unit.
CAUTION — benzodiazepines are metabolized by the LIVER. In liver failure they ACCUMULATE, deepen CNS depression, and can worsen or mask HEPATIC ENCEPHALOPATHY.","This is the drug that collides with everything else in Lecture 2. Sedatives are DISCONTINUED in encephalopathy for three reasons: the liver cannot clear them, they deepen an already depressed CNS, and they mask the mental status that is your primary monitoring tool.

So the same patient may need it for withdrawal and be endangered by it. Doses are reduced, shorter-acting agents (lorazepam) are often preferred in cirrhosis, and monitoring is close.

Withdrawal itself is monitored with CIWA scoring. Watch for respiratory depression, oversedation, and falls."
3302,6 - Medications,N144_MEDS | N144_L2 | N144_L2_O3,"DISULFIRAM — class, mechanism, and the teaching that matters most?","ALCOHOL ANTAGONIST — an aversive agent for alcohol use disorder. It blocks ALDEHYDE DEHYDROGENASE, so acetaldehyde accumulates and drinking causes a violently unpleasant reaction.
THE REACTION — flushing, throbbing headache, nausea and vomiting, tachycardia, hypotension, dyspnea, confusion. Severe reactions can cause respiratory depression, dysrhythmias, seizures, death.
TEACH — AVOID ALL HIDDEN ALCOHOL for 14 DAYS after the last dose.","Recall the normal pathway: alcohol → ACETALDEHYDE → acetate. This drug blocks the second step, so acetaldehyde — the toxic intermediate that causes hangover symptoms — builds up.

HIDDEN SOURCES are the whole teaching point: mouthwash, cough syrup, aftershave, hand sanitizer, colognes, vanilla extract, sauces and desserts made with wine, and some IV medications.

The patient must CONSENT and want to stop drinking — this is not given covertly.

Contraindicated in severe cardiac disease. Use with caution in liver disease, since it is hepatotoxic and these patients already have damaged livers."
3303,6 - Medications,N144_MEDS,Name the 15 Unit One medications with their classes.,"ACID SUPPRESSION — Cimetidine, Famotidine (H2 blockers) · Esomeprazole, Pantoprazole (PPIs) · Sucralfate (mucosal protectant).
H. PYLORI — Amoxicillin (penicillin) · Clarithromycin (macrolide).
BOWEL — Lactulose (osmotic laxative) · Docusate sodium (syllabus says stimulant; actually an EMOLLIENT).
IBD — Mesalamine (aminosalicylate) · Infliximab (monoclonal antibody, anti-TNF).
BILIARY — Cholestyramine (bile acid sequestrant) · Ursodeoxycholic acid (secondary bile acid).
ALCOHOL-RELATED — Chlordiazepoxide (benzodiazepine) · Disulfiram (alcohol antagonist).","Grouping them by JOB rather than alphabetically is what makes them learnable. Five reduce or block acid, two kill H. pylori, two move the bowel, two treat IBD, two act on bile, two relate to alcohol.

Notice how they map to the lectures: acid drugs are Lecture 1, lactulose and the alcohol drugs are Lecture 2, the bile drugs are Lecture 3, and the IBD drugs are Lecture 4."
3304,6 - Medications,N144_MEDS | N144_L1 | N144_L1_O9,Compare the FOUR acid-reducing approaches on mechanism and timing.,"H2 BLOCKERS (cimetidine, famotidine) — block HISTAMINE, one signal for acid. Give WITH or after meals.
PPIs (esomeprazole, pantoprazole) — irreversibly disable the PUMP itself. Give 30-60 MIN BEFORE the first meal.
SUCRALFATE — does not reduce acid; forms a PASTE over the ulcer. Give 1 HR BEFORE meals, empty stomach.
ANTACIDS — neutralize acid already present. Separate from other drugs.","Three different points of attack: block a signal, disable the pump, or shield the tissue.

THE TIMING LOGIC: a PPI must be present when the pumps switch on, and eating triggers that — so BEFORE the meal. Sucralfate must coat the lining before food arrives — so BEFORE the meal, empty stomach. H2 blockers act on ongoing secretion and are less time-critical.

PPIs suppress more completely than H2 blockers, which is why patients escalate from famotidine to omeprazole and not the reverse.

Sucralfate needs acid to activate — not within 30 minutes of an antacid."
3305,6 - Medications,N144_MEDS,"Which TWO Unit One medications require SEPARATING other drugs, and by how long?","SUCRALFATE — separate other medications by 2 HOURS.
CHOLESTYRAMINE — give other medications 1 HOUR BEFORE or 4-6 HOURS AFTER.","Both work by physically BINDING things in the GI tract, so binding other drugs is an unavoidable consequence of the mechanism working.

Sucralfate specifically affects digoxin, phenytoin, warfarin, quinolones and levothyroxine.

Cholestyramine also binds the FAT-SOLUBLE VITAMINS A, D, E and K — which matters in a liver patient already at bleeding risk from low vitamin K.

If a question shows either drug given at the same time as another oral medication, that is the error."
3306,6 - Medications,N144_MEDS,"Which Unit One medications cause CONSTIPATION, and which cause DIARRHEA?","CONSTIPATION — Sucralfate · Cholestyramine.
DIARRHEA — Lactulose (intended) · Mesalamine · Amoxicillin · Clarithromycin · Ursodeoxycholic acid.","The two constipating drugs are the two that BIND things in the gut — binding slows transit.

The distinction that matters among the diarrhea drugs: lactulose diarrhea means THE DRUG IS WORKING, and the response is to reduce the dose toward 2-3 soft stools. Antibiotic diarrhea may be C. DIFFICILE, and the response is to REPORT it — not to give an antidiarrheal.

In ULCERATIVE COLITIS, never treat diarrhea with loperamide or diphenoxylate-atropine — risk of TOXIC MEGACOLON."
3307,6 - Medications,N144_MEDS | N144_L2,Which Unit One medications need caution specifically because the LIVER is damaged?,"CHLORDIAZEPOXIDE — a benzodiazepine cleared by the liver; it accumulates, deepens CNS depression, and worsens and masks ENCEPHALOPATHY.
DISULFIRAM — hepatotoxic in a patient whose liver is already failing.
GENERAL RULE — any drug dose may need REDUCTION, because the liver sets the half-life.","This is the recurring theme of Lecture 2: liver failure turns a normal dose into an overdose because nothing is cleared.

The chlordiazepoxide problem is genuinely hard clinically — the same patient may need it for alcohol withdrawal and be endangered by it. Doses are lowered and shorter-acting agents are often preferred.

By contrast, LACTULOSE, CHOLESTYRAMINE and URSODEOXYCHOLIC ACID act mainly IN THE GUT rather than systemically, which is part of why they are safe choices in liver disease."
3008,7 - Advocacy,N144_ADV,"What is advocacy, and at what FIVE levels does the ANA define it?","The act of PLEADING FOR, SUPPORTING or RECOMMENDING a cause or course of action.
Levels: INDIVIDUAL · INTERPERSONAL · ORGANIZATION · COMMUNITY · POLICY.","Advocacy is one of the ANA's STANDARDS OF PROFESSIONAL PERFORMANCE — not optional. The ANA declared 2018 the ""Year of Advocacy."""
3009,7 - Advocacy,N144_ADV,What is INDIVIDUAL advocacy versus INTERPERSONAL advocacy?,"INDIVIDUAL — EDUCATING the client so they can make choices aligned with their own beliefs and knowledge. They learn self-management and decision-making.
INTERPERSONAL — EMPOWERING the client with emotional support, help obtaining resources, and interaction with FAMILY and their social support network.",Individual is teaching the person. Interpersonal is working the people around them.
3010,7 - Advocacy,N144_ADV,Name the SIX ways a nurse advocates in daily practice.,"ENSURE SAFETY (discharge planning with case managers) · GIVE CLIENTS A VOICE (stay in the room while the doctor explains, translate jargon) · EDUCATE · PROTECT PATIENT RIGHTS (communicate their wishes to a disagreeing family) · DOUBLE-CHECK FOR ERRORS (flag conflicting orders, question unclear ones) · CONNECT TO RESOURCES (social work, chaplain, community programs).","Double-checking is advocacy because everyone makes mistakes and nurses are positioned to catch them. If an order is unclear, discuss with another nurse, the charge nurse, a pharmacist, or the provider BEFORE implementing."
3011,7 - Advocacy,N144_ADV,Why is the nurse uniquely positioned to advocate?,"The INTIMATE and CONTINUOUS nurse-patient relationship — built on trust, empathy and consistent interaction — gives nurses a deep understanding of the patient's VALUES, PREFERENCES and circumstances. Nurses act as LIAISON between the patient and the broader team.","Advocacy is most essential when patients CANNOT speak for themselves — severe illness, disability, end of life. Then it means working with families, coordinating the team, and navigating ethical dilemmas to uphold rights and dignity."
3012,7 - Advocacy,N144_ADV,"What are SOCIAL DETERMINANTS OF HEALTH, and how do nurses advocate at the community level?","SDOH are the conditions where people LIVE, LEARN, WORK and PLAY that affect health outcomes. Nurses advocate by strengthening community resources, promoting social cohesion, and addressing discrimination and violence.","Strong social support and community connection improve mental health, reduce stress and foster belonging."
3013,7 - Advocacy,N144_ADV,"What is SHARED GOVERNANCE, and what is it believed to promote?","A shared LEADERSHIP model between MANAGEMENT and EMPLOYEES working toward common goals. Believed to promote nurses' EMPOWERMENT, engagement, autonomy, accountability and collaboration — and client safety and quality.","An organization-level advocacy mechanism, alongside the ANCC MAGNET Recognition Program and professional organization membership."
3014,7 - Advocacy,N144_ADV,What is WHISTLEBLOWING?,"Reporting a SIGNIFICANT CONCERN to your SUPERVISOR, to the federal or state AGENCY responsible for the regulation, or — for criminal activity — to LAW ENFORCEMENT.","Nurses must follow federal, state and agency policies, be proactive in policy development, and SPEAK UP when policies are not followed. When regulations are ignored, advocating for public safety means reporting to a higher authority. Whistleblower PROTECTION laws are something nurses advocate for."
3015,7 - Advocacy,N144_ADV,How do nursing organizations engage in POLICY advocacy?,"Most have a LEGISLATIVE POLICY COMMITTEE that reviews proposed legislation and RECOMMENDS changes, ENDORSES it, or LEADS OPPOSITION. Examples: the ANA, the NLN, and state nursing associations.",Historical examples: nurses led the establishment of Nurse Practice Acts in each state and pushed for multistate licensing. Florence Nightingale used DATA to advocate for environmental changes that reduced infection; Lillian Wald established public health nursing.
