objective,id,type,question,options,correct,explanation
N146_L1,3468,Multiple choice,A patient with suspected adrenal insufficiency receives an exogenous stimulating hormone. The target gland responds appropriately and hormone levels rise. Which conclusion does the nurse anticipate the provider will draw?,"A) The dysfunction lies within the target gland itself
B) The dysfunction lies in the hypothalamus or pituitary
C) The gland is autonomously hypersecreting
D) The negative feedback loop is intact and no disorder is present
E) A suppression test is now required to confirm hypofunction
F) The result confirms primary gland dysfunction
G) The gland has been destroyed by an autoimmune process
H) The result is inconclusive and must be repeated fasting",B,"Stimulation tests confirm hypofunction and localize it. If the gland responds, it is capable of working and was simply not receiving its signal, placing the defect upstream in the hypothalamus or pituitary. A and F are the exact inversion: failure to respond would indicate the gland itself. C and E belong to suppression testing, which detects hyperfunction. D ignores that the patient required exogenous stimulation to produce hormone. G describes one cause of primary hyposecretion, which this result rules out. H adds a fasting requirement that belongs to glucose testing."
N146_L1,3469,Multiple choice,A patient is given an exogenous dose of a hormone and endogenous secretion of that hormone does not decrease. Which statement best explains the significance of this finding?,"A) The gland is hypofunctioning and requires replacement therapy
B) The organ is not responding to negative feedback, indicating hyperfunction
C) The hypothalamus has stopped producing releasing factors
D) The patient has a feedback disorder of the positive feedback type
E) The dose administered was insufficient to reach the target tissue
F) The gland lacks receptors for the administered hormone
G) The result indicates secondary rather than primary dysfunction
H) The finding is expected and requires no further workup",B,"This is a suppression test, used to detect hyperfunction. A normal organ shuts down its own production when hormone is supplied from outside; one that keeps secreting is not obeying the feedback loop. A describes what a stimulation test would evaluate. C and G are upstream explanations that suppression testing does not establish. D misapplies positive feedback, which involves amplification by a stimulus, not failure to suppress. E and F are plausible-sounding mechanisms not tested by this study. H ignores an abnormal result."
N146_L1,3470,Multiple choice,A patient is diagnosed with hyperthyroidism secondary to a pituitary adenoma. Which understanding should guide the nurse planning care?,"A) The thyroid gland itself is diseased and will require removal
B) This is primary hyperthyroidism caused by idiopathic hyperplasia
C) The thyroid is structurally healthy but is being overstimulated from outside the gland
D) The condition results from autoimmune destruction of thyroid tissue
E) The hypothalamus has stopped producing TRH
F) Calcitonin secretion is the source of the elevated hormone levels
G) The disorder is permanent by definition and cannot be reversed
H) Radioactive iodine is contraindicated in all secondary thyroid disorders",C,"Secondary dysfunction means the change in the gland results from a problem outside it. The adenoma drives excess TSH, so a healthy thyroid overproduces. A and B place the defect in the gland, which is the definition of primary. D describes an autoimmune primary process and would cause hypofunction through destruction. E is backward: reduced TRH would lower thyroid output. F names the wrong thyroid hormone entirely, since calcitonin regulates calcium. G contradicts the teaching that secondary dysfunction may be temporary or permanent. H invents a blanket contraindication."
N146_L1,3471,Multiple choice,A nursing student states that the posterior pituitary produces ADH and oxytocin. Which correction by the instructor is accurate?,"A) Those hormones are produced by the anterior pituitary
B) Those hormones are produced in the hypothalamus and stored in the posterior pituitary
C) Those hormones are produced by the pineal gland and released by the pituitary
D) The posterior pituitary produces them only in response to tropic stimulation
E) The posterior pituitary produces oxytocin but stores ADH
F) Those hormones are produced in the adrenal cortex
G) The student is correct as stated
H) Those hormones are produced by the thyroid and transported by binding proteins",B,"The posterior pituitary is a storage depot, not a manufacturer. Both hormones are synthesized in the hypothalamus and travel down for storage and release. A assigns them to the wrong lobe, which holds FSH, LH, prolactin, ACTH, TSH and GH. C, F and H assign production to unrelated glands. D introduces tropic control, which governs the anterior lobe. E splits the pair arbitrarily; both are hypothalamic in origin. G leaves the error uncorrected."
N146_L1,3472,Multiple choice,A patient asks why a thyroid problem causes symptoms throughout the entire body while a pituitary hormone such as FSH affects only the reproductive organs. Which explanation is most accurate?,"A) Thyroid hormone is released in larger quantities than FSH
B) Thyroid hormone travels in the bloodstream while FSH travels through ducts
C) Receptors for thyroid hormone exist in nearly all tissues, while FSH receptors are limited to specific target tissue
D) Thyroid hormone is a tropic hormone and FSH is non-tropic
E) Thyroid hormone acts through a second messenger and FSH does not
F) FSH is inactivated by binding proteins before reaching most tissues
G) Thyroid hormone is a steroid and can enter any cell
H) FSH is regulated by positive feedback and therefore has a narrower effect",C,"A hormone acts only where a receptor for it exists, which is what makes some effects widespread and others limited. A confuses quantity with distribution. B describes exocrine secretion, which no pituitary or thyroid hormone uses. D is reversed: FSH is the tropic hormone and thyroxine is non-tropic. E and G misstate mechanism; thyroid hormones are amines, not steroids. F invents an inactivation mechanism. H misapplies positive feedback."
N146_L1,3473,Multiple choice,"A routine basic metabolic panel on an asymptomatic patient shows an elevated serum calcium. Which follow-up does the nurse anticipate, and on what basis?","A) Thyroid function testing, because calcitonin raises serum calcium
B) Parathyroid evaluation, because parathormone raises serum calcium
C) Adrenal evaluation, because mineralocorticoids raise serum calcium
D) Pituitary imaging, because ACTH regulates calcium metabolism
E) Thyroid function testing, because T3 and T4 increase calcium absorption
F) Parathyroid evaluation, because parathormone lowers serum calcium
G) Repeat testing only, because an isolated calcium elevation has no endocrine significance
H) Renal ultrasound, because the kidney is the primary regulator of parathormone",B,"Increased PTH raises serum calcium and lowers phosphorus, and an incidental high calcium on routine bloodwork is the most common way parathyroid disease is discovered. A and E name the right gland family but the wrong direction and wrong hormone, since calcitonin lowers calcium and T3 and T4 govern metabolic rate. F names the right gland with the wrong direction. C and D assign calcium regulation to glands that do not perform it. G dismisses a potentially life-threatening value. H reverses the relationship, since serum ionized calcium regulates PTH output."
N146_L1,3474,Multiple choice,A postoperative thyroidectomy patient develops signs of hypocalcemia. Which explanation should the nurse understand as most likely?,"A) Calcitonin production increased sharply after surgery
B) Parathyroid glands embedded in thyroid tissue were removed with the gland
C) The patient developed primary hypoparathyroidism from an autoimmune process
D) Thyroid hormone replacement was started too early
E) The remaining thyroid tissue is oversecreting T3 and T4
F) Surgical stress triggered a release of parathormone
G) Phosphorus binders given preoperatively lowered the calcium
H) The hypothalamus stopped producing releasing factors for PTH",B,"The parathyroids sit on the posterior thyroid and may be embedded within it, so thyroidectomy can remove them; the resulting loss of PTH drops serum calcium. This is secondary dysfunction caused by physical damage from treatment. A is backward in timing and mechanism, since the gland producing calcitonin has been removed. C names an unrelated cause with no supporting evidence. D and E concern thyroid hormone, not calcium. F would raise calcium, not lower it. G and H invent mechanisms not present in this scenario."
N146_L1,3475,Multiple choice,The nurse palpates an enlarged thyroid gland during assessment. Which action should the nurse take next?,"A) Auscultate both lobes with the diaphragm to listen for a bruit
B) Palpate more deeply to determine whether nodules are present
C) Ask the patient to hold their breath while the isthmus is assessed
D) Measure the gland and document the finding without further assessment
E) Auscultate with the bell, since a bruit is a low-pitched sound
F) Apply pressure to the trachea to assess for deviation
G) Assess for exophthalmos to confirm hyperthyroidism before proceeding
H) Have the patient swallow to determine whether the mass is thyroid tissue",A,"When the thyroid is enlarged, both lobes are auscultated with the diaphragm; a bruit reflects increased blood flow and suggests hyperthyroidism. E names the correct action with the wrong instrument. H describes a step that belongs earlier in the exam, during inspection, and the enlargement has already been identified by palpation. B and F introduce pressure that risks injury and is not part of the described technique. C has no role in thyroid assessment. D stops short of an indicated assessment. G is a physical finding that does not replace the auscultation step."
N146_L1,3476,Multiple choice,A patient reports the following during a health history. Which finding is LEAST likely to be attributable to an endocrine imbalance?,"A) Intolerance to cold that has worsened over six months
B) Unexplained weight loss of 18 pounds
C) A sharp localized pain in the right ankle after a fall
D) Excessive thirst with increased urinary frequency
E) Loss of hair in a changed distribution pattern
F) Cessation of the menstrual cycle
G) Persistent fatigue and reduced energy level
H) A change in bowel habits without dietary change",C,"Every other option appears on the history-taking list for endocrine imbalance: energy level, cold and hot tolerance, unexplained weight change, thirst, urine and bowel habits, hair pattern changes and menstrual cycle. Option C has a clear mechanical cause and a defined precipitating event, which places it outside the endocrine review of systems. Negative-stem items like this are fair only because both lists are explicit on the slide; note that none of the endocrine findings is diagnostic alone, they simply direct further questioning."
N146_L1,3477,Multiple choice,Which patient statement indicates the correct understanding that a positive feedback system is operating?,"A) My blood sugar rises after eating and insulin brings it back to normal
B) My body keeps my temperature at a set point by sweating or shivering
C) While I was breastfeeding, the longer my baby nursed the more milk was produced
D) When my hormone level rises, production of that hormone is inhibited
E) My thyroid hormone level rises and that shuts off TSH from the pituitary
F) When my calcium rises, my parathyroid glands secrete less hormone
G) My blood pressure drops and my body releases hormones to bring it back up
H) When I fast, glucagon raises my sugar back to a normal level",C,"Positive feedback amplifies as long as the stimulus is present and has no set point; the goal is not homeostasis. Only the nursing example describes continued escalation driven by continued stimulus. Every other option describes a negative feedback loop returning a variable to a set point and then shutting off, including the glucose, temperature, thyroid, calcium and blood pressure examples. Note the primary examples named on the slide are oxytocin and blood clotting."
N146_L1,3478,Multiple choice,A patient with a known endocrine disorder is admitted for a different problem. Which principle should guide the nurse conducting the admission health history?,"A) Review the emergency department documentation and confirm only new findings
B) Begin the assessment independently, since the patient presents new to this nurse
C) Defer the history if the admitting diagnosis has already been established by the provider
D) Limit questioning to the system involved in the admitting diagnosis
E) Accept the patient report that they have no other conditions if they deny them
F) Ask about medications only if the patient reports a chronic condition
G) Rely on the family to supply history when the patient is oriented
H) Complete the physical assessment first and obtain the history only if findings are abnormal",B,"Do not assume the clinician before you asked the questions. The lecture case turned on a single question about duration that no one had asked, which overturned a UTI diagnosis in a 54-year-old and redirected the workup. A, C and H treat prior documentation or the physical exam as a substitute for the history. D and F narrow the history in ways that would miss endocrine findings entirely, and patients frequently deny a condition while taking medication for it. E and G accept incomplete sources when the patient can be interviewed directly."
N146_L1,3479,Multiple choice,Which statement correctly describes how steroid hormones differ from peptide hormones in their mechanism of action?,"A) Steroids bind receptors on the cell surface and act within seconds
B) Steroids penetrate the cell membrane, alter protein synthesis, and require several hours to act
C) Steroids use cyclic AMP as a second messenger while peptides act intracellularly
D) Steroids act only on endocrine glands while peptides act on tissues
E) Steroids are water soluble and therefore cannot cross the cell membrane
F) Steroids change membrane permeability and act within minutes
G) Steroids require binding proteins to enter the cell while peptides do not
H) Steroids and peptides both act through intracellular receptors but at different speeds",B,"Steroids are small and lipid soluble, so they cross the membrane, bind intracellular receptors and modify mRNA formation, which means new protein must be synthesized before an effect appears. A, C and F describe the peptide mechanism, in which surface binding stimulates adenyl cyclase and raises cyclic AMP as the second messenger. E contradicts lipid solubility. D confuses mechanism with the tropic and non-tropic distinction. G and H blur the two mechanisms rather than separating them."
N146_L1,3492,Select all,Select all hormones that are classified as tropic hormones.,"A) Thyroid-stimulating hormone (TSH)
B) Thyroxine
C) Adrenocorticotropic hormone (ACTH)
D) Cortisol
E) Follicle-stimulating hormone (FSH)
F) Antidiuretic hormone (ADH)
G) Luteinizing hormone (LH)
H) Melanocyte-stimulating hormone (MSH)","A, C, E, G, H","Tropic hormones target other endocrine glands and stimulate those glands to produce and secrete hormone. Thyroxine and cortisol are the textbook examples of non-tropic hormones, acting directly on cells and tissues. ADH acts on the kidney to control water excretion, a target organ rather than an endocrine gland, so it is also non-tropic."
N146_L1,3493,Select all,A patient is being evaluated for possible endocrine dysfunction. Select all findings that appear on the physical assessment list for endocrine disorders.,"A) Exophthalmos
B) Facial hair in a female patient
C) Truncal obesity with wasted extremities
D) Unilateral calf tenderness and warmth
E) Changes in hair distribution
F) Edema
G) A fixed, dilated pupil
H) Fatigue","A, B, C, E, F, H","The physical assessment slide lists vital signs, hair distribution, facial hair in women, fat distribution, weight changes, exophthalmos, edema, truncal obesity, wasted extremities and fatigue. Unilateral calf tenderness with warmth suggests venous thrombosis, and a fixed dilated pupil is a neurologic emergency finding; neither belongs to the endocrine assessment list."
N146_L1,3494,Select all,Select all causes of primary hyposecretion of an endocrine gland.,"A) Destructive tumors
B) Idiopathic hyperplasia
C) Inflammation
D) Infection
E) Autoimmune conditions
F) Physical damage to the gland
G) A secreting adenoma of the pituitary
H) Surgical removal of the gland","A, C, D, E, F","Primary hyposecretion is caused by destructive tumors, inflammation, infection, autoimmune conditions and physical damage. Idiopathic hyperplasia causes primary HYPERsecretion, as does a secreting pituitary adenoma, which is also secondary in its effect on the downstream gland. Surgical removal causes hypofunction but is classified as secondary, since it is treatment originating outside the gland."
N146_L1,3495,Multiple choice,A patient has a serum TSH of 12.4 mIU/L with a low free T4. Which interpretation is correct?,"A) Primary hypothyroidism, because the failing thyroid removes feedback inhibition and TSH rises
B) Secondary hypothyroidism caused by a pituitary that has stopped producing TSH
C) Primary hyperthyroidism, because TSH is elevated
D) Secondary hyperthyroidism caused by a pituitary adenoma
E) A normal finding, since TSH and T4 always move in the same direction
F) Hypothalamic failure with loss of TRH production
G) Thyroid hormone resistance at the target tissue with a normal gland
H) An expected result following calcitonin administration",A,"In the hypothalamic-pituitary-thyroid axis, T3 and T4 exert negative feedback on the pituitary. A failing thyroid produces less hormone, inhibition is lost, and TSH climbs. B and F would both produce a LOW TSH alongside the low T4, since the problem would be a failure to signal. C and D describe hyperthyroid states, which require an elevated T4. E reverses the inverse relationship that defines the axis. G and H introduce mechanisms not supported by these two values."
N146_L1,3496,Multiple choice,Insulin acting on the same pancreatic beta cells that released it is an example of which type of hormone action?,"A) Paracrine action
B) Autocrine action
C) Tropic action
D) Endocrine action
E) Exocrine action
F) Second messenger action
G) Non-tropic action
H) Negative feedback action",B,"Autocrine action means a hormone acts on the very cells from which it was released, and insulin on beta cells is the textbook example. Paracrine action is the neighboring option and means the hormone acts locally in the area where it was released without entering the bloodstream, such as sex hormones on the ovaries. D describes release into the bloodstream to reach distant targets. E is duct secretion. C, G and H describe unrelated classifications."
N146_L1,3497,Select all,Select all conditions that INCREASE secretion of growth hormone.,"A) Deep sleep
B) Obesity
C) Stress
D) Hypothyroidism
E) Fasting and malnutrition
F) Hypoglycemia
G) Depression
H) Hypovolemic shock and sepsis","A, C, E, F, H","Growth hormone secretion is increased by deep sleep, stress, exercise, fasting, malnutrition, hypoglycemia, trauma, hypovolemic shock and sepsis, and it is decreased by obesity, depression and hypothyroidism. Note the pattern: states of physiologic demand or fuel shortage raise GH, which makes sense because GH raises blood glucose and mobilizes fatty acids."
N146_L1,3498,Multiple choice,A patient sustains total destruction of the pituitary gland from a traumatic injury. Which set of consequences should the nurse anticipate if the missing hormones are not replaced?,"A) Isolated loss of water regulation with no other endocrine effect
B) Atrophy of the thyroid, gonads and adrenal glands with weight loss, hypometabolism and hypoglycemia
C) Hypersecretion of thyroid and adrenal hormones from loss of inhibition
D) Elevated calcium and phosphorus from unopposed parathyroid activity
E) Isolated growth hormone deficiency without other effects
F) Hyperglycemia and truncal obesity from cortisol excess
G) No effect, because the target glands function independently
H) Cushing syndrome from unregulated ACTH release",B,"Total destruction removes all stimuli normally received by the thyroid, gonads and adrenal glands, leading to extreme weight loss, emaciation, atrophy of the endocrine glands, hair loss, amenorrhea, hypometabolism and hypoglycemia; coma and death follow without replacement. C, F and H describe hypersecretion states, the opposite of what losing the master gland produces. A and E describe isolated deficits, but the anterior and posterior lobes together govern six and two hormones respectively. D misassigns the parathyroids, which are not under pituitary control. G contradicts the definition of a master gland."
N146_L1,3499,Select all,Select all imaging or screening studies used in the evaluation of endocrine disorders.,"A) Radioactive scanning
B) Magnetic resonance imaging
C) Computed tomography
D) Electromyography
E) Ultrasonography
F) Positron emission tomography
G) Dual-energy x-ray absorptiometry
H) Genetic screening with DNA testing","A, B, C, E, F, G, H","The textbook lists radioactive scanning, MRI, CT, ultrasonography, PET and dual-energy x-ray absorptiometry as imaging studies, and genetic screening is described as becoming routine for identifying genes associated with endocrine disorders and predisposition. Electromyography evaluates muscle and nerve conduction and has no role in endocrine evaluation."
N146_L1,3500,Multiple choice,A provider orders a 24-hour urine collection for free catecholamines. Which disorder is being investigated?,"A) Hypothyroidism
B) Hyperparathyroidism
C) Pheochromocytoma, a tumor of the adrenal medulla
D) Diabetes insipidus
E) A tumor of the adrenal cortex producing cortisol
F) Acromegaly from growth hormone excess
G) Addison disease
H) A prolactin-secreting pituitary adenoma",C,"Urinary free catecholamines, meaning norepinephrine, epinephrine and dopamine, are measured when pheochromocytoma is suspected, and the adrenal medulla is the source of those catecholamines. E is the adjacent trap: a cortisol-producing tumor arises in the adrenal cortex, not the medulla, and would be investigated differently. The remaining options involve hormones that are not catecholamines and would be evaluated by serum testing or stimulation and suppression studies."
N146_L1,3501,Multiple choice,The nurse is caring for four patients on an endocrine unit. Which finding requires the nurse attention FIRST?,"A) A patient with a serum calcium of 14.2 mg/dL who is lethargic and confused
B) A patient reporting increased thirst and urination over the past two weeks
C) A patient with facial hair and truncal obesity awaiting a suppression test
D) A patient with an enlarged thyroid and an audible bruit
E) A patient who has gained four pounds since last month
F) A patient reporting cold intolerance and constipation
G) A patient scheduled for a 24-hour urine collection who has not started the container
H) A patient asking why a stimulation test is needed",A,"Excess parathormone can raise serum calcium to a potentially life-threatening level, and this patient has both a critically high value and an acute change in mental status. The other findings are real and warrant assessment, but they are chronic or non-urgent: thirst and polyuria, the physical signs of cortisol excess, a bruit suggesting hyperthyroidism, weight gain, and hypothyroid symptoms all progress over time. The collection container and the patient question are important nursing tasks, not physiologic emergencies."
N146_L1,3502,Select all,Select all accurate statements about the posterior pituitary gland.,"A) It secretes vasopressin and oxytocin
B) Its hormones are produced in the hypothalamus
C) It secretes FSH, LH and prolactin
D) Its hormones are stored there until release
E) Vasopressin secretion is stimulated by increased blood osmolality
F) Its secretion is controlled by releasing factors delivered through the pituitary portal system
G) Oxytocin increases the force of uterine contractions during labor
H) It is the source of growth hormone","A, B, D, E, G","The posterior lobe secretes vasopressin and oxytocin, both synthesized in the hypothalamus and stored in the posterior pituitary. Vasopressin secretion responds to increased blood osmolality or decreased blood pressure, and oxytocin strengthens uterine contractions and facilitates milk ejection. C, F and H all belong to the anterior pituitary, which holds six major hormones and is controlled by hypothalamic releasing factors delivered through the pituitary portal blood system."
N146_L1,3503,Multiple choice,A patient with chronic kidney disease has a serum calcium of 11.8 mg/dL and a serum phosphorus of 6.9 mg/dL. Which complication is the nurse most concerned about?,"A) Precipitation of calcium phosphate in organs such as the kidneys, causing tissue calcification
B) Tetany from acute hypocalcemia
C) Bone demineralization from excess calcitonin
D) Suppression of parathormone leading to permanent hypoparathyroidism
E) Rebound hypophosphatemia requiring replacement
F) Loss of vitamin D absorption from the intestine
G) Hyperkalemia from shifting of intracellular ions
H) Thyroid enlargement from elevated TSH",A,"When the product of serum calcium and serum phosphorus rises, calcium phosphate may precipitate in various organs and cause tissue calcification, which is why both values are tracked together rather than separately. B describes the opposite calcium state. C reverses calcitonin, which lowers serum calcium by moving it into bone. D is a real consequence of some parathyroid treatment but is not the risk posed by these two values. E, F, G and H attach true-sounding endocrine mechanisms to the wrong problem."
N146_L1,3504,Multiple choice,A nurse is preparing a patient for a suppression test. Which statement by the nurse best explains the purpose of the study?,"A) We will give you a hormone your body normally makes and see whether your gland responds by producing more
B) We will give you a dose of the hormone and measure whether your own production shuts off the way it should
C) We will collect your urine for 24 hours to measure the breakdown products of the hormone
D) We will check a single blood level to see whether the hormone is high or low
E) We will withhold the hormone to see how low your level falls
F) We will image the gland to look for a tumor causing the problem
G) We will test your DNA to see whether you carry a gene for this disorder
H) We will give you a sugary drink and check your glucose afterward",B,"A suppression test detects hyperfunction by determining whether the organ still obeys negative feedback when hormone is supplied from outside. A describes a stimulation test, which detects hypofunction, and is the closest distractor. H describes the oral glucose tolerance test, which is a stimulation test. C, D, F and G are all real endocrine diagnostics but answer different questions. E describes no recognized protocol."
N146_L1,3505,Multiple choice,Which statement about T3 and T4 transport in the bloodstream is accurate?,"A) They circulate entirely unbound so they are immediately available to tissues
B) They are bound to proteins including thyroxine-binding globulin, transthyretin and albumin until needed
C) They are bound to calcitonin until released at the target tissue
D) They are stored in the parathyroid glands until circulating levels fall
E) They are transported by the pituitary portal blood system
F) They are bound to iodine molecules that are released at the cell membrane
G) They circulate bound to red blood cells for the life of the cell
H) They require a second messenger to enter the circulation",B,"Thyroid hormones are synthesized and stored bound to proteins in the thyroid cells and are transported bound to thyroxine-binding globulin, transthyretin and albumin. Only unbound hormone is active, which is why free T4 is measured separately. A contradicts the binding described on the slide. F confuses the iodine contained within the hormone molecule with a transport mechanism. C, D, E, G and H attach real endocrine terms to the wrong process."
N146_L1,3506,Multiple choice,A patient newly diagnosed with an autoimmune endocrine disorder asks what caused it. Which response is most accurate?,"A) It was almost certainly caused by something in your diet
B) In most cases the trigger is never identified, and the body has begun attacking its own tissue
C) It is caused by a tumor that will need to be removed
D) It was caused by the treatment you received for another condition
E) The condition is temporary and will resolve once the trigger is removed
F) It means a gland has stopped receiving signals from the pituitary
G) It is entirely genetic, so your children will develop it as well
H) It indicates hypersecretion, which always improves with medication",B,"An autoimmune condition means the body attacks itself, the trigger is usually unknown, and by the time signs and symptoms appear the process may have been underway a long time. Identifying a trigger does not change that an autoimmune condition, once present, is permanent, which makes E wrong. A, C, D and F name other real causes of gland dysfunction that do not apply here. G overstates genetic risk. H is wrong in both direction and prognosis, since autoimmune processes appear in both hyper and hypo states."
N146_L1,3507,Select all,Select all findings that should be documented when a patient reports a symptom that may indicate endocrine imbalance.,"A) Severity of the change
B) How long the patient has experienced the change
C) The effect on the ability to carry out activities of daily living
D) The effect of the change on the patient self-perception
E) Family history
F) The patient preferred pharmacy
G) The insurance authorization status
H) Whether the patient has been told a diagnosis previously","A, B, C, D, E","Documentation includes severity, duration, effect on activities of daily living, effect on self-perception and family history. Duration is the item that overturned the lecture case, where three months of confusion ruled out a urinary tract infection as the cause. The pharmacy and insurance status are administrative details, and a previously stated diagnosis does not replace assessing the current symptom."
N146_L1,3528,Select all,Select all substances that are secreted by exocrine glands.,"A) Sweat
B) Tears
C) Thyroid-stimulating hormone
D) Saliva
E) Breast milk
F) Digestive juices
G) Cortisol
H) Erythropoietin","A, B, D, E, F","Exocrine glands secrete into ducts, onto epithelial surfaces or into the GI tract, and the slide names sweat, tears, saliva, breast milk and digestive juices. TSH and cortisol are endocrine hormones released into the blood. Erythropoietin is a hormone too, produced by the kidney rather than by an endocrine gland."
N146_L1,3529,Select all,Select all roles of the endocrine system listed on the slide.,"A) Fluid and electrolyte balance
B) Metabolism
C) Growth
D) Reproduction
E) Aging
F) Response to stress or other adverse conditions
G) Conduction of nerve impulses
H) Production of red blood cells in the marrow","A, B, C, D, E, F","The six roles on the slide are fluid and electrolyte balance, metabolism, growth, reproduction, aging, and response to stress or adverse conditions. Nerve impulse conduction is the nervous system, which works in concert with the endocrine system but is not it. Marrow production of red cells is stimulated by erythropoietin but is not itself an endocrine role."
N146_L1,3530,Multiple choice,Which statement about hormone quantity and transport is accurate?,"A) Hormones are released in large volumes and diluted by the bloodstream
B) Hormones are released in small amounts and transported by the bloodstream to target cells or organs
C) Hormones are released in small amounts and travel through ducts to their targets
D) Hormones are released in large amounts and act only on the gland that made them
E) Hormones are stored in the target tissue until a stimulus arrives
F) Hormones are released only in response to a nervous system impulse
G) Hormones are released continuously at an unchanging rate
H) Hormones are transported bound to white blood cells",B,"Hormones are chemical transmitters released in small amounts from glands and carried by the bloodstream to target cells or organs, transferring information from one set of cells to another. C describes exocrine secretion. F ignores the other triggers, which include stress, falling hormone levels and tropic hormones. G contradicts the feedback control that keeps concentration relatively constant. A, D, E and H misstate volume, target or transport."
N146_L1,3531,Multiple choice,"Under the textbook's four-category classification of hormones, which category contains antidiuretic hormone and oxytocin?","A) Amines and amino acids
B) Peptides, polypeptides, proteins and glycoproteins
C) Steroids
D) Fatty acid derivatives
E) Catecholamines
F) Corticosteroids
G) Retinoids
H) Eicosanoids only",B,"The textbook's four categories are amines and amino acids; peptides, polypeptides, proteins and glycoproteins; steroids; and fatty acid derivatives. ADH and oxytocin are nine-amino-acid peptides, placing them in the second category. E belongs to the amine category, F to steroids, and G and H to fatty acid derivatives."
N146_L1,3532,Multiple choice,"A thermostat set to 74 degrees turns on the air conditioning when the house gets too warm and the heat when it gets too cool, then shuts both off at 74. Which endocrine principle does this illustrate?","A) Positive feedback, because two opposing mechanisms are involved
B) Negative feedback, because the response returns the variable to a set point and then stops
C) Tropic hormone regulation
D) Paracrine action
E) Positive feedback, because the response continues while the stimulus is present
F) A feedback disorder
G) Autocrine action
H) Negative feedback, because the response continues until the stimulus is removed",B,"Negative feedback aims at homeostasis: the correction stops when the set point is reached, not when the stimulus disappears. H is the near-miss that names the right system with the positive feedback stopping rule. A and E name the wrong system, and E states the actual definition of positive feedback. C, D, F and G describe unrelated mechanisms."
N146_L1,3533,Multiple choice,Which hormone acts on the breast to stimulate milk production?,"A) Oxytocin
B) Prolactin
C) Follicle-stimulating hormone
D) Luteinizing hormone
E) Estrogen
F) Adrenocorticotropic hormone
G) Growth hormone
H) Melanocyte-stimulating hormone",B,"Prolactin, an anterior pituitary hormone, stimulates milk production. Oxytocin is the closest distractor and facilitates milk ejection during lactation, a different step in the same process; this pair was confused during lecture, where the breastfeeding positive feedback loop was attributed to prolactin while the slide names oxytocin. The remaining options are hormones with other targets."
N146_L1,3534,Multiple choice,Which anterior pituitary hormone stimulates melanin production and affects skin pigmentation?,"A) Melanocyte-stimulating hormone
B) Adrenocorticotropic hormone
C) Melatonin
D) Beta-lipotropin
E) Thyroid-stimulating hormone
F) Growth hormone
G) Prolactin
H) Luteinizing hormone",A,"MSH is secreted by the anterior pituitary and stimulates melanin production, which affects skin color and freckling. C is the deliberate near-miss: melatonin comes from the pineal gland and affects reproductive function, and the similar name is the trap. D is also an anterior pituitary product, but its function is poorly understood. The remaining options are tropic or non-tropic hormones with other targets."
N146_L1,3535,Multiple choice,"Iodide absorbed from the GI tract is concentrated by the thyroid and converted to iodine, which then reacts with which substance to form thyroid hormone?","A) Tyrosine
B) Thyroglobulin
C) Calcitonin
D) Thyroxine-binding globulin
E) Transthyretin
F) Albumin
G) Cholesterol
H) Adenyl cyclase",A,"Iodine molecules react with tyrosine, an amino acid, to form the thyroid hormones. B is the strongest distractor: thyroglobulin is a precursor of T3 and T4 and is overproduced in iodine deficiency, but it is not what iodine reacts with. D, E and F are the three transport proteins that carry hormone in the blood, a later step. C is the calcium-lowering thyroid hormone. G builds steroids and H is the enzyme in peptide hormone signaling."
N146_L1,3536,Multiple choice,Which finding would the nurse expect in a patient whose parathyroid glands are oversecreting?,"A) Elevated serum calcium and elevated serum phosphorus
B) Elevated serum calcium and decreased serum phosphorus
C) Decreased serum calcium and elevated serum phosphorus
D) Decreased serum calcium and decreased serum phosphorus
E) Normal calcium with elevated phosphorus
F) Elevated calcitonin with normal calcium
G) Decreased serum calcium with elevated TSH
H) Elevated serum sodium and decreased potassium",B,"Increased PTH raises calcium and lowers phosphorus; the two move in opposite directions. A and D move them together, C reverses both, and E, F, G and H attach unrelated values. Remember the counterweight: calcitonin from the thyroid lowers serum calcium by moving it into bone, so the two glands in the same anatomic area oppose each other."
N146_L1,3537,Multiple choice,Which statement about the two adrenal glands is accurate?,"A) They function as a single unit and both are required for hormone production
B) They work independently, so one can be removed and the other assumes the full workload
C) The left gland produces cortex hormones and the right produces medulla hormones
D) They are located beneath the kidneys and are called infrarenal glands
E) They are controlled entirely by the parathyroid glands
F) They are part of the parasympathetic nervous system
G) Removal of either gland requires lifelong hormone replacement
H) They secrete their hormones into ducts leading to the kidney",B,"The adrenals work independently of each other, so the loss of one is not a deficiency. D reverses the position and the prefix: supra means above, so they are suprarenal. F names the wrong division, since the adrenals are sympathetic. G contradicts the independence just described, and would apply only to bilateral loss of the cortex. C, E and H invent anatomy."
N146_L1,3538,Select all,Select all findings that would be classified as primary HYPERsecretion of an endocrine gland.,"A) A benign secreting tumor of the gland
B) Idiopathic hyperplasia of the gland
C) Autoimmune destruction of the gland
D) Infection within the gland
E) A pituitary adenoma driving a downstream gland
F) Inflammation of the gland
G) Surgical removal of the gland
H) Overgrowth of the existing secretory cells with no identified cause","A, B, H","Primary hypersecretion has two listed causes, tumor and idiopathic hyperplasia, and hyperplasia is by definition overgrowth of the cells already present with no known cause, which makes H a restatement of B. C, D and F are causes of primary hyposecretion. E produces hypersecretion in the downstream gland but is classified as SECONDARY, since the problem originates outside that gland. G causes hypofunction and is also secondary."
N146_L1,3539,Multiple choice,A patient asks what the word idiopathic on their chart means. Which explanation is correct?,"A) It means the condition was caused by medical treatment
B) It means the cause is unknown
C) It means the condition is inherited
D) It means the condition originates in another organ
E) It means the condition is expected to resolve on its own
F) It means the condition is caused by an overgrowth of cells
G) It means the condition is autoimmune
H) It means the condition is not serious",B,"Idiopathic means the cause is unknown. F is the adjacent term from the same slide: hyperplasia means overgrowth, and idiopathic hyperplasia combines the two into overgrowth of unknown cause. A describes an iatrogenic cause, D describes secondary dysfunction, and C, E, G and H each name a different concept."
N146_L1,3540,Select all,Select all treatments of endocrine HYPERfunction that can result in secondary hypofunction.,"A) Surgical removal of the gland
B) Radiation therapy
C) Pharmacotherapy
D) Hormone replacement
E) Dietary changes
F) Stimulation testing
G) Genetic screening
H) Suppression testing","A, B, C","Treating hyperfunction by removing, irradiating or suppressing the gland can push it into permanent hypofunction, which is secondary dysfunction by definition. D and E are the treatments of HYPOfunction, which can overshoot in the other direction and cause hyperfunction. F and H are diagnostic studies, not treatments, and G is a screening tool."
N146_L1,3541,Multiple choice,"A patient being treated for hypothyroidism reports new heat intolerance, palpitations and unintended weight loss. Which understanding guides the nurse response?","A) These symptoms confirm the hypothyroidism is worsening
B) Treatment of hypofunction can overshoot and produce hyperfunction, so the dose requires reevaluation
C) These symptoms indicate an autoimmune process has developed in the gland
D) These are expected findings during the first weeks of hormone replacement and need no action
E) The patient has developed a parathyroid disorder
F) The patient should double the dose to stabilize the level
G) These findings indicate the thyroid has been destroyed
H) The symptoms are unrelated to the endocrine system",B,"Treating one direction can create the other; hormone replacement that overshoots produces hyperthyroid symptoms, which is why teaching the signs of overshoot is part of the intervention. A names the opposite symptom picture, since hypothyroidism produces cold intolerance and weight gain. F would worsen it. D dismisses a reportable change, and C, E, G and H misattribute the findings."
N146_L1,3542,Multiple choice,During which step of the nursing process does the nurse determine whether the interventions were effective and what needs to change?,"A) Assessment
B) Analysis
C) Planning
D) Intervention
E) Evaluation
F) Diagnosis
G) Documentation
H) Delegation",E,"Evaluation closes the loop by asking whether what was done worked and whether changes are needed. Assessment gathers the health history and physical findings, analysis formulates the nursing diagnosis and identifies the most pressing issues, planning sets the goals, and intervention delivers education and medications. Documentation and delegation are nursing activities but are not steps of the process."
N146_L1,3543,Multiple choice,Which action is included in the intervention step of the nursing process for a patient with an endocrine disorder?,"A) Formulating the nursing diagnosis
B) Obtaining the health history
C) Patient education about the condition and the signs to watch for
D) Determining whether the plan worked
E) Identifying the most pressing issues
F) Ordering diagnostic studies
G) Establishing the medical diagnosis
H) Setting measurable goals",C,"Intervention includes patient education and medications. A and E belong to analysis, B to assessment, D to evaluation and H to planning. F and G fall outside the nursing scope entirely, since diagnostic studies and medical diagnoses are provider responsibilities, though the nurse educates the patient about ordered studies."
N146_L1,3544,Multiple choice,A nurse notes trends in a patient serial hormone levels rather than reacting to a single value. What is the rationale?,"A) Single values are always laboratory errors
B) Trends provide information about disease progression and the patient response to therapy
C) Trends are required before a provider can be notified of any result
D) A single value cannot be documented in the medical record
E) Hormone levels are only valid when drawn fasting
F) Trends eliminate the need for stimulation and suppression testing
G) A single result cannot indicate hypofunction or hyperfunction
H) Trending replaces the need for physical assessment",B,"The nurse notes trends because they show disease progression and response to therapy, alongside educating the patient about the purpose of studies, what to expect and possible side effects. G overstates the case, since serum levels can indicate hypofunction or hyperfunction and the site of dysfunction. A, C, D, E, F and H each state a rule that does not exist or abandon a necessary assessment."
N146_L1,3545,Multiple choice,Which structure of the pancreas performs its endocrine function?,"A) The acinar cells
B) The islets of Langerhans
C) The pancreatic duct
D) The ampulla of Vater
E) The head of the pancreas only
F) The exocrine lobules
G) The common bile duct
H) The sphincter of Oddi",B,"The islets of Langerhans carry out the endocrine function, secreting hormones that regulate the rate of glucose uptake by body tissues. A, C, F, G and H are exocrine or ductal structures that carry digestive enzymes rather than hormones, and D is a ductal landmark. E confuses anatomic region with cell type."
N146_L1,3546,Select all,Select all elements of the framework used to study each disorder in this course.,"A) Incidence
B) Etiology
C) Normal anatomy and physiology
D) Pathophysiology
E) Clinical manifestations
F) Diagnostic tests
G) Medical management
H) Complementary or alternative modalities","A, B, C, D, E, F, G, H","All eight belong to the framework, in this order: incidence, etiology, normal anatomy and physiology, pathophysiology, clinical manifestations, diagnostic tests, medical management, and complementary or alternative modalities. Etiology is the study of the cause and pathophysiology is the study of the functional changes occurring in the body as a result of the disease or injury."
N146_L1,3547,Multiple choice,A patient in the emergency department sustained a head injury with bleeding that is compressing the pituitary gland. Which consequence should the nurse anticipate?,"A) Only the posterior pituitary hormones will be affected
B) Dysfunction of multiple downstream endocrine glands, because the pituitary controls their secretion
C) An immediate rise in parathormone production
D) Isolated loss of skin pigmentation
E) No endocrine consequence, since the pituitary is protected by the skull
F) Direct destruction of the thyroid and adrenal tissue
G) Increased secretion from all target glands due to loss of inhibition
H) Hypoglycemia from direct pancreatic involvement",B,"Physical trauma is a listed cause of gland dysfunction, and because the pituitary secretes tropic hormones controlling other glands, compression produces downstream effects on the thyroid, adrenals and gonads. A ignores the six anterior hormones. F confuses downstream loss of stimulation with direct destruction of distant tissue. G reverses the effect of losing stimulating hormones. C, D, E and H are unsupported."
N146_L1,3548,Multiple choice,Which patient requires a stimulation test rather than a suppression test?,"A) A patient with suspected hypersecretion from a secreting adenoma
B) A patient with suspected hypofunction of an endocrine gland
C) A patient whose gland is not responding to negative feedback
D) A patient with an elevated serum hormone level and an enlarged gland
E) A patient requiring 24-hour urine catecholamine measurement
F) A patient with a known pheochromocytoma
G) A patient with confirmed hyperparathyroidism
H) A patient whose hormone level fails to fall after an exogenous dose",B,"Stimulation tests confirm hypofunction and localize it to the gland or to the hypothalamus and pituitary. A, C, D, G and H all describe hyperfunction, which is investigated by suppression testing, and H specifically describes a positive suppression result. E and F involve urine catecholamine measurement for an adrenal medulla tumor, a different study."
N146_L1,3568,Multiple choice,A patient has a visibly enlarged thyroid gland. Which conclusion can the nurse draw from the enlargement alone?,"A) The patient has hyperthyroidism
B) The patient has hypothyroidism
C) None; goiter occurs with both oversecretion of thyroid hormone and with iodine deficiency
D) The patient has thyroid cancer
E) The patient has a parathyroid disorder
F) The patient has elevated calcitonin
G) The gland is producing excess thyroglobulin, confirming hyperthyroidism
H) The patient has secondary rather than primary thyroid disease",C,"Goiter is commonly associated with oversecretion of thyroid hormone AND with iodine deficiency, in which low circulating hormone raises TSH, driving thyroglobulin overproduction and gland hypertrophy. So size alone does not tell you the direction of the imbalance. A and B each pick one direction. G states a real mechanism of the deficiency pathway but attaches the hyperthyroid conclusion. D, E, F and H are unsupported by enlargement alone."
N146_L1,3569,Multiple choice,"How many structural categories of hormones does the textbook describe, and which category includes cortisol?","A) Four; steroids
B) Seven; steroids
C) Four; amines and amino acids
D) Three; peptides
E) Seven; proteins
F) Four; fatty acid derivatives
G) Two; lipids
H) Five; glycoproteins",A,"The textbook describes four categories, and cortisol, built from cholesterol and produced by the adrenal cortex, is a steroid. Seven is the count taught in lecture, which splits the peptide category into four; the textbook answer is four. C and F name real categories that do not contain cortisol."
N146_L1,3570,Multiple choice,Which hormone group is responsible for vision and immune regulation?,"A) Steroids
B) Fatty acids, including retinoids
C) Glycoproteins
D) Amines
E) Polypeptides
F) Proteins
G) Peptides
H) Catecholamines",B,"Fatty acid derivatives, including eicosanoids and retinoids, are the group associated with vision and immune regulation. A is the most confused neighbor: steroids are built from cholesterol and are essential for life, but they govern mineral balance, metabolic control and stress resistance. D and H describe epinephrine, norepinephrine and thyroid hormones. C, E, F and G name groups with other members and functions."
N146_L1,3571,Multiple choice,Through what route do hypothalamic releasing factors reach the anterior pituitary?,"A) The pituitary stalk by direct neural transmission
B) The pituitary portal blood system
C) The general systemic circulation
D) Ducts connecting the hypothalamus to the gland
E) Cerebrospinal fluid
F) The posterior pituitary, which forwards them
G) Lymphatic drainage of the sella turcica
H) Diffusion across the blood-brain barrier",B,"Releasing factors reach the anterior pituitary through a special circulation called the pituitary portal blood system. A names the structure connecting the hypothalamus to the gland, which is real, but the posterior lobe is where hormones travel down for storage; the anterior lobe is reached by the portal blood. C is wrong because the portal system is a dedicated local circulation, and the hormones released BY the anterior pituitary then enter the general circulation. D describes exocrine anatomy, and E, F, G and H are invented routes."
N146_L1,3572,Select all,Select all physical findings the textbook lists as possible signs of endocrine dysfunction on examination.,"A) A round moon face
B) Thinning of the skin
C) Increased size of the feet and hands
D) Hyporeflexia or hyperreflexia
E) Nervousness, lethargy and fatigue
F) Clubbing of the fingernails
G) Exophthalmos
H) Jugular venous distention","A, B, C, D, E, G","The textbook adds moon face, thinning skin, enlarged feet and hands, hyporeflexia or hyperreflexia, and mood and behavior changes to the slide list, along with facial hair in females, exophthalmos, vision changes, edema, truncal obesity and thin extremities. Clubbing suggests chronic hypoxia and jugular venous distention suggests fluid overload or cardiac failure; neither is on the endocrine list."
N146_L1,3573,Select all,Select all areas the textbook includes in the endocrine health history that do NOT appear on the lecture slide.,"A) Memory
B) Concentration
C) Sleep patterns
D) Mood
E) Thirst
F) Joint pain
G) Sexual function
H) Cold and hot tolerance","A, B, C, D, F, G","The slide lists seven areas: energy level, cold and hot tolerance, unexplained weight changes, thirst, urine and bowel habits, hair pattern changes and menstrual cycle. The textbook extends this with body proportions, muscle mass, fat and fluid distribution, secondary sexual characteristics, memory, concentration, sleep patterns, mood, vision, joint pain and sexual function. Thirst and temperature tolerance appear on both, which is what makes them the distractors here."
N146_L1,3574,Multiple choice,A nurse is assessing a patient with a suspected thyroid disorder and finds previous examination notes in the record. What should the nurse do with them?,"A) Disregard them, since the current assessment stands alone
B) Compare current findings with the previous findings
C) Copy the previous findings forward if nothing appears changed
D) Document only the differences and omit unchanged findings
E) Use them in place of palpating the gland again
F) Forward them to the provider without reviewing them
G) Use them to determine the medical diagnosis
H) Rely on them if the patient cannot cooperate with examination",B,"Findings should be compared with previous findings when available, because change over time is what reveals progression or response to therapy. A discards useful data while C, D, E and H substitute old documentation for a current assessment, which is the error behind the lecture case where a diagnosis was carried forward unexamined. F and G misassign the use of the record."
N146_L1,3575,Multiple choice,Which test is frequently used to detect antigen levels and provide additional information about circulating hormone levels?,"A) Radioactive iodine uptake
B) Radioimmunoassay
C) Dual-energy x-ray absorptiometry
D) A 24-hour urine collection
E) Positron emission tomography
F) A suppression test
G) Genetic screening
H) Ultrasonography",B,"Radioimmunoassay tests are frequently used to detect antigen levels, giving additional information about hormone levels and other substances, and they belong to the blood testing category. A is a thyroid-specific uptake study. D measures hormones or metabolites excreted by the kidney. C, E and H are imaging modalities, F evaluates feedback response rather than level, and G identifies genes rather than circulating hormone."
N146_L1,3576,Multiple choice,Which statement correctly describes the relationship between vitamin D and parathormone?,"A) Vitamin D inhibits the action of parathormone
B) Some actions of parathormone are increased by the presence of vitamin D
C) Vitamin D replaces parathormone when the glands are removed
D) Vitamin D lowers serum calcium by opposing parathormone
E) Parathormone is produced only in the presence of vitamin D
F) Vitamin D regulates parathormone output through negative feedback
G) Vitamin D converts parathormone into calcitonin
H) Vitamin D has no role in calcium regulation",B,"Some actions of parathormone are increased by the presence of vitamin D as PTH raises calcium absorption from the kidney, intestine and bone. F names the wrong regulator: it is the serum level of IONIZED CALCIUM that regulates parathormone output, creating the negative feedback loop. A and D reverse the relationship, and C, E, G and H misstate it entirely."
N146_L1,3577,Multiple choice,The hypothalamus secretes hormones involved in which functions?,"A) Calcium and phosphorus regulation
B) Fluid balance and smooth muscle contraction, and control of anterior pituitary secretion
C) Metabolic rate in all body tissues
D) Release of catecholamines during stress
E) Regulation of glucose uptake by body tissues
F) Melanin production in the skin
G) Reduction of plasma calcium into bone
H) Production of red blood cells",B,"The hypothalamus secretes hormones involved in fluid balance and smooth muscle contraction and controls secretions of the anterior pituitary through releasing factors; it also produces ADH and oxytocin, which are stored in the posterior pituitary. A belongs to the parathyroids, C to the thyroid, D to the adrenal medulla, E to the pancreatic islets, F to MSH, G to calcitonin and H to erythropoietin from the kidney."
N146_L1,3618,Multiple choice,What stimulates the thyroid gland to secrete calcitonin?,"A) High plasma calcium
B) Low plasma calcium
C) Rising TSH
D) Elevated parathormone
E) Low plasma phosphorus
F) Vitamin D deficiency
G) Falling T4 levels
H) Increased TRH",A,"Calcitonin is secreted in response to high plasma calcium and lowers it by increasing deposition into bone. B is the trigger for parathormone, its opposing hormone, which is what makes it the most tempting wrong answer. C, G and H involve the T3 and T4 axis, not calcitonin. D, E and F are unrelated to calcitonin release."
N146_L1,3619,Multiple choice,Which statement correctly compares T3 and T4?,"A) T4 is about five times as potent as T3
B) T3 is about five times as potent as T4 and acts more rapidly
C) T3 and T4 are equally potent and differ only in iodine content
D) T3 contains four iodine atoms and T4 contains three
E) T4 acts rapidly while T3 maintains a steady state
F) Only T4 is bound to transport proteins
G) T3 is produced by the pituitary rather than the thyroid
H) T4 is the only thyroid hormone affected by TSH",B,"T3 is about five times as potent as T4 and has a more rapid metabolic action, while T4 is relatively weak and maintains metabolism in a steady state. A and E reverse the relationship. D reverses the iodine counts; the number in the name is the iodine count. C, F, G and H misstate potency, transport, origin or regulation."
N146_L1,3620,Multiple choice,A patient is exposed to prolonged cold. Which endocrine response does the nurse expect?,"A) Decreased TRH secretion and falling thyroid hormone
B) Increased TRH secretion, raising thyroid hormone output
C) Increased calcitonin secretion
D) Decreased TSH from negative feedback
E) Increased parathormone secretion
F) Increased ADH secretion as the primary response
G) No change, since thyroid output is fixed
H) Increased somatostatin to conserve heat",B,"Environmental factors such as a decrease in temperature increase TRH secretion, which drives TSH and elevates thyroid hormone output; thyroid hormone raises heat production. A reverses the response. D describes what happens when thyroid hormone is already high. The remaining options name hormones not involved in this response."
N146_L1,3700,Multiple choice,Which set of effects describes growth hormone?,"A) Regulates growth in children and energy and metabolism in adults; increases protein synthesis, fatty acid breakdown and blood glucose
B) Lowers blood glucose and stores fat
C) Stimulates milk production
D) Controls water excretion by the kidney
E) Regulates only bone length in children and has no adult role
F) Decreases protein synthesis and blood glucose
G) Stimulates the adrenal cortex to release cortisol
H) Lowers plasma calcium",A,"Growth hormone regulates growth in children and energy and metabolism in adults, raising protein synthesis, fatty acid breakdown and blood glucose; its glucose-raising effect is why morning GH drives the dawn phenomenon. B describes insulin, C prolactin, D vasopressin, G ACTH and H calcitonin."
N146_L1,3701,Multiple choice,Addison disease and Cushing syndrome both involve an imbalance of which anterior pituitary hormone?,"A) ACTH, underproduced in Addison and overproduced in Cushing
B) ACTH, overproduced in Addison and underproduced in Cushing
C) TSH
D) Growth hormone
E) Prolactin
F) FSH
G) Vasopressin
H) Oxytocin",A,ACTH is the tropic hormone that drives the adrenal cortex: too little underlies Addison disease and too much underlies Cushing syndrome. B reverses them. Both disorders are covered in the adrenal lecture.
N146_L1,3702,Multiple choice,"During a thyroid exam, which finding is expected in a healthy adult?","A) The gland rises when the patient swallows, and only the isthmus is palpable
B) Both lobes are large and easily palpable
C) A bruit is heard over each lobe
D) The gland does not move with swallowing
E) The gland is palpable in the posterior neck
F) The thyroid is not normally felt at all, including the isthmus
G) Tenderness on light palpation
H) Asymmetry between the lobes",A,"Thyroid tissue rises with swallowing and only the isthmus is normally palpable. A bruit suggests increased blood flow, as in hyperthyroidism, and large lobes, fixed tissue, tenderness or asymmetry are abnormal."
N146_L2_O1,3508,Select all,Select all documented risk factors for diabetes.,"A) Age over 45 years for type 2
B) HDL cholesterol 35 mg/dL or less, or triglycerides 250 mg/dL or greater
C) History of gestational diabetes
D) Hypertension
E) A first-degree relative with diabetes
F) Polycystic ovary syndrome
G) Physical inactivity
H) A history of hyperthyroidism treated with radioactive iodine","A, B, C, D, E, F, G","The textbook risk factor list includes age over 45 for type 2 and under 30 for type 1, HDL at or below 35 or triglycerides at or above 250, history of gestational diabetes, hypertension, family history in parents or siblings, obesity, physical inactivity, history of cardiovascular disease, polycystic ovary syndrome, previously identified prediabetes, and race or ethnicity. Prior treated hyperthyroidism is not on the list; it is a thyroid disorder, not a glycemic risk factor."
N146_L2_O1,3513,Select all,Select all actions of insulin.,"A) Increases glycogenesis
B) Inhibits glycogenolysis
C) Stimulates gluconeogenesis
D) Increases lipogenesis
E) Inhibits lipolysis
F) Facilitates transport of amino acids into cells
G) Facilitates intracellular transport of potassium
H) Enhances lipolysis","A, B, D, E, F, G","Insulin is the storage hormone: it moves glucose into cells and stores it as glycogen, stores energy as fat, moves amino acids and potassium into cells, and blocks the breakdown of both glycogen and fat. Stimulating gluconeogenesis and enhancing lipolysis are glucagon actions, included here because they are the mirror image and are the most commonly confused pair on this content."
N146_L2_O1,3516,Select all,Select all manifestations associated with type 1 diabetes at presentation.,"A) Polyuria
B) Polydipsia
C) Polyphagia
D) Weight gain
E) Glycosuria
F) Sudden vision changes
G) Fatigue
H) Nausea, vomiting or abdominal pain when in DKA","A, B, C, E, F, G, H","The classic triad is polyuria, polydipsia and polyphagia, with glycosuria, weight loss, fatigue and sudden vision changes also listed; nausea, vomiting and abdominal pain specifically signal DKA. Weight GAIN is the distractor: type 1 produces weight LOSS because glucose cannot enter the cells to be used as fuel, and the loss is frequently unnoticed until clothing loosens."
N146_L2_O1,3519,Multiple choice,Which statement accurately describes prediabetes?,"A) Blood glucose concentrations fall between normal and the levels diagnostic for diabetes, classified as impaired glucose tolerance or impaired fasting glucose
B) It is an early form of type 1 diabetes preceding beta cell destruction
C) It is diagnosed when the hemoglobin A1c exceeds 7 percent
D) It requires insulin therapy to prevent progression
E) It is present in fewer than 5 percent of US adults
F) It resolves spontaneously in most patients without intervention
G) It is diagnosed only during pregnancy
H) It is defined by the presence of ketones without hyperglycemia",A,"Prediabetes is abnormal carbohydrate metabolism that does not yet meet criteria for diabetes, classified as impaired glucose tolerance or impaired fasting glucose. More than one in three US adults have it and 80 percent do not know, which makes E wrong by a wide margin. C names a value above the diabetes diagnostic threshold of 6.5. D overstates treatment, since weight and lifestyle management can delay progression. B, F, G and H misstate the definition entirely."
N146_L2_O1,3527,Multiple choice,"Which hormone is produced by the delta cells of the islets of Langerhans, and what is its effect?","A) Insulin, which lowers blood glucose
B) Glucagon, which raises blood glucose
C) Somatostatin, which interferes with growth hormone release and exerts a hypoglycemic effect
D) Growth hormone, which raises blood glucose
E) Amylase, which digests carbohydrate
F) Somatostatin, which stimulates growth hormone release and raises blood glucose
G) Lipase, which digests fat
H) Cortisol, which raises blood glucose",C,"Delta cells produce somatostatin, which interferes with the release of growth hormone from the pituitary and exerts a hypoglycemic effect. F is the key distractor and reverses both halves: somatostatin inhibits rather than stimulates growth hormone, and it is not another name for growth hormone, which one lecture recording misstated. A and B belong to beta and alpha cells. E and G are the exocrine enzymes. H is an adrenal cortex hormone."
N146_L2_O1,3550,Multiple choice,A patient asks why their insulin is called a hormone when they take it as a medication. Which response is most accurate?,"A) Insulin is only a medication and the term hormone is used loosely
B) Insulin is a natural hormone made by the beta cells; when the body hormone cannot do its job, an exogenous form is given as medication
C) Insulin becomes a hormone once it is absorbed into the bloodstream
D) Insulin is a hormone in type 1 diabetes and a medication in type 2
E) Insulin is an enzyme rather than a hormone
F) Insulin is a hormone produced by the liver
G) The synthetic form works by a different mechanism than the natural hormone
H) Insulin is classified as a hormone because it is given by injection",B,"Insulin is a natural hormone secreted by the beta cells and stored until needed; it becomes a medication only because the body own hormone is not doing its job, requiring an exogenous form. E and F misstate the class and source. G is wrong because the synthetic form is made to be as biosimilar as possible and acts the same way. A, C, D and H each distort the relationship between the hormone and the drug."
N146_L2_O1,3565,Multiple choice,A patient with type 2 diabetes presents with recurrent urinary tract infections and a wound that has not healed in five weeks. Which explanation connects these findings?,"A) The findings are unrelated to the diabetes
B) Elevated glucose supports bacterial growth and impairs healing, and these complications are often what bring a type 2 patient to diagnosis
C) These findings indicate the patient has developed type 1 diabetes
D) Recurrent infection indicates the oral agents are causing immunosuppression
E) The wound is infected because of neuropathy alone
F) These findings indicate DKA is imminent
G) Antibiotics alone will resolve both problems
H) The findings indicate hypoglycemia rather than hyperglycemia",B,"Bacteria thrive on sugar, so recurrent infections including urinary tract infections, pneumonia and bronchitis are common, and slow healing reflects vascular compromise. Because type 2 onset is gradual, a complication rather than the three Ps is often what brings the patient in. G is the trap the patient often arrives with: treating the wound without addressing the underlying glucose will not heal it. A, C, D, E, F and H misattribute the picture."
N146_L2_O1,3580,Multiple choice,What is the mechanism behind polyuria in untreated diabetes?,"A) Insulin directly increases urine production by the kidney
B) Glucose spilling into the urine pulls water with it, increasing urine volume and driving thirst
C) The kidneys fail, reducing their ability to concentrate urine
D) Elevated glucose stimulates antidiuretic hormone release
E) Excessive fluid intake from polydipsia is the initial cause
F) Ketones in the urine act as a diuretic
G) Hyperglycemia damages the bladder, causing frequency
H) Glucagon increases renal blood flow",B,"Glucose in the urine draws water osmotically, producing excessive urination, and the resulting fluid loss is what drives the excessive thirst. E reverses the sequence, which is the trap: polyuria comes first and polydipsia follows. D is backward, since ADH would reduce urine output. A misstates insulin, C describes established nephropathy rather than the initial mechanism, and F, G and H invent mechanisms."
N146_L2_O1,3581,Multiple choice,Why does polyphagia occur in untreated type 1 diabetes despite elevated blood glucose?,"A) The stomach empties more rapidly in hyperglycemia
B) Glucose cannot enter the cells to be used as fuel, so the body signals hunger despite high serum levels
C) Insulin stimulates appetite directly
D) Ketones produce a sensation of hunger
E) Weight loss from dehydration triggers hunger
F) Glucagon suppresses satiety signaling
G) The liver stops producing glycogen, which regulates appetite
H) High glucose increases gastric acid secretion",B,"Without insulin, glucose cannot enter cells, so the cells are starving in the presence of abundant serum glucose and hunger persists; this is the same mechanism underlying the weight loss. C reverses the relationship with insulin. E confuses a consequence with a cause, since weight loss results from the same fuel failure. A, D, F, G and H invent mechanisms."
N146_L2_O1,3582,Multiple choice,A patient asks whether they would be able to tell if sugar were spilling into their urine. Which response is accurate?,"A) Yes, the urine will appear cloudy
B) No, glycosuria generally cannot be detected without testing
C) Yes, urination will be painful
D) Yes, the urine will be darker than usual
E) No, because glycosuria does not occur in diabetes
F) Yes, you will notice a decrease in urine output
G) No, because sugar is never excreted in the urine
H) Yes, the urine will foam noticeably",B,"Glycosuria is not something a patient can typically detect without testing. In advanced cases a sweet odor may be noticed when ketones and acetone are also being spilled, but this is not reliable and the professor made the point specifically to show why testing rather than sensation guides management. E and G deny that glycosuria occurs at all. A, C, D, F and H describe findings of other urinary conditions."
N146_L2_O1,3583,Select all,Select all statements that correctly describe type 1 compared with type 2 diabetes.,"A) Type 1 onset is usually abrupt; type 2 onset is gradual
B) Type 1 accounts for about 5 percent of cases; type 2 about 95 percent
C) Type 1 involves beta cell destruction; type 2 involves insulin resistance or impaired secretion
D) Approximately 80 percent of patients with type 2 have obesity
E) Type 1 may be treated with oral agents once glucose stabilizes
F) Type 2 patients may eventually require insulin as beta cells fail
G) Type 1 presentation is often DKA
H) Type 2 can sometimes be improved with nutrition therapy alone","A, B, C, D, F, G, H","Every statement is accurate except E: type 1 can never be treated with an oral antidiabetic agent, because those agents act on a pancreas that still produces insulin. Note that type 2 progresses, so beta cells eventually fail and insulin becomes necessary, while nutrition therapy caught early enough can bring type 2 glucose back down. Type 1, being autoimmune, never resolves."
N146_L2_O1,3584,Multiple choice,Latent autoimmune diabetes in adults is defined by a diagnosis in a patient of what age?,"A) Over 18
B) Over 25
C) Over 30
D) Over 35
E) Over 45
F) Over 55
G) Over 65
H) Any age, since the defining feature is autoimmunity alone",D,"LADA is defined as a diabetes diagnosis in a patient over 35 with autoimmune features. C is the closest distractor and is the textbook age cutoff used as a RISK FACTOR for type 1, which is under 30; E is the risk factor threshold for type 2, which is over 45. Those two adjacent numbers are what make this item difficult. H drops the age criterion entirely."
N146_L2_O1,3585,Multiple choice,Which cause of diabetes is classified as drug-induced?,"A) Corticosteroid use
B) Metformin use
C) Long-term insulin therapy
D) Antibiotic therapy
E) Thyroid hormone replacement
F) Use of a glucagon rescue kit
G) Antihypertensive therapy in all classes
H) Vitamin B6 supplementation",A,"Corticosteroid use is the textbook example of drug-induced diabetes, which fits the physiology: glucocorticoids raise blood glucose. B and C are diabetes treatments, not causes. H causes neuropathy in overdose, which was the lecture example of neuropathy from a source other than diabetes, making it a tempting but wrong choice. D, E, F and G name agents without this established relationship."
N146_L2_O1,3610,Select all,Select all manifestations more typical of type 2 diabetes at presentation.,"A) Recurrent infections
B) Blurred vision
C) Fatigue and lethargy
D) Pruritus
E) Paresthesias
F) Slow-healing wounds
G) Abrupt onset of the classic three Ps
H) Presentation in DKA","A, B, C, D, E, F","Type 2 onset is gradual and the classic triad is not common, so complications such as recurrent infection, blurred vision, fatigue, pruritus, paresthesias and slow healing are what bring the patient in. G and H describe type 1, which typically has abrupt onset and often presents in DKA."
N146_L2_O1,3621,Multiple choice,"At approximately what blood glucose level do the kidneys stop reabsorbing all filtered glucose, producing glycosuria?","A) 70 to 100 mg/dL
B) 100 to 126 mg/dL
C) 126 to 150 mg/dL
D) 180 to 200 mg/dL
E) 250 to 300 mg/dL
F) 400 to 500 mg/dL
G) Above 600 mg/dL
H) Glucose is never filtered by the kidney",D,"The renal threshold for glucose is usually 180 to 200 mg/dL; above it glycosuria occurs, and the glucose carries fluid and electrolytes with it in osmotic diuresis. B and C are adjacent diagnostic numbers (126 is the fasting diabetes threshold). E and G are the DKA and HHS glucose ranges covered next lecture, included because they appear in the same chapter."
N146_L2_O1,3773,Multiple choice,"A 19-year-old presents with a 3-week history of thirst, frequent urination, constant hunger and a 15-pound weight loss, now with nausea and abdominal pain. Which is most likely?","A) Type 1 diabetes presenting in DKA
B) Type 2 diabetes
C) HHS
D) Gestational diabetes
E) Prediabetes
F) Hypoglycemia
G) LADA
H) Metabolic syndrome",A,"Abrupt onset, the three Ps, weight loss and then nausea with abdominal pain is the classic type 1 presentation, with the GI symptoms signaling DKA. B and G develop gradually in older patients. C occurs in type 2 without ketosis and with far higher glucose, and E and F do not produce this picture."
N146_L2_O1,3774,Multiple choice,A patient asks why they lost weight before diagnosis even though they were eating constantly. Which explanation is accurate?,"A) Without insulin, glucose cannot enter cells, so the body breaks down fat and protein for fuel
B) The excess urination removed calories
C) The thirst suppressed appetite
D) High glucose speeds up the thyroid
E) The pancreas burned extra calories producing insulin
F) Weight loss is unrelated to diabetes
G) Ketones increase metabolism permanently
H) The stomach empties faster in diabetes",A,"Insulin deficiency creates a catabolic state: glucose cannot get into cells, so fat and protein are broken down for energy, producing weight loss alongside the constant hunger. B is partly true through glycosuria but is not the primary mechanism. C contradicts polyphagia, and D, E, G and H invent mechanisms."
N146_L2_O1,3775,Multiple choice,A patient on high-dose prednisone for an autoimmune flare develops glucose readings of 230 to 280. How should the nurse interpret this?,"A) Drug-induced hyperglycemia, since corticosteroids raise blood glucose
B) The patient has developed type 1 diabetes
C) Laboratory error
D) An expected response to the autoimmune disease itself
E) HHS
F) Prednisone lowers glucose, so another cause must be found
G) A sign of hypoglycemia rebound
H) The patient must have eaten excessive carbohydrate",A,"Corticosteroids raise blood glucose and are the classic cause of drug-induced diabetes; the hyperglycemia may require treatment while the steroid is in use. F reverses the drug effect. B assumes an autoimmune beta cell process the scenario does not support, and H blames the patient without evidence."
N146_L2_O1,3776,Multiple choice,A patient asks why they are so thirsty all the time. Which explanation is correct?,"A) Glucose above the renal threshold spills into the urine and pulls water with it, so fluid loss drives thirst
B) Diabetes directly stimulates the thirst center
C) Insulin causes dry mouth
D) Thirst is caused by ketones
E) High glucose thickens saliva
F) The kidneys retain water, causing dehydration
G) The stomach absorbs less water in diabetes
H) Thirst means the glucose is too low",A,"Above the renal threshold of about 180 to 200 mg/dL the kidneys cannot reabsorb all the filtered glucose, so glycosuria causes osmotic diuresis; the resulting fluid loss produces polydipsia. F reverses the renal handling, and H reverses the glucose direction."
N146_L2_O2,3489,Multiple choice,Which laboratory result is sufficient on its own to meet a diagnostic threshold for diabetes mellitus?,"A) Fasting blood glucose of 118 mg/dL
B) Casual blood glucose of 186 mg/dL
C) Hemoglobin A1c of 6.1 percent
D) Hemoglobin A1c of 6.8 percent
E) Fasting blood glucose of 108 mg/dL after a 4-hour fast
F) Oral glucose tolerance test result of 174 mg/dL
G) Casual blood glucose of 152 mg/dL two hours after a meal
H) Hemoglobin A1c of 7.2 percent in a patient already diagnosed and treated",D,"The thresholds are fasting above 126, casual above 200, OGTT above 200, and A1c above 6.5 percent. Only the A1c of 6.8 exceeds its threshold. A, B, F and G are elevated but below their respective cutoffs, which is exactly the discrimination being tested. C sits just under the A1c cutoff. E also fails the definition of fasting, which requires at least 8 hours with no caloric intake per the textbook (lecture said 6 to 8). H exceeds the ADA treatment goal of less than 7 percent but describes monitoring in a known diabetic rather than a diagnostic threshold."
N146_L2_O2,3517,Multiple choice,A patient at average risk is pregnant and has no history of diabetes. At what point should screening for gestational diabetes occur?,"A) At the first prenatal visit only
B) At 24 to 28 weeks of gestation
C) At 36 weeks of gestation
D) Only if glycosuria is detected on routine urinalysis
E) At 12 to 16 weeks of gestation
F) Immediately after delivery
G) Screening is not indicated without risk factors
H) At every prenatal visit beginning in the first trimester",B,"All patients of high or average risk are tested at 24 to 28 weeks. Patients at high risk are screened early at the first opportunity, and if that screen is negative they are retested at 24 to 28 weeks, which makes A incomplete rather than wrong for a different population. Gestational diabetes typically arises in the second or third trimester because of hormones secreted by the placenta, so E is too early and C is too late to act on. D, F, G and H misstate the protocol."
N146_L2_O2,3518,Multiple choice,A patient whose gestational diabetes resolved after delivery asks whether she needs any follow-up. Which response is correct?,"A) No follow-up is needed once glucose returns to normal
B) An estimated 50 to 60 percent of patients with gestational diabetes later develop type 2 diabetes, so screening every 3 years is recommended
C) You will need insulin indefinitely because the beta cells were damaged
D) Screening is needed only if you become pregnant again
E) You now have type 1 diabetes and will require lifelong insulin
F) Annual screening is required for life beginning immediately
G) Follow-up is needed only if you develop symptoms
H) Your risk is the same as someone who never had gestational diabetes",B,"Blood glucose usually returns to normal after delivery, but an estimated 50 to 60 percent go on to develop type 2 diabetes, so screening for diabetes or prediabetes is recommended every 3 years and lifelong healthy eating patterns are encouraged. A, G and H understate a substantial documented risk. C and E misclassify the condition as beta cell destruction. D limits follow-up to future pregnancy. F overstates the recommended interval."
N146_L2_O2,3520,Multiple choice,An older adult is being evaluated for possible diabetes. Which consideration should guide the nurse assessment?,"A) Diabetes is uncommon in adults over 65, so other causes should be pursued first
B) Early detection may be challenging because symptoms are often absent or nonspecific
C) Older adults reliably report the classic three Ps, which makes diagnosis straightforward
D) Hemoglobin A1c is not valid in adults over 65
E) Weight loss in an older adult is an expected finding requiring no workup
F) Screening is recommended only after a hospitalization
G) Treatment goals are identical regardless of coexisting conditions
H) Fasting glucose thresholds are higher in older adults",B,"Approximately one quarter of people over 65 have diabetes and over half have prediabetes, and early detection is challenging because symptoms may be absent or nonspecific. Regular assessment across medical, psychological, functional and social domains, including geriatric syndromes such as polypharmacy, depression, cognitive impairment and falls, guides therapy. A is contradicted by the prevalence data. C is the inversion of the actual difficulty. D, F, G and H invent age-specific rules that do not exist."
N146_L2_O2,3523,Multiple choice,A patient with a continuous glucose monitor shows a reading of 78 mg/dL with an arrow pointing straight down. What does this indicate?,"A) The glucose is stable at 78 and no action is needed
B) The glucose is falling rapidly and prompt intervention is needed
C) The glucose is falling slowly and can be rechecked in an hour
D) The glucose is rising rapidly
E) The sensor has failed and must be replaced
F) The device is delivering insulin and should be disconnected
G) The reading is within range so the arrow can be disregarded
H) The patient should take their scheduled insulin dose now",B,"A straight down arrow means the glucose is dropping quickly; the arrow tells you how fast to intervene rather than only where the value sits. An angled down arrow would mean a slow fall, which is option C. A and G ignore the trend entirely on a number that is already near the low end. F confuses a CGM with an insulin pump, since a CGM delivers nothing. H would accelerate the fall."
N146_L2_O2,3525,Multiple choice,A patient returns to the office with a hemoglobin A1c of 13 percent and states they are following the regimen exactly. Which conclusion is most appropriate?,"A) The patient is certainly not adhering to the regimen
B) Either adherence is a problem or the current medication is not effective for this patient, and further investigation is needed
C) The A1c is inaccurate and should be repeated immediately
D) The result reflects only the past two weeks and can be disregarded
E) The patient has developed type 1 diabetes
F) No change is warranted, since A1c does not guide therapy
G) The patient should be started on an oral agent regardless of type
H) The value is within the ADA goal for a patient with long-standing diabetes",B,"A1c level does not by itself dictate treatment; a very high value may mean nonadherence or that the prescribed medication simply does not work well in this person, and genetic testing to predict drug response exists only for a few classes. A leaps to a conclusion the data cannot support and damages the therapeutic relationship. D misstates the period, which is roughly two to three months. H is far above the ADA goal of less than 7 percent. C, E, F and G are unsupported."
N146_L2_O2,3551,Select all,Select all components of a continuous glucose monitoring system.,"A) A sensor
B) A transmitter
C) A receiver
D) An insulin reservoir
E) An infusion catheter
F) A display that may be a phone or a dedicated device
G) A dosing algorithm that delivers insulin automatically
H) Alarms that sound for preset high and low values","A, B, C, F, H","A CGM consists of a sensor, transmitter and receiver, which may be a dedicated device or a phone, and it alarms at preset highs and lows. D, E and G belong to an insulin pump. The distinction matters: a CGM monitors and delivers nothing, while a pump administers insulin after the patient enters data and confirms the dose."
N146_L2_O2,3561,Select all,Select all statements that indicate correct understanding of blood glucose self-monitoring.,"A) I check before meals and at bedtime
B) I keep a logbook of my readings
C) I write down any symptoms next to the reading
D) I only need to check when I feel unwell
E) I rotate which finger I use and check the sides rather than the tip
F) My continuous monitor means I never need a fingerstick
G) I check more often because I take insulin with meals
H) I should take my insulin first and check the glucose afterward","A, B, C, E, G","Patients on insulin monitor 2 to 4 times daily before meals and at bedtime, keep a logbook, and record symptoms alongside the numbers so patterns can be matched to the readings. Using the sides of the fingers and rotating reduces pain, since the fingertip has many nerve endings. D relies on symptoms that appear at very different values in different people, F misstates CGM capability, and H reverses the essential rule that insulin is never given without knowing the glucose."
N146_L2_O2,3566,Multiple choice,A patient asks why their provider ordered an A1c when their fingerstick readings at home have all been normal. Which explanation is best?,"A) The A1c confirms the accuracy of the glucometer
B) The A1c reflects average glucose over about three months, which shows control between the readings you happen to take
C) The A1c replaces the need for home monitoring
D) The A1c detects ketones that fingersticks cannot measure
E) The A1c is required before any insulin dose change
F) The A1c measures the number of beta cells remaining
G) The A1c is only used to diagnose, never to monitor
H) The A1c measures glucose at a single point in time more precisely",B,"The A1c reflects roughly three months of average glucose and is used both to diagnose and to monitor, which is why it captures what scattered fingersticks miss. G is wrong because it does both. H reverses the value of the test, which is precisely that it is not a single point in time. A, C, D, E and F assign it functions it does not have, and C would remove monitoring that guides daily dosing."
N146_L2_O2,3579,Multiple choice,A glucometer displays the word HIGH instead of a numeric value. What does this indicate and what should the nurse do?,"A) The meter has malfunctioned and should be replaced
B) The glucose exceeds the range the meter can read, so a laboratory draw is needed
C) The test strip has expired and the test should be repeated
D) The patient has ketoacidosis, so insulin should be given immediately without a value
E) The reading means over 200 and should be documented as such
F) The patient did not fast, so the reading is invalid
G) The control solution has expired
H) The meter is reading the control rather than the sample",B,"Glucometers read only within a defined range, and a HIGH display means the value exceeds it, which requires a laboratory specimen to obtain an actual number. D is the trap: the patient may well be in DKA, but insulin is never given without knowing the glucose. A, C, F, G and H attribute a true reading to equipment or technique error. E invents a numeric equivalence the meter is not reporting."
N146_L2_O2,3617,Multiple choice,A patient's A1c returns at 6.0 percent. How should the nurse interpret this result?,"A) Normal
B) Prediabetes
C) Diabetes
D) At the ADA treatment goal for a patient with diabetes
E) Diagnostic of type 1 diabetes
F) Requires immediate insulin
G) Uninterpretable without a fasting glucose
H) Indicates hypoglycemia",B,"The lecture gave the ranges as normal under 5.7, prediabetes 5.7 to 6.4 and diabetes 6.5 or higher, so 6.0 is prediabetes. D is the trap: 6.0 is under the ADA goal of less than 7, but that goal applies to managing established diabetes, not to classifying a new result. Some prediabetic patients are treated depending on comorbidities, weight and risk factors, but F is unsupported."
N146_L2_O2,3624,Select all,Select all blood glucose values that meet the ADA targets during pregnancy.,"A) Fasting glucose of 90 mg/dL
B) Fasting glucose of 105 mg/dL
C) One-hour postprandial glucose of 132 mg/dL
D) One-hour postprandial glucose of 150 mg/dL
E) Two-hour postprandial glucose of 114 mg/dL
F) Two-hour postprandial glucose of 128 mg/dL
G) Fasting glucose of 94 mg/dL
H) One-hour postprandial glucose of 141 mg/dL","A, C, E, G","Pregnancy targets are fasting under 95, 1-hour postprandial under 140, and 2-hour postprandial under 120 mg/dL. Fasting 90 and 94, 1-hour 132, and 2-hour 114 meet them. Fasting 105, 1-hour 150 and 141, and 2-hour 128 exceed their thresholds; 141 and 128 were chosen to sit just past the cutoffs."
N146_L2_O2,3626,Multiple choice,A patient with type 2 diabetes has had a stable A1c at goal for two years with no medication changes. How often should the A1c be tested?,"A) Monthly
B) Quarterly
C) At least twice a year
D) Once every two years
E) Only when symptomatic
F) Weekly
G) Every three years
H) Only at diagnosis",C,"A1c is tested at least twice a year for patients meeting treatment goals. B is the correct interval for patients whose therapy recently changed or who are not meeting goals, which is the distinction being tested. G is the screening interval after gestational diabetes. The rest are unsupported."
N146_L2_O2,3627,Multiple choice,For which patient is an A1c target of less than 8 percent more appropriate than less than 7 percent?,"A) A 30-year-old newly diagnosed with type 1 diabetes
B) An 84-year-old with hypoglycemic unawareness and advanced cardiovascular disease
C) A pregnant patient with gestational diabetes
D) A 45-year-old with type 2 diabetes and no complications
E) A patient with prediabetes
F) A patient who prefers tighter control
G) A patient on metformin monotherapy
H) Every patient over 50 years of age",B,"An A1c under 8 percent may be appropriate when life expectancy is limited or treatment harms outweigh benefits, such as older adults with hypoglycemic unawareness, advanced microvascular complications or cardiovascular disease. Tight targets in that patient raise the risk of dangerous lows. H over-generalizes an individualized decision by age alone, and C has much tighter pregnancy targets."
N146_L2_O2,3628,Multiple choice,"A patient's meter log shows nearly all readings between 90 and 140 mg/dL, but the A1c is 9.2 percent. What should the nurse suspect first?","A) The A1c result is a laboratory error
B) Errors in monitoring technique or recording, or high glucose at times the patient does not test
C) The patient has developed type 1 diabetes
D) The patient is anemic, so the A1c is falsely elevated
E) The A1c reflects only the past week
F) The patient is in DKA
G) The medication should be stopped
H) The log proves the patient is at goal",B,"When SMBG results are mostly normal but the A1c is high, the textbook points to errors in technique, errors in recording, or elevations at times of day the patient is not monitoring. Assessing technique is the nursing action. A and H accept one source uncritically. E misstates the roughly three-month period, and the remaining options are unsupported."
N146_L2_O2,3629,Select all,Select all common sources of error in self-monitoring of blood glucose.,"A) Applying too small a drop of blood
B) Strips damaged by heat or humidity
C) Using outdated strips
D) Improper meter cleaning and maintenance
E) Testing on the side of the fingertip
F) Rotating fingers between tests
G) Using the meter's control solution with a new vial of strips
H) Comparing the meter with a lab value every 6 to 12 months","A, B, C, D","Common errors include too small a drop, strips damaged by heat or humidity, outdated strips and poor meter maintenance. Using the side of the fingertip and rotating fingers are correct technique that reduce pain. Control solution with a new strip vial and periodic lab comparison are accuracy checks, not errors."
N146_L2_O2,3630,Select all,Select all situations in which a patient with type 1 diabetes should test the urine for ketones.,"A) Blood glucose over 240 mg/dL on two consecutive tests
B) During an illness
C) During pregnancy
D) Every morning regardless of glucose
E) Only when hypoglycemic
F) After every meal
G) Before planned exercise when glucose exceeds 250 mg/dL
H) Only at the annual provider visit","A, B, C, G","Ketone testing is indicated with glucose over 240 on two tests in a row, during illness, and in pregnancy with preexisting or gestational diabetes. G applies the exercise precaution from lecture, which calls for a ketone check before exercising with glucose over 250. Ketones reflect insulin deficiency and fat breakdown, so hypoglycemia (E) is not the trigger, and routine testing unrelated to glucose (D, F, H) is not indicated."
N146_L2_O2,3631,Multiple choice,A patient with type 1 diabetes calls reporting a blood glucose of 268 mg/dL and a urine ketone strip reading moderate. What should the nurse instruct first?,"A) Contact your primary provider now, or go to the emergency department if the provider is unavailable
B) Exercise to bring the glucose down
C) Skip your next insulin dose to avoid hypoglycemia
D) Recheck ketones tomorrow morning
E) Drink a glass of orange juice
F) Take an oral antidiabetic agent
G) Reduce carbohydrate intake and recheck in a week
H) Continue your usual routine, since moderate ketones are expected",A,"Moderate or high ketones with glucose over 240 means contacting the provider, or the emergency department if the provider is unavailable, because ketones signal insulin deficiency that can progress to DKA. B is dangerous: exercise with glucose over 250 and ketones can worsen it. C withholds the insulin the patient lacks. E treats a low that is not present. F is never used in type 1. D, G and H delay care."
N146_L2_O2,3652,Multiple choice,A patient's continuous glucose monitor shows 88 mg/dL but the patient feels shaky and sweaty and the glucose has been falling rapidly. What should the nurse do?,"A) Trust the CGM reading and take no action
B) Confirm with a fingerstick glucose, since the CGM sensor lags when levels change rapidly
C) Replace the sensor immediately without checking
D) Give rapid-acting insulin
E) Recalibrate the CGM against the patient's symptoms
F) Wait 24 hours for the sensor to stabilize
G) Remove the transmitter
H) Assume the patient is anxious",B,"A CGM measures interstitial glucose, which lags behind blood glucose, so when levels change rapidly a fingerstick confirms the true value. Symptoms plus a rapid fall make hypoglycemia likely even though the displayed value looks acceptable. D would worsen a low. A, F and H ignore symptoms, and C, E and G do not answer the immediate question."
N146_L2_O2,3777,Multiple choice,A patient ate dinner at 2300 and has a blood glucose drawn at 0600 that reads 131 mg/dL. How should this be interpreted?,"A) It does not meet the definition of a fasting sample, so it cannot be used to diagnose diabetes
B) It confirms diabetes, since it exceeds 126
C) It confirms prediabetes
D) It is a normal fasting glucose
E) It confirms HHS
F) It meets criteria for a random glucose diagnosis
G) It requires immediate insulin
H) It rules out diabetes",A,"Fasting requires no caloric intake for at least 8 hours, and only 7 hours elapsed, so the value cannot be read against the 126 threshold. B applies the fasting cutoff to a non-fasting sample. F is wrong because a random glucose needs to exceed 200 with symptoms. H overreaches in the other direction; the test simply needs repeating."
N146_L2_O2,3778,Multiple choice,A patient with no symptoms has one fasting glucose of 139 mg/dL. What should the nurse anticipate?,"A) A second confirmatory test, since diagnosis requires two abnormal results without unequivocal hyperglycemia
B) Immediate insulin therapy
C) A diagnosis of diabetes based on this single value
D) No further testing
E) A diagnosis of prediabetes based on this value
F) Immediate hospital admission
G) An oral agent started today
H) Repeat testing only if symptoms develop",A,"Unless hyperglycemia is unequivocal with classic symptoms, diagnosis is confirmed by two abnormal results, either two tests on the same sample or on different days. C skips that confirmation. E misapplies the prediabetes range, which is a fasting glucose of 100 to 125 or an A1c of 5.7 to 6.4."
N146_L2_O3,3509,Multiple choice,A patient with type 1 diabetes has a blood glucose of 268 mg/dL and a urine test positive for ketones. They ask to use the unit exercise bike. What is the nurse best response?,"A) Exercise is encouraged at any glucose level because it lowers blood sugar
B) Wait until the urine is negative for ketones and the glucose is closer to normal before exercising
C) Eat a 15-gram carbohydrate snack first, then exercise
D) Exercise for no more than 10 minutes and recheck the glucose
E) Take a dose of rapid-acting insulin and begin exercising immediately
F) Exercise is fine as long as you drink water throughout
G) Resistance exercise is safe at this level even though aerobic exercise is not
H) Recheck the glucose in one hour and exercise if it has fallen below 250",B,"A patient with type 1 diabetes whose glucose exceeds 250 with ketones present should not begin exercising until ketones clear and glucose approaches normal. Exercising in this state raises secretion of glucagon, growth hormone and catecholamines, so the liver releases more glucose and the level rises further. C describes the pre-exercise snack used when glucose is under 90, the opposite situation. A, D, F, G and H all permit exercise under a condition that does not address the ketones. E adds insulin without an order and still exercises with ketones present."
N146_L2_O3,3510,Multiple choice,Why does exercising with a significantly elevated blood glucose raise the glucose further in a patient with type 1 diabetes?,"A) Muscle uptake of glucose is blocked when ketones are present
B) Exercise increases glucagon, growth hormone and catecholamines, so the liver releases more glucose
C) Exercise causes the pancreas to release stored insulin too rapidly
D) Dehydration concentrates the serum glucose without changing total body glucose
E) Exercise converts glucose to glycogen in the muscle, raising the serum level
F) Catecholamines inhibit renal excretion of glucose
G) Exercise stimulates somatostatin, which raises blood glucose
H) Lactic acid from exercise is converted directly into glucose in the muscle",B,"The counterregulatory response to exercise raises glucagon, growth hormone and catecholamines, which prompt hepatic glucose release; in a patient on insulin, the normal physiologic drop in circulating insulin cannot occur to offset it. C is impossible in type 1 with destroyed beta cells. E reverses direction, since glycogenesis lowers serum glucose. G reverses somatostatin, which exerts a hypoglycemic effect. A, D, F and H invent mechanisms."
N146_L2_O3,3511,Multiple choice,A patient taking insulin has a pre-exercise blood glucose of 84 mg/dL and plans moderate exercise. Which action is appropriate?,"A) Proceed with exercise, since the glucose is within normal range
B) Eat a 15-gram carbohydrate snack before exercising
C) Hold the exercise until the glucose rises above 126
D) Administer a reduced dose of rapid-acting insulin first
E) Eat a 45-gram carbohydrate meal and wait one hour
F) Proceed but stop if symptoms of hyperglycemia develop
G) Check for urine ketones before exercising
H) Substitute resistance training, which does not lower glucose",B,"A patient on insulin or an insulin secretagogue with a pre-exercise glucose under 90 may need a 15-gram carbohydrate snack to prevent unexpected hypoglycemia, because the physiologic fall in circulating insulin that normally accompanies exercise cannot occur. A treats a normal-looking number as safe while ignoring that exercise will drive it lower. D would deepen the drop. E overcorrects well past the recommendation. G belongs to the hyperglycemia precaution. F watches for the wrong problem, and H misstates the effect of resistance exercise."
N146_L2_O3,3512,Multiple choice,A patient using carbohydrate counting is prescribed 1 unit of rapid-acting insulin per 15 grams of carbohydrate. Their meal contains 75 grams of carbohydrate. How many units should the nurse expect to administer?,"A) 3 units
B) 4 units
C) 5 units
D) 6 units
E) 7.5 units
F) 10 units
G) 15 units
H) 75 units",C,"Seventy-five grams divided by 15 grams per unit equals 5 units. The distractors reflect the common arithmetic errors: dividing by 25 or 20, dividing by 10, halving the carbohydrate count, or reading the carbohydrate grams as units. Note this algorithm covers the meal only; the patient may also require basal coverage from a long or intermediate acting insulin."
N146_L2_O3,3558,Multiple choice,A patient with type 1 diabetes states they do not need to learn carbohydrate counting because they take insulin. Which response is correct?,"A) That is correct, insulin eliminates the need for dietary management
B) Insulin dosing is calculated from carbohydrate intake, so nutrition knowledge matters more rather than less
C) Carbohydrate counting applies only to type 2 diabetes
D) Only patients on oral agents need to count carbohydrates
E) You should avoid all carbohydrates instead of counting them
F) Counting matters only if your A1c is above 7 percent
G) Your provider will calculate each dose for you at every meal
H) Carbohydrate counting is only for patients using an insulin pump",B,"Insulin dosing is based on carbohydrate intake, which is why nutrition education is more important for type 1, not less; patients must count carbohydrates and read labels, paying particular attention to serving size. E is dangerous and wrong, since carbohydrates are the primary energy source and the ADA recommends they make up 50 to 60 percent of daily calories. C, D, F, G and H all remove a responsibility that belongs to the patient."
N146_L2_O3,3559,Multiple choice,A patient reads a label stating the food is reduced fat and eats the entire package. Which teaching point is most important?,"A) Reduced fat foods may be eaten freely by patients with diabetes
B) Nutrition information is listed per serving, and a package often contains several servings
C) Fat content is irrelevant in diabetes management
D) Reduced fat foods always contain fewer carbohydrates
E) Labels are unreliable and should be disregarded
F) Only total calories matter in diabetes management
G) Reduced fat claims are regulated, so the food is safe in any quantity
H) Carbohydrate content need not be checked on a reduced fat product",B,"Serving size is where patients are misled: a label claim applies to one serving, and consuming three servings triples the values, so the food is no longer low in fat, carbohydrate or sodium. D and H are the reasoning trap, since a reduced fat product may be high in carbohydrate. A, C, E, F and G either dismiss label reading or grant unlimited intake."
N146_L2_O3,3560,Multiple choice,A sedentary patient with type 2 diabetes is told they must exercise 150 minutes per week and responds that this is impossible with their schedule. Which nursing action is most appropriate?,"A) Restate the recommendation and emphasize its importance
B) Set a smaller attainable starting goal and increase it gradually
C) Document that the patient is noncompliant with the exercise plan
D) Tell the patient that exercise is optional if they take their medication
E) Advise the patient to exercise 30 minutes daily without exception
F) Refer the patient to a gym program before discussing goals
G) Explain that anything less than 150 minutes provides no benefit
H) Tell the patient to attempt the full amount and report back if unable",B,"Setting an unreachable goal produces a patient who quits before starting, so exercise is introduced in attainable increments and built up, and may be broken into short segments such as movement during commercial breaks. G is directly contradicted by the teaching that anything is better than nothing. A, E and H restate the unreachable target. C labels the patient rather than adjusting the plan, and D and F sidestep the intervention."
N146_L2_O3,3603,Multiple choice,A patient with diabetes plans to go out drinking and says they will skip dinner so the alcohol works faster. What is the primary risk the nurse should address?,"A) Hyperglycemia from the sugar in alcohol
B) Hypoglycemia, because alcohol can decrease hepatic gluconeogenesis and is absorbed without insulin
C) Lactic acidosis from alcohol combined with any oral agent
D) Dehydration only, with no effect on glucose
E) Weight gain as the only relevant concern
F) DKA in all patients with type 2 diabetes
G) A rebound hyperglycemia the following morning only
H) No risk, since alcohol is absorbed slowly",B,"Alcohol is absorbed quickly without insulin and can decrease gluconeogenesis because the liver processes it before anything else, so drinking on an empty stomach risks hypoglycemia, and intoxication can mask it. A applies only to sugary mixed drinks. F is overstated; alcohol can result in DKA in type 1. C is a metformin-specific concern with alcohol abuse, not every oral agent. H contradicts the slide."
N146_L2_O3,3604,Multiple choice,A patient with type 2 diabetes on metformin has a blood glucose of 282 mg/dL. A urine ketone strip is negative. The patient asks whether to take their usual walk. What is the best response?,"A) Do not exercise, since glucose is over 250
B) Exercise is appropriate, since ketones are absent and activity will help lower the glucose
C) Take a 15-gram carbohydrate snack first
D) Wait until the glucose is below 126 before exercising
E) Take an extra metformin tablet before walking
F) Exercise only after checking with a cardiologist
G) Walk only if the glucose was normal this morning
H) Exercise is never appropriate on the day of a high reading",B,"Exercise is avoided when glucose exceeds 250 AND ketones are present; the professor taught checking ketone strips first, and if they are negative, exercise is fine and helps lower glucose. A applies only half the rule, which is the trap. C is the precaution for patients on insulin with a low-normal glucose, the opposite situation. D, G and H invent thresholds. E adds a dose without an order. F applies only with advanced age or heart disease."
N146_L2_O3,3605,Multiple choice,A patient on insulin completes an evening workout. When should the nurse teach the patient to watch for hypoglycemia?,"A) Only during the workout
B) From about 30 minutes to a couple of hours after exercise, since delayed hypoglycemia can occur
C) Only the following morning
D) Only if the glucose was below 90 before the workout
E) Hypoglycemia does not occur after exercise
F) Only within the first five minutes after stopping
G) Only if the workout exceeded 150 minutes
H) Only if the patient skipped the pre-exercise snack",B,"Delayed hypoglycemia can occur after exercise, and the professor put the window at roughly 30 minutes to a couple of hours afterward. Limiting monitoring to the workout, to one short window, or to specific conditions leaves the patient unprotected, and E contradicts the slide. The pre-exercise snack reduces risk but does not eliminate the delayed effect."
N146_L2_O3,3606,Multiple choice,For which patient does the textbook indicate an exercise stress test may be warranted before beginning an exercise program?,"A) Every patient newly diagnosed with type 2 diabetes
B) A 74-year-old with known coronary artery disease
C) A 30-year-old with type 1 diabetes and no other conditions
D) Any patient whose A1c is above 7 percent
E) Any patient taking metformin
F) Any patient who plans to exercise 3 times a week
G) Any patient with obesity
H) Only patients on insulin",B,"All patients should discuss an exercise program with their provider and have a medical evaluation, and a stress test may be warranted in older adults because of the increased incidence of cardiovascular disease. This patient has both advanced age and known coronary artery disease. The other characteristics do not by themselves call for a stress test."
N146_L2_O3,3607,Multiple choice,"A patient's meal plan supplies 55 percent of calories from carbohydrate, 25 percent from fat with 8 percent saturated, 20 percent from protein, and 30 grams of fiber. How does this compare with ADA recommendations?","A) It meets all recommendations
B) Carbohydrate is too high; it should be under 40 percent
C) Fat is too high; it should be under 20 percent
D) Protein is too low; it should be 30 percent
E) Fiber is too low; it should be 50 grams
F) Saturated fat is too high; it should be under 5 percent
G) Carbohydrate is too low; it should be 70 percent
H) Protein is too high; it should be under 10 percent",A,"The ADA recommends carbohydrate at 50 to 60 percent, fat under 30 percent with saturated under 10 percent, protein at 15 to 20 percent and fiber at 25 to 35 grams, so every value falls within range. B reflects the common assumption that people with diabetes should restrict carbohydrate sharply, but carbohydrate is the primary energy source and the majority of the diet."
N146_L2_O3,3608,Select all,Select all items classified as free foods on the diabetic exchange list.,"A) Water
B) Diet soda
C) Black coffee
D) Unsweetened tea
E) Fruit juice
F) Skim milk
G) Whole wheat bread
H) An apple","A, B, C, D","Free foods have no calories and, more importantly, no carbohydrate, so they are unlimited: water, diet soda, and black coffee or tea. Fruit juice and an apple belong to the fruit group and contain natural sugar, skim milk contains carbohydrate, and bread is a starch at about 15 grams per serving."
N146_L2_O3,3609,Multiple choice,Which snack choice best reflects the glycemic index guidance for a patient with diabetes?,"A) A glass of orange juice
B) A whole apple with a tablespoon of peanut butter
C) Applesauce
D) White crackers alone
E) A chopped, cooked fruit compote
F) Fruit-flavored gelatin
G) A sports drink
H) A plain white bagel",B,"The slide's tips are to combine starch with protein and fat, choose raw or whole forms over cooked or chopped, and choose whole fruit over juice; a whole apple with peanut butter meets all three. Juice, applesauce and cooked compote are the processed forms that raise glycemic index. Crackers and a bagel alone are refined starch without protein or fat, and gelatin and a sports drink are simple sugar."
N146_L2_O3,3611,Multiple choice,A patient with type 2 diabetes asks whether diet changes alone could ever be enough. Which response is accurate?,"A) No, oral medication is always required once diagnosed
B) Yes, nutrition therapy may be enough to reverse hyperglycemia in type 2, especially if caught early
C) Yes, but only if insulin is also started
D) No, diet changes affect only cholesterol
E) Yes, diet alone reverses both type 1 and type 2 diabetes
F) Only if the A1c is above 10 percent
G) No, because type 2 is autoimmune
H) Only in gestational diabetes",B,"Nutrition therapy may be enough to reverse hyperglycemia in type 2, which is why lifestyle change is first line and some patients later come off medication. E is the trap: type 1 is autoimmune beta cell destruction and never resolves. G misassigns autoimmunity to type 2, and A, C, D, F and H misstate the role of nutrition therapy."
N146_L2_O3,3612,Multiple choice,An obese patient with type 2 diabetes says losing enough weight to matter feels impossible. Which fact supports an attainable goal?,"A) Only reaching ideal body weight improves glucose control
B) Even a modest weight loss of 3 to 7 percent can significantly improve glucose
C) Weight loss has no effect once medication is started
D) At least 50 pounds must be lost before any benefit
E) Weight loss improves cholesterol but not glucose
F) Weight loss matters only in type 1 diabetes
G) The A1c improves only with bariatric surgery
H) Weight loss improves glucose only if exercise is avoided",B,"A modest weight loss of 3 to 7 percent of total body weight significantly improves glucose and may reduce the need for medication, which supports setting a small, attainable goal. A and D set the kind of unreachable target that leads patients to quit."
N146_L2_O3,3613,Multiple choice,Which sweetener is classified as nutritive?,"A) Stevia
B) Splenda
C) Agave
D) Saccharin
E) Aspartame
F) Sucralose
G) Monk fruit extract
H) All sweeteners are nutritive",C,"Nutritive sweeteners contain calories, and the professor gave agave as the example. Stevia and Splenda were her examples of non-nutritive sweeteners, and sucralose is the ingredient in Splenda. Saccharin, aspartame and monk fruit extract are also non-nutritive. H contradicts the classification."
N146_L2_O3,3644,Multiple choice,A woman with diabetes asks how much alcohol is considered moderate. Which response matches the textbook?,"A) Up to one drink per day, where one drink is 12 oz beer, 5 oz wine, or 1.5 oz spirits
B) Up to two drinks per day for women and three for men
C) Up to three drinks per day if taken with food
D) Any amount, provided it is sugar-free
E) One drink per week
F) Alcohol is completely prohibited in diabetes
G) Up to 12 oz of wine per day
H) Up to four drinks on weekends only",A,"Moderate intake is one drink daily for women and two for men, with one drink equal to 12 oz beer, 5 oz wine or 1.5 oz spirits, ideally with food. B inflates both limits. F reflects an outdated rule the professor said has changed. G misreads the wine serving size. D ignores that alcohol lowers glucose regardless of sugar content."
N146_L2_O3,3645,Select all,Select all nutritive sweeteners.,"A) Fructose
B) Sorbitol
C) Xylitol
D) Agave
E) Stevia
F) Sucralose (Splenda)
G) Saccharin
H) Aspartame","A, B, C, D","Nutritive sweeteners contain calories: the textbook names fructose, sorbitol and xylitol, which have calories similar to sucrose but raise glucose less, and the professor gave agave. Sorbitol may have a laxative effect. Stevia, sucralose, saccharin and aspartame are non-nutritive, with minimal or no calories."
N146_L2_O3,3646,Select all,Select all exercise guidelines from the textbook's patient education chart for people with diabetes.,"A) Exercise at least three times a week with no more than 2 consecutive days without exercise
B) Stretch for 10 to 15 minutes before exercising
C) Get up and move around every 30 minutes to avoid prolonged sitting
D) Avoid exercise in extreme heat or cold
E) Avoid exercise during periods of poor metabolic control
F) Exercise at a different time each day to prevent adaptation
G) Inspect the feet daily after exercise
H) Skip footwear for low-impact exercise","A, B, C, D, E, G","Chart 47-4 includes all of these except F and H. Exercise should be at the same time each day, preferably when glucose is at its peak, which is the opposite of F. Proper footwear is always required because of neuropathy and injury risk."
N146_L2_O3,3647,Multiple choice,A patient on insulin finishes a strenuous two-hour hike in the afternoon. Which instruction best prevents post-exercise hypoglycemia?,"A) Skip dinner to offset the calories burned
B) Eat a snack at the end of the exercise and at bedtime, and monitor glucose more often
C) Take an extra dose of rapid-acting insulin
D) Check glucose only the next morning
E) Hypoglycemia after exercise only occurs within 5 minutes
F) Avoid all carbohydrate for 24 hours
G) Drink alcohol to relax the muscles
H) No action is needed if the pre-exercise glucose was normal",B,"Hypoglycemia can occur many hours after strenuous or prolonged exercise in patients on insulin, so a snack at the end of exercise and at bedtime, plus more frequent monitoring, is recommended. A, C, F and G would all lower glucose further. D and H leave the delayed window unmonitored, and E contradicts it."
N146_L2_O3,3653,Multiple choice,A patient with type 2 diabetes who has obesity wants to lose 1 to 2 pounds per week. What calorie adjustment does the textbook describe?,"A) Subtract 100 to 200 calories per day
B) Subtract 500 to 1,000 calories per day
C) Subtract 2,000 calories per day
D) Eliminate all carbohydrate
E) Add 500 calories of protein per day
F) Subtract 1,500 calories per week
G) No calorie change; exercise alone
H) Fast every other day",B,"To promote a 1 to 2 pound weekly loss, 500 to 1,000 calories are subtracted from the daily total. The textbook defines obesity as 20 percent above ideal body weight or a BMI of 30 or more. D contradicts the recommendation that carbohydrate is the majority of calories, and C, H and the rest are unsafe or unsupported."
N146_L2_O3,3654,Multiple choice,Which meal planning tool is most appropriate as a first step for a type 2 patient struggling with other systems?,"A) Carbohydrate counting with an insulin-to-carbohydrate ratio
B) The Diabetes Plate Method
C) Glycemic index tables
D) The exchange list with full portion weights
E) Continuous glucose monitoring
F) Premixed insulin
G) A 24-hour urine collection
H) Intensive insulin therapy",B,"The Plate Method offers a simple visual dividing the plate into nonstarchy vegetables, carbohydrate foods and protein, and is used as a first-step tool, especially for type 2 patients who find other systems difficult. The tools in order of complexity are the plate method, healthy food lists (the updated exchange system) and carbohydrate counting, which suits multiple daily injections or pumps. E through H are not meal planning tools."
N146_L2_O3,3767,Multiple choice,"A patient eats a meal containing 3 starch exchanges and 1 fruit exchange. Using 15 grams per exchange and 1 unit per 15 grams, how much rapid-acting insulin is needed?","A) 4 units
B) 3 units
C) 5 units
D) 15 units
E) 60 units
F) 2 units
G) 6 units
H) 45 units",A,"Four exchanges at 15 grams each is 60 grams; at 1 unit per 15 grams that is 4 units. B counts only the starch, C adds an extra exchange, F halves it, and D, E and H confuse grams with units. Fat and non-starchy vegetables are not counted in this calculation."
N146_L2_O3,3768,Multiple choice,A patient's dinner contains 75 grams of carbohydrate and the ratio is 1 unit per 15 grams. The patient eats only two-thirds of the meal. How much insulin is appropriate?,"A) 3 units
B) 5 units
C) 4 units
D) 7.5 units
E) 2 units
F) 50 units
G) 6 units
H) 1 unit",A,"Two-thirds of 75 grams is 50 grams, and 50 divided by 15 is about 3 units. B is the dose for the full meal, which would cause hypoglycemia if the patient ate less; this is exactly why insulin is matched to what is actually eaten. D and F misread grams as units."
N146_L2_O3,3769,Multiple choice,A patient on evening NPH wants to start jogging after dinner. Which teaching is most important?,"A) You will be exercising near the insulin's peak, so check your glucose and carry carbohydrate
B) Exercise is contraindicated with NPH
C) Skip the NPH dose on days you jog
D) Exercise only when glucose is above 300
E) There is no interaction between exercise and insulin timing
F) Double your bedtime snack and skip monitoring
G) Take rapid-acting insulin before jogging
H) Jogging will raise your glucose, so add insulin",A,"NPH peaks 4 to 12 hours after the dose, so evening exercise can coincide with the peak, compounding the glucose-lowering effect; monitoring and carrying carbohydrate are the protections, and delayed hypoglycemia can follow hours later. C creates an insulin deficit, D describes when to avoid exercise, and G and H would drive glucose lower."
N146_L2_O3,3770,Multiple choice,Which bedtime snack best prevents nocturnal hypoglycemia?,"A) Cheese and whole grain crackers
B) 4 oz of orange juice
C) Three glucose tablets
D) A sugar-free gelatin cup
E) Black coffee
F) A tablespoon of honey
G) Diet soda and pretzel sticks
H) A hard candy",A,"A bedtime snack needs carbohydrate plus protein so the effect lasts through the night. B, C, F and H are fast-acting carbohydrate that corrects a low quickly but wears off. D, E and G supply little or no carbohydrate, since sugar-free gelatin, black coffee and diet soda are free foods."
N146_L2_O3,3771,Multiple choice,A patient at a restaurant asks which choice will least raise their glucose. Which should the nurse recommend?,"A) Grilled chicken with a side salad and a small baked potato
B) A large glass of orange juice with toast
C) Pasta with marinara and garlic bread
D) A fruit smoothie
E) White rice with sweet and sour sauce
F) A bagel with jam
G) Applesauce and crackers
H) Pancakes with syrup",A,"Combining starch with protein and fat slows absorption and blunts the glucose rise; the chicken and salad do that while keeping the starch portion controlled. Every other option is concentrated or refined carbohydrate with little protein or fat, and juice and smoothies are absorbed faster than whole fruit."
N146_L2_O3,3772,Multiple choice,"A patient doubles their fiber intake in one day and reports bloating, cramping and flatulence. What should the nurse advise?","A) Increase fiber gradually and drink adequate fluids
B) Stop all fiber permanently
C) This indicates a gluten allergy
D) Continue the same intake; symptoms indicate it is working
E) Reduce fluid intake to reduce bloating
F) Take an antidiarrheal and continue
G) Switch entirely to soluble fiber and avoid vegetables
H) These symptoms mean the fiber is causing hypoglycemia",A,"Fiber is increased gradually with adequate fluid to avoid bloating, diarrhea, flatulence and, if fluids are low, constipation. The target is 25 to 35 grams daily. B discards a benefit that lowers glucose and cholesterol, and E makes constipation more likely."
N146_L2_O4,3480,Select all,Select all insulins that may be given intravenously.,"A) Lispro
B) Regular
C) NPH
D) Glargine
E) Aspart
F) Any insulin once diluted in saline
G) Detemir
H) NPH when mixed with regular","A, B, E","Regular insulin can be given IV, and the textbook states rapid-acting insulins such as lispro and aspart are also approved for IV use. Intermediate NPH and long-acting glargine and detemir are never given IV, and dilution or mixing does not change that."
N146_L2_O4,3481,Multiple choice,"A patient is prescribed insulin glargine 20 units and regular insulin 6 units, both due at 0800. Which action by the nurse is correct?","A) Draw both into one syringe, clear before cloudy
B) Draw both into one syringe, cloudy before clear
C) Administer them at the same time in two separate syringes
D) Hold the glargine and give only the regular insulin
E) Give the regular insulin now and delay the glargine by two hours
F) Draw both into one syringe since neither is an intermediate insulin
G) Administer the glargine IV and the regular insulin subcutaneously
H) Call the provider, because these two insulins cannot be given on the same day",C,"Long-acting basal insulin is never mixed with another insulin in the same syringe, but it may be given at the same time in a separate syringe. A and B apply the clear-before-cloudy mixing sequence, which belongs to mixing rapid or short acting with NPH, not to glargine. F reverses the rule; the mixing exception is for intermediate insulin. D, E and H create unnecessary delays or omissions of ordered doses. G gives the wrong drug by the wrong route entirely."
N146_L2_O4,3482,Multiple choice,At 1130 the nurse is preparing to administer insulin lispro to a patient whose lunch tray has not yet arrived on the unit. Which action is the priority?,"A) Give the dose now so it peaks with the meal
B) Withhold the dose until the tray is on the unit and the patient is ready to eat
C) Give the dose and recheck the blood glucose in 30 minutes
D) Give half the dose now and the remainder when the tray arrives
E) Substitute regular insulin, which has a longer onset
F) Give the dose and provide crackers if the tray is delayed beyond an hour
G) Notify the provider to change the order to an intermediate insulin
H) Give the dose, since lispro peaks in 4 to 12 hours",B,"Lispro has an onset of 15 to 30 minutes and the patient must eat within 15 minutes; the professor was explicit that the tray must be present before the dose is drawn up. A misstates timing as if peak and tray arrival will coincide by chance. C and F treat monitoring or a rescue snack as adequate substitutes for food that should already be present, and a hypoglycemic patient may become too impaired to eat. D splits a dose without an order. E and G change the prescribed drug without authority. H attaches the NPH peak window to lispro."
N146_L2_O4,3483,Multiple choice,A patient on evening NPH reports consistent fasting glucose readings of 230 to 260 mg/dL. A 0300 glucose is drawn and is 48 mg/dL. Which intervention does the nurse anticipate?,"A) Increase the evening NPH dose
B) Decrease the evening NPH dose or add a bedtime snack
C) Move the NPH dose from dinner to bedtime
D) Add a dose of rapid-acting insulin at bedtime
E) Increase the evening NPH and add a bedtime snack
F) Change the NPH to glargine given twice daily
G) Hold all evening insulin indefinitely
H) Increase the morning dose to cover the fasting elevation",B,"A low 0300 glucose identifies the Somogyi effect, in which counterregulatory hormones drive rebound morning hyperglycemia. The correction is less insulin overnight or more food. A, D, E and H all add insulin to a patient who is already going hypoglycemic overnight and would worsen the rebound. C is the correct management of the dawn phenomenon, which would show a normal or rising 0300 value, and this is the distinction the question turns on. F prescribes glargine twice daily, which is not its standard dosing. G abandons needed coverage entirely."
N146_L2_O4,3484,Multiple choice,A patient has morning hyperglycemia with a normal 0300 glucose that rises steadily toward 0700. Which mechanism explains this finding?,"A) Rebound from nocturnal hypoglycemia
B) Elevated growth hormone in the early morning hours raising glucose
C) The evening insulin dose wearing off before bedtime
D) Excess insulin released by the pancreas overnight
E) Elevated calcitonin levels in the AM hours
F) A rise in somatostatin suppressing insulin overnight
G) Increased parasympathetic stimulation during sleep
H) Delayed absorption of the evening NPH from a calloused injection site",B,"This is the dawn phenomenon, a natural diurnal rise in growth hormone that raises glucose, managed by moving NPH from dinner to bedtime. A describes the Somogyi effect, which requires a low 0300 value. C describes insulin waning, the third cause of morning hyperglycemia, which would typically show a gradual rise beginning earlier. D is the mechanism misstated in one lecture recording; nocturnal rebound is driven by counterregulatory hormones, not by insulin release, and in type 1 the beta cells cannot supply it. E and F name real hormones with no role in this pattern. G would promote insulin release and lower glucose. H is a real cause of erratic absorption but does not produce this reproducible diurnal pattern."
N146_L2_O4,3485,Multiple choice,A newly admitted patient with type 1 diabetes has an order for metformin. What is the nurse priority action?,"A) Administer the dose and monitor for gastrointestinal side effects
B) Hold the medication and clarify the order with the provider
C) Administer the dose with food to reduce nausea
D) Administer it only if the blood glucose exceeds 200 mg/dL
E) Hold the dose until the hemoglobin A1c result is available
F) Administer it along with the prescribed insulin for additive control
G) Hold the dose and request a rapid-acting insulin order instead
H) Administer a reduced dose and document the rationale",B,"A type 1 diabetic can never take an oral antidiabetic agent, because oral agents act on a pancreas that still produces insulin and the beta cells here are destroyed. A, C, D, F and H all administer a contraindicated drug while varying the conditions. E delays without addressing the contraindication, and an A1c would not make the order appropriate. G correctly withholds but substitutes a nursing judgment about which insulin to order, which is the provider decision; clarifying the order is the correct scope."
N146_L2_O4,3487,Multiple choice,The nurse is preparing NPH insulin. Which finding requires the nurse to discard the vial?,"A) The solution appears uniformly cloudy after rolling between the hands
B) A whitish coating is visible inside the bottle after rolling
C) The vial has been at room temperature for two weeks since opening
D) The vial is cold from the refrigerator
E) The solution is white rather than clear
F) The vial was opened three weeks ago and stored in the refrigerator
G) Small bubbles are visible after the vial is rolled
H) The label reads NPH rather than regular",B,"A whitish coating inside the bottle, or clumping, frosting or precipitate, means the suspension has broken down and the dose would be unreliable. A and E describe the expected appearance of NPH, which is uniformly cloudy and white. C and F fall inside the one-month room-temperature window and the refrigerated storage rule. D describes normal storage, not spoilage. G describes bubbles from gentle rolling, which is the correct preparation technique. H describes the drug the order calls for."
N146_L2_O4,3488,Multiple choice,Which patient statement about insulin storage and administration indicates a need for further teaching?,"A) I keep the vial I am using on the counter and it is good for about 28 days
B) I keep my extra vials in the refrigerator until I start them
C) I leave my insulin in the glove compartment so I always have it with me
D) I roll the cloudy insulin between my hands before I draw it up
E) I rotate to a different area every couple of weeks
F) I do not need to pull back on the plunger to check for blood
G) I go in at 90 degrees since I am not especially thin
H) I do not rub the site after I inject",C,"Insulin must not be exposed to extreme temperatures, and a car was named specifically. Every other statement is correct: an in-use vial keeps at room temperature for 28 days, unopened supply is refrigerated, cloudy insulin is gently rolled rather than shaken, sites rotate every two to three weeks, aspiration is unnecessary in subcutaneous tissue, 90 degrees is the angle for an average or overweight patient with 45 degrees reserved for the very thin, and massage is avoided because heat and rubbing accelerate absorption."
N146_L2_O4,3490,Multiple choice,A patient with a serum potassium of 6.8 mEq/L receives IV insulin with dextrose. Which explanation of this therapy is accurate?,"A) Insulin binds potassium in the bloodstream and the kidneys excrete the complex
B) Insulin shifts potassium into the cells, and dextrose prevents resulting hypoglycemia
C) Dextrose shifts the potassium and insulin prevents hyperglycemia
D) Insulin removes potassium from the body, correcting the total body excess
E) Insulin stimulates glucagon release, which lowers serum potassium
F) Insulin increases renal excretion of potassium through the distal tubule
G) Dextrose is given because insulin cannot be administered alone by any route
H) Insulin inhibits lipolysis, which releases potassium from adipose tissue",B,"Insulin facilitates intracellular transport of potassium, so it lowers the serum value; dextrose accompanies it so the insulin does not produce hypoglycemia. D is the key trap: the shift is temporary and does not remove potassium from the body, so additional therapy is still required. C reverses the roles of the two drugs. A, F and H invent mechanisms of binding, renal excretion and fat breakdown that insulin does not perform. E introduces glucagon, which opposes insulin. G misstates a nonexistent administration rule."
N146_L2_O4,3515,Select all,Select all statements that are true about mixing and administering insulin.,"A) Regular insulin may be mixed with NPH
B) Rapid-acting insulin may be mixed with NPH
C) Glargine may be mixed with regular insulin if given immediately
D) Glargine may be given at the same time as another insulin in a separate syringe
E) Regular insulin may be given intravenously
F) NPH may be given intravenously when rapid action is required
G) Cloudy insulin is gently rolled between the hands before being drawn up
H) Insulin vials that are lumpy or frosted are discarded","A, B, D, E, G, H","Rapid and short acting insulins may be mixed with NPH; long-acting glargine is never mixed but may be given at the same time in a separate syringe. Regular insulin may be given IV (the textbook also approves rapid-acting IV), but NPH never, so F is wrong on the drug. Cloudy insulin is rolled, not shaken, and lumpy, frosted or coated insulin is discarded."
N146_L2_O4,3521,Select all,Select all teaching points the nurse should include for a patient learning subcutaneous insulin injection.,"A) Rotate sites to prevent lipodystrophy
B) Rotate to a different area every 2 to 3 weeks
C) Aspirate before injecting to check for blood return
D) Do not massage the site after injecting
E) Use a 90-degree angle if you are of average weight or overweight
F) Use a 45-degree angle if you are very thin
G) Apply heat to the site afterward to improve absorption
H) Stay at least 1 inch away from the umbilicus when using the abdomen","A, B, D, E, F, H","Sites rotate every 2 to 3 weeks to prevent lipodystrophy, which also prevents the local resistance that develops at a repeatedly used or calloused site. Aspiration is unnecessary because subcutaneous tissue has no vessel to hit. Heat and massage both accelerate absorption and make onset unpredictable, so G is the reverse of correct teaching and C adds an unnecessary step."
N146_L2_O4,3522,Multiple choice,A patient has injected insulin into the same small area of the abdomen for months. The provider notes the doses no longer control the glucose as expected. Which explanation is most likely?,"A) The insulin has expired and lost potency
B) Repeated use of one site has caused lipodystrophy and local resistance, making absorption unreliable
C) The patient has developed a systemic allergy to insulin
D) The patient requires a switch to an oral antidiabetic agent
E) The abdomen is not an appropriate site for insulin administration
F) The insulin was stored in the refrigerator rather than at room temperature
G) The patient has developed the dawn phenomenon
H) The needle length is too short for abdominal injection",B,"Lipodystrophy and resistance at a calloused, overused site make absorption erratic, so the same dose produces a different effect. This is exactly why rotation is taught. A and F name storage issues that are not suggested here, and refrigerated storage is correct for insulin not in use. C would present with systemic symptoms, not isolated control failure. D is contraindicated if the patient has type 1. E is wrong, since the abdomen is a main injection area. G and H attach unrelated phenomena."
N146_L2_O4,3524,Multiple choice,A patient with type 2 diabetes managed on oral agents is admitted after abdominal surgery and is placed on subcutaneous insulin. The patient asks whether this means they now have type 1. Which response is correct?,"A) Yes, surgery can destroy the beta cells and cause type 1 diabetes
B) Illness, injury, infection and surgery raise glucose, and insulin is used temporarily because healing requires near-normal glucose
C) Yes, and you will need insulin permanently from now on
D) The oral agents were likely never working, so insulin is now the only option
E) Insulin is being used because oral agents are never given in the hospital
F) This means your diabetes has progressed to the late stage requiring lifelong insulin
G) Insulin is given only to prevent DKA, which all surgical patients develop
H) The insulin is precautionary and has no effect on healing",B,"Insult, injury, illness, infection and surgery all raise glucose, and euglycemia supports healing, so hospitalized type 2 patients are frequently placed on insulin temporarily without going home on it. A and C misclassify the diabetes type, and surgery does not cause autoimmune beta cell destruction. D and F assert disease progression the scenario does not support. E states a rule that does not exist. G misapplies DKA, which is primarily a type 1 emergency. H contradicts the rationale for the therapy."
N146_L2_O4,3526,Select all,Select all statements that correctly pair a cause of morning hyperglycemia with its management.,"A) Dawn phenomenon: change the time of the NPH dose from dinner to bedtime
B) Somogyi effect: decrease the evening NPH dose
C) Somogyi effect: add a bedtime snack
D) Somogyi effect: increase the evening NPH dose
E) Insulin waning: adjust the dose or the timing of the insulin
F) Dawn phenomenon: add a bedtime dose of rapid-acting insulin
G) Dawn phenomenon: hold all evening insulin
H) Somogyi effect: obtain a 0300 glucose to confirm nocturnal hypoglycemia","A, B, C, E, H","Dawn phenomenon comes from an AM rise in growth hormone and is managed by shifting NPH later. Somogyi is rebound from nocturnal hypoglycemia, so management removes insulin or adds food, and a 0300 glucose confirms it. D is the trap that appears every time this content is tested: adding insulin to a patient already going low overnight worsens the rebound. F adds insulin at the wrong time for the wrong cause, and G abandons needed coverage."
N146_L2_O4,3552,Multiple choice,Which insulin is described as peakless and why does that property matter?,"A) NPH, because its 4 to 12 hour peak is broad enough to seem flat
B) Glargine, because it is absorbed slowly and released in micro amounts across 24 hours, imitating normal pancreatic release
C) Lispro, because it acts so quickly that no peak is measurable
D) Regular insulin, because it may be given IV as a continuous infusion
E) Afrezza, because inhaled delivery bypasses subcutaneous absorption
F) Glargine, because it has no effect until the following day
G) NPH, because it may be dosed every 12 hours
H) Lispro, because it must be given with a meal",B,"Glargine is peakless, absorbed very slowly and delivered in micro amounts throughout the day, which is what the normal pancreas does. That is why it is dosed once daily at the same time each day, and why a shift in timing leaves a coverage gap. A and G state true NPH facts with the wrong conclusion, since NPH has a defined 4 to 12 hour peak. C, D, E, F and H attach real drug properties to the wrong claim."
N146_L2_O4,3553,Multiple choice,A patient on glargine has been taking it at 2100 but wants to switch to whenever I remember. Which response is correct?,"A) That is fine, since glargine may be taken at any time of day
B) Glargine may be given at any time of day, but it must be taken at the same time every day
C) Glargine must be taken at bedtime specifically
D) Glargine must be taken before the largest meal
E) Missing the timing is acceptable because glargine has no peak
F) Glargine should be split into two doses to allow flexibility
G) The timing matters only if you also take a rapid-acting insulin
H) You may vary the time by up to eight hours without effect",B,"Glargine may be administered at any time of day but should be given around the same time each day, because it provides continuous 24-hour coverage and a shifting dose time creates a gap. A states the first half of the rule and drops the second, which is the trap. E misuses the peakless property as if it removed the need for consistency. C, D, F, G and H add requirements or permissions that do not exist; twice-daily glargine is very rare and would be questioned."
N146_L2_O4,3554,Select all,Select all complications of insulin therapy.,"A) Local allergic reactions
B) Systemic allergic reactions
C) Insulin lipodystrophy
D) Resistance to injected insulin
E) Morning hyperglycemia
F) Permanent beta cell destruction
G) Insulin waning
H) The Somogyi effect","A, B, C, D, E, G, H","The listed complications are local and systemic allergic reactions, lipodystrophy, resistance to injected insulin, and morning hyperglycemia, which itself has three causes: insulin waning, dawn phenomenon and the Somogyi effect. Insulin therapy does not destroy beta cells; in type 1 they are already destroyed by the autoimmune process, which is the reason the insulin is required."
N146_L2_O4,3556,Select all,Select all patients for whom insulin therapy is indicated.,"A) A patient with type 1 diabetes
B) A patient with hyperglycemia that does not respond to oral agents
C) A patient with an allergy to oral antidiabetic agents
D) A patient who is pregnant with gestational diabetes not controlled by diet
E) A patient late in the course of type 2 diabetes
F) A patient with prediabetes and a normal A1c
G) A postoperative patient with type 2 diabetes whose glucose is elevated
H) A patient with type 2 diabetes newly controlled on diet and exercise alone","A, B, C, D, E, G","The five listed indications are type 1, hyperglycemia unresponsive to oral agents, allergy or contraindication to oral agents, pregnancy, and late type 2 management. Hospitalized or postoperative type 2 patients also receive insulin temporarily because healing requires euglycemia. Prediabetes with a normal A1c and diet-controlled type 2 do not require insulin."
N146_L2_O4,3557,Multiple choice,What is the significance of the finding that a patient beta cells are destroyed rather than merely resistant?,"A) It means oral agents will be effective at a higher dose
B) It means no insulin is produced, so exogenous insulin is the only treatment option
C) It means the patient has type 2 diabetes
D) It means the liver will stop producing glucose
E) It means diet and exercise alone can restore glucose control
F) It means the condition can be reversed with weight loss
G) It means the patient will not develop long-term complications
H) It means glucagon secretion also stops",B,"Oral agents act on a pancreas that still produces insulin, whether by reducing resistance, increasing secretion or reducing hepatic output. With the beta cells destroyed there is nothing for them to act on, so insulin is the only option. C and F describe type 2, where resistance predominates and nutrition therapy can bring glucose down. D reverses the finding, since unopposed hepatic glucose production is one of the results of type 1. G and H are unsupported."
N146_L2_O4,3578,Multiple choice,Rapid-acting insulin is described as twice as fast as which insulin?,"A) NPH
B) Regular
C) Glargine
D) Afrezza
E) Detemir
F) Any intermediate acting insulin
G) Inhaled insulin
H) A basal insulin given every 12 hours",B,"Lispro has an onset of 15 to 30 minutes and is twice as fast as regular insulin, which has an onset of 30 to 60 minutes. A and F name intermediate acting NPH, with an onset of 1 to 1.5 hours. C and H name long acting basal insulin, which is peakless. D and G name the inhaled rapid acting powder, which is not the comparator used. E names an insulin not covered in this lecture."
N146_L2_O4,3587,Select all,Select all devices used to deliver insulin.,"A) Vial and syringe
B) Insulin pen
C) Jet injector
D) Insulin pump
E) Continuous glucose monitor
F) Glucometer with lancet
G) Inhalation powder
H) Transdermal patch","A, B, C, D, G","Insulin is delivered by vial and syringe, pen, jet injector, pump, and as a rapid-acting inhalation powder. E and F are monitoring devices that deliver nothing; the CGM versus pump distinction is the one most often confused. H names a route not used for insulin. Pens are more accurate and easier for patients but more expensive than a vial and syringe."
N146_L2_O4,3588,Multiple choice,A nurse is teaching subcutaneous insulin injection. Which technique should the nurse demonstrate?,"A) Hold the syringe with the thumb resting on the plunger and insert slowly
B) Hold the syringe like a dart, insert quickly, depress the plunger and hold for a count of three before withdrawing
C) Insert slowly to reduce pain, then withdraw immediately after depressing the plunger
D) Aspirate for blood return before depressing the plunger
E) Massage the site vigorously after withdrawal to distribute the dose
F) Insert at 45 degrees for all patients regardless of body habitus
G) Pinch the skin and insert at 15 degrees
H) Depress the plunger while inserting to save time",B,"Holding it like a dart and inserting quickly is less painful than going slowly, and holding for a count of three ensures the full dose is delivered, which matters when a dose may be only one to three units. A and H begin dispensing before the needle is fully in, losing part of the dose and potentially prompting the provider to change a prescription that was actually working. C makes it hurt more and withdraws early. D, E, F and G contradict the technique taught."
N146_L2_O4,3589,Multiple choice,An insulin vial in a facility medication drawer is labeled with a date. What must the nurse determine?,"A) Whether the date indicates when the vial was opened or when it expires, since facilities differ
B) Whether the vial was manufactured within the past year
C) Whether the patient name matches the date
D) Whether the date falls within 72 hours of administration
E) Whether the vial has been refrigerated since that date
F) Nothing, since all insulin vials expire 30 days after manufacture
G) Whether the date was written by a pharmacist rather than a nurse
H) Whether the vial has been shaken since that date",A,"Facility labels carry either the open date or the expiration date, and which convention is used determines how the nurse interprets it; glucometer control solutions carry expiration dates from opening as well. F confuses the manufacture date with the one-month room temperature limit that begins at opening. B, C, D, E, G and H each apply a rule that does not govern the label."
N146_L2_O4,3591,Multiple choice,A patient taking Janumet is scheduled for a CT scan with IV contrast. The patient states the nurse said only metformin needs to be held. What is the correct nursing action?,"A) Continue Janumet, since it is a DPP-4 inhibitor and not metformin
B) Hold Janumet around the contrast study, because it contains metformin
C) Hold only the sitagliptin component and continue the metformin
D) Continue Janumet but increase fluid intake after the scan
E) Substitute a sulfonylurea for 48 hours
F) Continue Janumet, since contrast only affects insulin
G) Hold Janumet only if the patient has a history of CHF
H) Cancel the CT, since contrast is contraindicated with any oral agent",B,"Janumet is sitagliptin plus metformin, so it carries metformin's contraindication with iodine-based contrast and is held for 48 hours after the study. A is the exact trap the professor described: identifying only the DPP-4 component. C cannot be done with a combination tablet. E, G and H are unsupported, and F misstates the concern, which is metformin accumulation and lactic acidosis while the kidneys clear contrast."
N146_L2_O4,3592,Select all,Select all contraindications to metformin listed on the slide.,"A) Renal dysfunction
B) Liver dysfunction
C) Alcohol abuse
D) Congestive heart failure
E) Iodine-based contrast study
F) Sulfa allergy
G) History of thyroid cancer
H) Type 2 diabetes with obesity","A, B, C, D, E","The five contraindications are renal dysfunction, liver dysfunction, alcohol abuse, CHF and iodine-based contrast. A sulfa allergy contraindicates sulfonylureas, and thyroid cancer history contraindicates GLP-1 agonists; both are adjacent facts from the same slide set. Obese type 2 patients are the typical metformin candidate, since it promotes weight loss."
N146_L2_O4,3593,Multiple choice,A newly diagnosed type 2 patient whose A1c did not improve after three months of lifestyle change is started on metformin. The patient asks why this drug was chosen first. Which response is most accurate?,"A) It is the only oral agent that stimulates the pancreas to release more insulin
B) It does not cause hypoglycemia when used alone and tends to promote weight loss
C) It is given once weekly by injection, which improves adherence
D) It works by making the kidneys excrete glucose in the urine
E) It is the only oral agent safe with a sulfa allergy
F) It prolongs the action of incretin hormones
G) It has no gastrointestinal side effects
H) It can be taken regardless of kidney function",B,"Metformin is usually first line because it does not cause hypoglycemia alone, promotes weight loss and improves the cholesterol panel. A describes sulfonylureas, C describes GLP-1 agonists, D describes SGLT2 inhibitors and F describes DPP-4 inhibitors, so each distractor is the correct mechanism of a different class. G is wrong, since GI effects are its main side effect, and H is wrong, since renal dysfunction is a contraindication."
N146_L2_O4,3594,Multiple choice,A patient with type 2 diabetes reports a history of hives after taking sulfamethoxazole-trimethoprim. Which oral agent should the nurse question if prescribed?,"A) Metformin
B) Sitagliptin
C) Glipizide
D) Empagliflozin
E) Dulaglutide
F) Tirzepatide
G) Regular insulin
H) Semaglutide",C,"Glipizide is a sulfonylurea, and a known sulfa allergy contraindicates this class; the professor pointed out the clue is in the name. None of the other agents carries a sulfa contraindication. Insulin is not an oral agent at all."
N146_L2_O4,3595,Multiple choice,A patient taking glyburide and metoprolol asks what warning signs of low blood sugar to watch for. Which teaching point is INAPPROPRIATE for this patient?,"A) Watch for sweating and shakiness
B) Watch for a racing heart and palpitations as your earliest warning sign
C) Watch for confusion or trouble concentrating
D) Check your glucose if you feel unusually hungry
E) Carry a simple sugar with you
F) Avoid drinking alcohol
G) Check your glucose if you develop a headache
H) Tell family members how to recognize a low",B,"Beta blockers such as metoprolol suppress the tachycardia and palpitations that normally signal hypoglycemia, so teaching them as the warning sign would leave this patient relying on a sign that will not appear. The other points are appropriate; sweating is typically preserved, and alcohol is avoided because it adds to the hypoglycemic effect of sulfonylureas."
N146_L2_O4,3596,Select all,Select all patients at highest risk for hypoglycemia while taking a sulfonylurea.,"A) An 82-year-old patient
B) A patient with renal insufficiency
C) A patient who drinks alcohol
D) A patient also taking a beta blocker, whose symptoms may be masked
E) A 35-year-old with normal renal function taking no other drugs
F) A patient taking the drug with every meal as prescribed
G) A patient with a sulfa allergy who has been switched to metformin
H) A patient who skips meals","A, B, C, D, H","Advanced age and renal insufficiency are named as highest risk. Alcohol adds a hypoglycemic effect and a skipped meal removes the glucose the forced insulin release would act on. A beta blocker does not cause the low but masks its warning signs, making it more dangerous. E has none of these risks, F describes correct use, and G is no longer taking a sulfonylurea."
N146_L2_O4,3597,Multiple choice,A patient started on empagliflozin two weeks ago reports burning with urination and frequency. Which explanation connects this finding to the drug?,"A) The drug causes an allergic reaction in the bladder
B) The drug blocks renal glucose reabsorption, and glucose in the urine promotes bacterial growth
C) The drug stimulates insulin release, which irritates the urinary tract
D) The drug causes dehydration only, which concentrates the urine
E) The drug suppresses the immune system
F) The drug causes hypoglycemia, which presents as urinary symptoms
G) The drug increases LDL cholesterol, which damages the bladder
H) The finding is unrelated to the medication",B,"Empagliflozin is an SGLT2 inhibitor that prevents the kidneys from reabsorbing glucose, dumping it into the urine, and that glucose feeds bacteria, so UTI follows from the mechanism. C describes sulfonylureas. D names a real effect but omits the direct link to infection. G names a listed side effect attached to an invented mechanism. A, E, F and H are unsupported."
N146_L2_O4,3598,Multiple choice,"A patient taking semaglutide for type 2 diabetes reports severe, persistent upper abdominal pain radiating to the back with vomiting. What is the nurse's priority action?","A) Reassure the patient that GI upset is expected with this drug
B) Withhold the next dose and notify the provider promptly, since pancreatitis is suspected
C) Advise eating around the time of the next injection
D) Give an antiemetic and recheck in 24 hours
E) Check a fingerstick glucose and treat for hypoglycemia
F) Encourage clear liquids and continue the medication
G) Document the finding at the next scheduled visit
H) Advise switching to the weight loss formulation of the same drug",B,"Pancreatitis is a listed side effect of any GLP-1 agonist, and severe epigastric pain radiating to the back with vomiting suggests it, so the drug is held and the provider notified. A and C apply to the ordinary nausea common on injection day, which is the trap: expected GI upset versus a serious complication. D, F and G delay evaluation. E looks for the wrong problem. H switches to the identical drug, since Wegovy is also semaglutide."
N146_L2_O4,3599,Multiple choice,Which patient history is a contraindication to dulaglutide?,"A) Sulfa allergy
B) History of thyroid cancer
C) Renal dysfunction alone
D) CHF
E) Recurrent urinary tract infections
F) Frequent upper respiratory infections
G) Use of a beta blocker
H) Obesity",B,"GLP-1 agonists are contraindicated with a history of thyroid cancer, and the black box warning is specifically medullary thyroid carcinoma. A is the sulfonylurea contraindication, C and D are metformin contraindications, E is the SGLT2 side effect, F is the DPP-4 side effect and G affects symptom recognition with sulfonylureas. Obesity is a reason the class is often chosen."
N146_L2_O4,3600,Multiple choice,A patient taking sitagliptin as monotherapy asks what side effect is most associated with the drug. Which answer is accurate?,"A) Frequent upper respiratory infections
B) Severe hypoglycemia
C) Weight gain
D) Lactic acidosis
E) Urinary tract infections
F) Pancreatitis requiring discontinuation in most patients
G) Once-weekly injection site reactions
H) Masked tachycardia",A,"Sitagliptin, a DPP-4 inhibitor, is most associated with frequent URIs, with headache and GI effects also listed. B is the key distractor: hypoglycemia is not common with sitagliptin alone and occurs when it is combined with a sulfonylurea. C belongs to sulfonylureas, D to metformin, E to SGLT2 inhibitors, and F and G to GLP-1 agonists, which are injected, whereas sitagliptin is oral."
N146_L2_O4,3601,Select all,Select all oral agents that carry a significant risk of hypoglycemia when used as monotherapy.,"A) Glipizide
B) Glyburide
C) Glimepiride
D) Metformin
E) Sitagliptin
F) Empagliflozin
G) A sulfonylurea combined with sitagliptin
H) Metformin combined with diet and exercise","A, B, C, F","The three sulfonylureas force insulin secretion regardless of glucose, making hypoglycemia their major side effect, and the slide lists hypoglycemia as an SGLT2 side effect. Metformin does not cause hypoglycemia alone, and sitagliptin rarely does alone. G is a real hypoglycemia risk but is a combination, not monotherapy, which is exactly what the stem excludes. H describes metformin with lifestyle measures, still without hypoglycemia."
N146_L2_O4,3602,Multiple choice,A patient with type 2 diabetes is concerned about weight gain. Which oral agent is most likely to worsen this concern?,"A) Metformin
B) Semaglutide
C) Glimepiride
D) Dulaglutide
E) Tirzepatide
F) Sitagliptin, which reliably causes weight gain
G) Empagliflozin, which causes fluid retention
H) Metformin combined with a GLP-1 agonist",C,"Sulfonylureas such as glimepiride cause weight gain as a listed side effect. Metformin and the GLP-1 agonists semaglutide, dulaglutide and tirzepatide cause weight loss. F and G attach invented weight effects to drugs whose listed side effects are URIs and UTIs respectively. H combines two weight-loss agents."
N146_L2_O4,3614,Multiple choice,Which statement distinguishes tirzepatide from the other GLP-1 agonists on the slides?,"A) It is taken orally once daily
B) It is a combined GIP and GLP-1 receptor agonist and lists hypoglycemia among its side effects
C) It stimulates beta cells directly like a sulfonylurea
D) It is safe in patients with a history of thyroid cancer
E) It blocks renal glucose reabsorption
F) It does not cause GI effects
G) It is a form of long-acting insulin
H) It is given subcutaneously every day",B,"Tirzepatide (Mounjaro) combines GIP and GLP-1 receptor agonism, and its side effect list adds hypoglycemia to the pancreatitis, GI effects and weight loss shared by the class. Like the others it is given subcutaneously once a week and is contraindicated with a history of thyroid cancer. C, E and G describe other drug classes. A, D, F and H contradict the slide."
N146_L2_O4,3615,Multiple choice,A patient with an A1c of 11 percent and poor glycemic control is prescribed semaglutide as the first and only agent. Why might the nurse seek clarification?,"A) Semaglutide is contraindicated in all patients with type 2 diabetes
B) Semaglutide is not recommended as first line in patients with poor glycemic control
C) Semaglutide must be given twice daily in poor control
D) Semaglutide is an oral agent and would be insufficient
E) Semaglutide causes weight gain, worsening control
F) Semaglutide is a form of insulin that requires a sliding scale
G) Semaglutide is only approved for weight loss
H) There is no reason to question this order",B,"The slide states semaglutide is not recommended as first line in patients with poor glycemic control. G confuses Ozempic with Wegovy, which is the same drug approved for weight loss; Ozempic carries the diabetes indication. C, D, E and F misstate its dosing, route, weight effect and class, since it is a once-weekly subcutaneous GLP-1 agonist, not insulin."
N146_L2_O4,3616,Multiple choice,A patient newly started on metformin reports nausea and loose stools. Which instruction is most appropriate?,"A) Take the medication on an empty stomach for better absorption
B) Take the medication with meals to reduce GI effects
C) Stop the medication immediately, since this indicates lactic acidosis
D) Take the medication at bedtime without food
E) Double the dose to reach steady state faster
F) Switch to taking it once weekly
G) These symptoms mean the patient is allergic
H) Take it only on days when the glucose is high",B,"GI effects are metformin's main side effect and taking it with meals reduces them; once daily means with breakfast or dinner consistently, twice daily means both. C overreacts, since lactic acidosis is a rare separate complication and ordinary GI upset is expected. A and D remove the food that helps. E, F, G and H are unsupported."
N146_L2_O4,3623,Multiple choice,A patient with gestational diabetes has persistent hyperglycemia despite diet and exercise. Which medication is preferred?,"A) Metformin
B) Glipizide
C) Insulin
D) Semaglutide
E) Sitagliptin
F) Empagliflozin
G) No medication; continue diet alone
H) Glyburide",C,"If hyperglycemia persists in gestational diabetes, insulin is the preferred medication. Oral and noninsulin injectable agents are not recommended because they cross the placenta, some lack long-term safety data, and some cause neonatal hypoglycemia. G ignores persistent hyperglycemia, which risks a large-for-gestational-age infant and neonatal complications."
N146_L2_O4,3632,Multiple choice,"Which patient is the most appropriate candidate for a conventional, simplified insulin regimen?","A) A 24-year-old with type 1 diabetes who plays competitive sports
B) A frail older adult with limited self-care ability in hospice
C) A pregnant patient with preexisting diabetes
D) A patient with type 1 diabetes who wants maximal flexibility
E) Any patient over 65, based on age alone
F) A patient on an insulin pump
G) A newly diagnosed type 1 patient motivated to learn carbohydrate counting
H) A patient with unstable glucose swings",B,"A conventional regimen suits some type 2 patients, the terminally ill, frail older adults with limited self-care, and those unwilling or unable to self-manage. E is the explicit trap: the textbook warns against assuming older patients automatically need a simplified regimen. A, D, F and G describe intensive-regimen candidates, and C and H need the tighter control of intensive therapy."
N146_L2_O4,3633,Multiple choice,The nurse is preparing a mixed dose of regular and NPH insulin in one syringe. Which step is correct?,"A) Draw up the NPH first, then the regular insulin
B) Draw up the regular insulin first, then the NPH
C) Inject air from the NPH syringe into the regular vial after drawing NPH
D) Shake the NPH vial vigorously before drawing
E) Mix glargine into the syringe as well to reduce injections
F) Draw either one first, since order never matters
G) Draw the regular insulin into the NPH vial to premix it
H) Warm both vials in hot water before drawing",B,"The ADA recommends drawing up regular insulin first, clear before cloudy. The priority is never introducing cloudy insulin into the clear vial, which contaminates the whole vial and alters its action; C risks exactly that. G contaminates the NPH vial. D is wrong because NPH is gently rolled. E violates the rule that long-acting insulin is never mixed. H exposes insulin to extreme temperature. F ignores the recommendation and the contamination risk."
N146_L2_O4,3634,Multiple choice,A patient's prescription reads 70/30 insulin. What does this mean?,"A) 70 units of regular and 30 units of NPH
B) 70 percent NPH and 30 percent regular in one vial
C) 70 percent glargine and 30 percent lispro
D) 70 percent regular and 30 percent NPH
E) Inject 70 units in the morning and 30 at night
F) 70 percent insulin and 30 percent diluent
G) An insulin effective for 70 hours with a 30-minute onset
H) A U-70 concentration",B,"Premixed 70/30 is 70 percent NPH and 30 percent regular insulin, the most common ratio, useful for patients with stable requirements or trouble mixing. D reverses the proportions and A reads the ratio as units. C names glargine, which is never mixed with anything. E, F, G and H misread the label."
N146_L2_O4,3635,Multiple choice,Insulin is absorbed fastest from which injection area?,"A) Hip
B) Anterior thigh
C) Posterior upper arm
D) Abdomen
E) Deltoid muscle
F) Buttock, intramuscularly
G) Absorption is identical in all areas
H) Anterior forearm",D,"Absorption is fastest in the abdomen and slows progressively in the arm, thigh and hip. G is the assumption the textbook contradicts, and it is the reason patients are taught to rotate within one area for consistent absorption. E and F describe intramuscular sites, and H is not a listed area."
N146_L2_O4,3636,Multiple choice,Which rotation practice should the nurse teach?,"A) Rotate randomly from the abdomen to the thigh to the arm with each dose
B) Rotate systematically within one anatomic area, about 0.5 to 1 inch from the previous injection
C) Use the exact same spot each time for consistent absorption
D) Rotate only when a bruise appears
E) Rotate between intramuscular and subcutaneous routes
F) Inject into hypertrophied areas since absorption is faster there
G) Rotate daily between the abdomen and the hip
H) Rotation is unnecessary with human insulin",B,"Systematic rotation within one area keeps absorption consistent while preventing lipodystrophy; using the same area at the same time of day is another accepted approach. A and G jump between areas with different absorption rates. C causes lipohypertrophy. F is backward, since absorption is delayed in hypertrophied tissue. D, E and H are unsupported."
N146_L2_O4,3637,Multiple choice,A patient takes 22 units of U-100 insulin. Which syringe allows the most accurate measurement?,"A) 1-mL syringe, 100-unit capacity
B) 0.5-mL syringe, 50-unit capacity
C) 0.3-mL syringe, 30-unit capacity
D) A 3-mL standard syringe
E) A tuberculin syringe
F) A U-500 syringe
G) Any syringe, since all are marked identically
H) A 5-mL syringe",C,"The smallest syringe that holds the dose is most accurate, and the 0.3-mL, 30-unit syringe is marked in 1-unit increments. The 1-mL syringe is marked in 1- and 2-unit increments, less precise for small doses. D, E and H are not insulin syringes. F is for U-500, which must never be used with U-100 insulin. G is false."
N146_L2_O4,3638,Multiple choice,Why is U-500 insulin never stored with other insulin preparations?,"A) It requires freezing
B) Because of the risk of overdose if given to the wrong patient
C) It reacts chemically with other insulins
D) It is only given IV
E) It expires within 24 hours
F) It is a long-acting insulin that cannot be mixed
G) It must be kept in direct sunlight
H) It is inhaled rather than injected",B,"U-500 is five times as concentrated as standard U-100, available by special order for severe insulin resistance, and is stored apart because of the overdose risk if inadvertently given to the wrong patient. The remaining options invent storage or administration properties; A and G would damage any insulin."
N146_L2_O4,3639,Multiple choice,"The nurse notes a firm, fibrofatty mass at a patient's usual abdominal injection site. Which statement is correct?","A) This is lipoatrophy, and it indicates the insulin is absorbed faster there
B) This is lipohypertrophy from repeated use of the site, and absorption there is delayed
C) This is a local allergic reaction that will resolve in a few hours
D) This is a systemic allergic reaction requiring desensitization
E) This finding is expected and the site may continue to be used
F) This is caused by human insulin and requires switching to animal insulin
G) This is lipoatrophy, nearly eliminated by rotation
H) This mass indicates insulin should be given intramuscularly",B,"A fibrofatty mass from repeated site use is lipohypertrophy, and insulin injected into it is absorbed with delay, so the patient avoids the area until it resolves. Lipoatrophy is loss of fat seen as dimpling or pitting and has been nearly eliminated by human insulin; A and G misidentify it. C and D describe allergic reactions with different timing and appearance. E, F and H are incorrect."
N146_L2_O4,3640,Multiple choice,A patient with type 1 diabetes using an insulin pump has a glucose that has risen steadily despite a meal bolus two hours ago. What is the nurse's priority instruction?,"A) Wait for the next scheduled bolus
B) Suspect an interruption in insulin delivery and give insulin by manual injection
C) Increase the pump's basal rate and recheck tomorrow
D) Eat a snack to stabilize the glucose
E) Exercise to lower the glucose
F) Remove the pump and take an oral agent
G) This is expected after a large meal and requires no action
H) Switch to a jet injector",B,"The most common risk of pump therapy is DKA, because the pump uses only rapid-acting insulin, so an occlusion or empty reservoir quickly leaves the patient with none; no glucose response after a bolus suggests an interruption, and the patient gives insulin manually. C changes settings without addressing a possible occlusion. E is unsafe if ketones are developing. F is never used in type 1. A, D, G and H delay needed insulin."
N146_L2_O4,3641,Multiple choice,For which patient is inhaled insulin contraindicated?,"A) A patient with type 1 diabetes on a long-acting basal insulin
B) A patient with chronic obstructive pulmonary disease
C) A patient who dislikes injections
D) A patient with type 2 diabetes needing mealtime coverage
E) A patient with a sulfa allergy
F) A patient with lipohypertrophy
G) A patient taking metformin
H) A patient who eats irregularly",B,"Inhaled insulin is contraindicated in chronic lung disease such as asthma or COPD. It is a rapid-acting insulin taken at the start of a meal and typically used alongside an injectable long-acting insulin, which makes A and D appropriate candidates rather than contraindications. E applies to sulfonylureas."
N146_L2_O4,3642,Multiple choice,A patient switching from syringe injections to a jet injector should be taught which point?,"A) Absorption is usually faster with a jet injector, so timing and peak effect may change
B) Jet injectors eliminate the need for glucose monitoring
C) Jet injectors deliver insulin intramuscularly
D) Absorption is always slower with a jet injector
E) Jet injectors require no training
F) Jet injectors can deliver oral agents
G) Bruising indicates the device is malfunctioning and insulin was not given
H) Jet injectors are the least expensive delivery method",A,"Jet injectors push insulin through the skin under pressure in a fine stream; insulin is usually absorbed faster, so onset, peak and levels may change, and bruising can occur. They are more expensive and need thorough supervised training, contradicting E and H. D reverses the absorption change."
N146_L2_O4,3643,Multiple choice,Which patient is the most likely candidate for pancreatic or islet cell transplantation?,"A) A newly diagnosed type 2 patient with an A1c of 7.2 percent
B) A patient with type 1 diabetes undergoing kidney transplantation
C) A patient with prediabetes
D) A patient with gestational diabetes
E) Any patient unwilling to take insulin
F) A type 2 patient controlled on metformin
G) A patient with LADA diagnosed last month
H) A patient with MODY",B,"Because transplantation requires lifelong immunosuppression, it is usually reserved for type 1 patients already undergoing kidney transplantation or those with severe hypoglycemia or recurrent DKA despite intensive management. Organ shortage further limits availability. The other patients do not meet those criteria."
N146_L2_O4,3648,Multiple choice,A patient with chronic kidney disease is prescribed a sulfonylurea. Which agent should the nurse question?,"A) Glimepiride
B) Glipizide
C) Glyburide
D) Metformin
E) Sitagliptin
F) Insulin glargine
G) Dulaglutide
H) All sulfonylureas are equally appropriate in CKD",C,"The textbook specifies glyburide is not recommended in chronic kidney disease; renal insufficiency also places any sulfonylurea patient at highest risk for hypoglycemia. D is a contraindication too but is not a sulfonylurea, which is what the stem asks. H contradicts the textbook."
N146_L2_O4,3649,Multiple choice,Which instruction is correct for a patient starting empagliflozin?,"A) Take it at bedtime with a snack
B) Take it once daily before the first meal in the morning and report genital or urinary infection symptoms
C) Take it with every meal to prevent GI upset
D) Inject it subcutaneously once weekly
E) Hold it 48 hours before any contrast study
F) Avoid it if you have a sulfa allergy
G) Expect weight gain as the main side effect
H) Take it only when glucose exceeds 250",B,"The textbook directs once-daily dosing before the first morning meal and monitoring for genital and urinary tract infections, which follow from glucose being dumped into the urine; rare DKA is also listed. C is metformin teaching, D describes GLP-1 agonists, E is the metformin contrast rule, F is the sulfonylurea contraindication, and G is a sulfonylurea effect."
N146_L2_O4,3650,Multiple choice,A type 2 patient well controlled on oral agents is admitted with a severe infection and hyperglycemia. What change does the nurse anticipate?,"A) Double the oral agent doses
B) Temporarily stop oral agents and start insulin
C) Continue oral agents and restrict all carbohydrate
D) Add a second sulfonylurea
E) Discontinue all diabetes treatment until the infection clears
F) Switch permanently to insulin
G) Start an SGLT2 inhibitor to increase glucose excretion
H) No change is needed",B,"Oral and noninsulin injectable agents may be halted temporarily and insulin prescribed when hyperglycemia arises from infection, trauma or surgery. F is the trap: the change is temporary and does not mean permanent insulin. E would leave hyperglycemia untreated. A, C, D, G and H do not address the need for flexible glucose control during illness."
N146_L2_O4,3651,Multiple choice,"A patient develops redness, swelling and a 3-cm wheal at the injection site about 90 minutes after insulin. What is the most accurate interpretation?","A) A systemic allergic reaction requiring epinephrine
B) A local allergic reaction that usually resolves within hours to days
C) Lipohypertrophy
D) Lipoatrophy
E) Insulin resistance requiring U-500
F) An injection into muscle
G) Hypoglycemia
H) A reaction requiring desensitization therapy",B,"A local allergic reaction brings redness, swelling, tenderness, induration or a 2 to 4 cm wheal 1 to 2 hours after injection and usually resolves in hours or days; another insulin can be tried if it persists. A and H describe the rare systemic reaction, which spreads to generalized hives and is treated by desensitization. C and D are chronic fat changes, and E is antibody-mediated dose requirement."
N146_L2_O4,3703,Multiple choice,Which side effects are associated with thiazolidinediones such as pioglitazone?,"A) Weight gain, edema and possible liver dysfunction
B) Weight loss and pancreatitis
C) Frequent upper respiratory infections
D) Urinary tract infections from glucose in the urine
E) Lactic acidosis only
F) Contraindicated with sulfa allergy
G) Hypoglycemia is impossible even with insulin
H) Medullary thyroid cancer",A,"Thiazolidinediones increase tissue sensitivity to insulin and cause weight gain, edema and possible liver dysfunction, so liver function is monitored. Hypoglycemia risk rises when combined with insulin or a secretagogue. The distractors belong to GLP-1 agonists, DPP-4 inhibitors, SGLT2 inhibitors, metformin and sulfonylureas."
N146_L2_O4,3704,Multiple choice,Which statement about pramlintide is accurate?,"A) It is an amylin analogue used with, not in place of, mealtime insulin, and slows gastric emptying
B) It replaces insulin in type 1 diabetes
C) It is an oral agent for type 2 only
D) It may be mixed in the same syringe as insulin
E) It stimulates beta cells like a sulfonylurea
F) It blocks renal glucose reabsorption
G) It is given IV during DKA
H) It is contraindicated in type 1 diabetes",A,"Pramlintide is a synthetic analogue of amylin, a beta cell hormone, approved for type 1 and type 2. It is used alongside mealtime insulin, slows gastric emptying and reduces appetite, and is injected subcutaneously at least 2 inches from an insulin site. It never replaces insulin."
N146_L2_O4,3705,Multiple choice,"A patient is admitted on Glucophage. Which home medication does this represent, and which admission lab most affects whether it is continued?","A) Metformin; serum creatinine
B) Metformin; hemoglobin A1c
C) Glipizide; serum potassium
D) Sitagliptin; white blood cell count
E) Metformin; serum sodium
F) Glyburide; serum creatinine
G) Empagliflozin; urinalysis
H) Insulin glargine; blood glucose",A,"Glucophage is metformin, and renal dysfunction is a contraindication because impaired clearance raises lactic acidosis risk, so creatinine drives the decision. B names the right drug but a lab that guides glycemic targets rather than safety. F and C name sulfonylureas. G and H name other classes entirely."
N146_L2_O4,3706,Multiple choice,A patient taking Glucophage is scheduled for a cardiac catheterization with contrast on Friday. When should the drug be stopped?,"A) Wednesday, 48 hours before the procedure
B) Friday morning, the day of the procedure
C) Only after the procedure
D) It does not need to be held
E) One week before
F) Two hours before
G) Only if the patient has diabetes-related kidney disease
H) Only if the contrast is given orally",A,"Metformin is held 48 hours before and 48 hours after an iodine contrast study, or until kidney function is confirmed normal; for a Friday procedure that means stopping Wednesday. C covers only half the rule. B reflects the practice of holding at the time of the study, which is not what this course teaches. D and F leave the patient exposed to lactic acidosis risk, and G and H invent exceptions."
N146_L2_O4,3707,Multiple choice,Which newly admitted patient taking metformin should the nurse question the order for FIRST?,"A) A patient with a serum creatinine of 2.4 mg/dL
B) A patient with a hemoglobin A1c of 8.1 percent
C) A patient with a BMI of 34
D) A patient reporting mild nausea with doses
E) A patient taking a beta blocker
F) A patient with a sulfa allergy
G) A patient who eats a high-carbohydrate diet
H) A patient with a history of thyroid cancer",A,"Renal dysfunction is a metformin contraindication because the drug accumulates and risks lactic acidosis. B and C describe typical candidates, since metformin is first line and promotes weight loss. D is its expected GI effect, managed by taking it with meals. E, F and H are cautions for sulfonylureas and GLP-1 agonists, not metformin."
N146_L2_O4,3708,Select all,Select all statements about metformin that are accurate.,"A) It inhibits glucose production by the liver
B) It increases tissue sensitivity to insulin
C) It decreases hepatic cholesterol synthesis
D) It does not cause hypoglycemia when used alone
E) It promotes weight loss
F) It stimulates the beta cells to release insulin
G) It is safe to continue during an iodine contrast study
H) It is appropriate for type 1 diabetes","A, B, C, D, E","Metformin is a biguanide with three mechanisms: less hepatic glucose production, more tissue sensitivity, and lower hepatic cholesterol synthesis. It causes no hypoglycemia alone and promotes weight loss, which is why it is usually first line. F describes sulfonylureas, G violates the contrast rule, and H is wrong because no oral agent works in type 1."
N146_L2_O4,3709,Multiple choice,"A patient on Januvia asks why they also have to hold their medication before a CT with contrast, since it is not metformin. What should the nurse determine first?","A) Whether the prescription is actually Janumet, which contains metformin
B) Whether the patient has a sulfa allergy
C) Whether the patient takes insulin as well
D) Whether the A1c is above 7 percent
E) Whether the patient has had a URI recently
F) Whether the contrast is iodine based or gadolinium
G) Whether the patient is fasting
H) Nothing; Januvia must always be held for contrast",A,"Januvia is sitagliptin alone and carries no contrast restriction, but Janumet is sitagliptin plus metformin and does. Confirming the exact product resolves the question. H asserts a rule sitagliptin does not have. E names a real sitagliptin side effect but is unrelated. The other options do not determine the contrast decision."
N146_L2_O4,3710,Multiple choice,A patient takes Januvia and Amaryl together. Which assessment is the highest priority?,"A) Signs of hypoglycemia
B) Upper respiratory symptoms
C) Urinary tract infection symptoms
D) Injection site reactions
E) Signs of lactic acidosis
F) Thyroid nodules
G) Weight loss
H) Pancreatitis",A,"Amaryl is glimepiride, a sulfonylurea that forces insulin release, and sitagliptin causes hypoglycemia specifically when combined with a sulfonylurea, so the combination raises the risk. B is sitagliptin's usual side effect but not the priority. C belongs to SGLT2 inhibitors, D and H to GLP-1 agonists, E to metformin and F to GLP-1 agonists."
N146_L2_O4,3711,Multiple choice,Which side effect should the nurse teach a patient beginning sitagliptin to expect and report if persistent?,"A) Frequent upper respiratory infections and headache
B) Severe hypoglycemia when taken alone
C) Genital yeast infections
D) Weight gain of 10 pounds
E) Injection site bruising
F) Lactic acidosis
G) Peripheral edema
H) Hearing loss",A,"Sitagliptin, a DPP-4 inhibitor, is associated with frequent URIs including stuffy or runny nose and sore throat, plus headache and GI effects. B is wrong for monotherapy. C belongs to SGLT2 inhibitors, D to sulfonylureas, F to metformin, G to thiazolidinediones and E is irrelevant to an oral drug."
N146_L2_O4,3712,Multiple choice,A patient is prescribed Trulicity. Which instruction is correct?,"A) Inject it subcutaneously once a week on the same day each week
B) Inject it before each meal
C) Take it by mouth once daily with breakfast
D) Inject it intravenously during hyperglycemia
E) Inject it once daily at bedtime
F) Take it only when blood glucose exceeds 200
G) Inject it intramuscularly weekly
H) Mix it in the same syringe with your insulin",A,"Trulicity is dulaglutide, a GLP-1 agonist given subcutaneously once weekly. B and E describe insulin schedules, C an oral agent, G the wrong route, and H is never done with any injectable diabetes medication. D is wrong because GLP-1 agonists are not insulin and are never given IV."
N146_L2_O4,3713,Multiple choice,A patient with a family history of medullary thyroid carcinoma is prescribed Ozempic. What should the nurse do?,"A) Hold the medication and clarify with the provider, since thyroid cancer history is a contraindication
B) Administer it and monitor weight
C) Administer it with food to prevent nausea
D) Administer it and check a TSH in one month
E) Hold it only if the patient also has pancreatitis
F) Administer it, since the warning applies only to oral forms
G) Substitute Wegovy, which lacks the warning
H) Administer it weekly and reassess in 3 months",A,"Ozempic is semaglutide, a GLP-1 agonist contraindicated with a history of thyroid cancer; the black box warning concerns medullary thyroid carcinoma. G is the trap: Wegovy is the same drug, semaglutide, approved for weight loss, so it carries the identical warning. B, C, D, F and H administer a contraindicated drug."
N146_L2_O4,3714,Multiple choice,A patient on Mounjaro asks why the pharmacy also stocks it as Zepbound. Which response is accurate?,"A) They are the same drug, tirzepatide, approved under different names for different indications
B) Zepbound is a lower-dose insulin
C) Mounjaro is oral and Zepbound is injectable
D) They are different drug classes
E) Zepbound is a sulfonylurea
F) Mounjaro contains metformin
G) Zepbound is given daily and Mounjaro weekly
H) They differ in mechanism, one GLP-1 and one SGLT2",A,"Both are tirzepatide, a combined GIP and GLP-1 receptor agonist; Zepbound carries weight loss and sleep apnea indications while Mounjaro carries the diabetes indication. The same pattern applies to Ozempic and Wegovy, both semaglutide. Insurance coverage can differ even though the drug does not."
N146_L2_O4,3715,Multiple choice,Which finding in a patient taking a GLP-1 agonist requires the most urgent action?,"A) Severe abdominal pain radiating to the back
B) Nausea on the day of the injection
C) A 4-pound weight loss over a month
D) Mild constipation
E) Decreased appetite
F) Injection site itching
G) Fullness after small meals
H) A dislike of the weekly schedule",A,"Pancreatitis is a serious side effect of the class, and severe epigastric pain radiating to the back suggests it; the drug is held and the provider notified. B, D, E and G are the expected GI effects, worst around injection day and eased by eating around that time. C is an expected effect of the class, not a warning sign."
N146_L2_O4,3716,Select all,Select all accurate statements about GLP-1 receptor agonists.,"A) They enhance glucose-dependent insulin secretion
B) They are incretin mimetics
C) They are given subcutaneously once weekly
D) Weight loss is a common effect
E) Pancreatitis is a possible serious side effect
F) They are a form of long-acting insulin
G) Semaglutide is recommended as first line when glycemic control is poor
H) Tirzepatide acts on GIP receptors in addition to GLP-1","A, B, C, D, E, H","GLP-1 agonists mimic incretin, enhance glucose-dependent insulin secretion, are injected weekly, cause weight loss, and can cause pancreatitis. F is wrong: they are not insulin, a point the professor stressed. G reverses the slide, which states semaglutide is NOT recommended first line in patients with poor glycemic control."
N146_L2_O4,3717,Multiple choice,A patient taking Glucotrol reports skipping lunch most days because of work. Which risk should the nurse address first?,"A) Hypoglycemia, because the drug forces insulin release regardless of intake
B) Hyperglycemia from missed doses
C) Lactic acidosis
D) Urinary tract infection
E) Pancreatitis
F) Weight loss from skipped meals
G) Upper respiratory infection
H) Dehydration",A,"Glucotrol is glipizide, a sulfonylurea that stimulates beta cells to secrete insulin whether or not the patient has eaten, so skipped meals cause hypoglycemia. C belongs to metformin, D to SGLT2 inhibitors, E and G to GLP-1 and DPP-4 agents. F is backward, since sulfonylureas cause weight gain."
N146_L2_O4,3718,Multiple choice,An 84-year-old with a creatinine clearance of 28 mL/min is prescribed Diabeta. What is the nurse's best action?,"A) Question the order; glyburide is not recommended in chronic kidney disease
B) Administer it and monitor glucose
C) Administer it with food
D) Administer a double dose since renal clearance is reduced
E) Question the order only if the patient has a sulfa allergy
F) Administer it and hold insulin
G) Question the order because of the patient's age alone
H) Administer it at bedtime",A,"Diabeta is glyburide, and the textbook specifies it is not recommended in chronic kidney disease; advanced age and renal insufficiency together already carry the highest hypoglycemia risk on a sulfonylurea. D would worsen accumulation. G is incomplete, since age alone is not the contraindication. E names a real contraindication that is not the issue here."
N146_L2_O4,3719,Multiple choice,A patient taking Amaryl and metoprolol should be taught that which usual warning sign of hypoglycemia may be absent?,"A) Palpitations and a racing heart
B) Sweating
C) Hunger
D) Confusion
E) Headache
F) Blurred vision
G) Slurred speech
H) Nausea",A,"Beta blockers such as metoprolol blunt the tachycardia and palpitations that signal a falling glucose, so this patient cannot rely on them. Sweating is generally preserved and remains a usable warning. D, E, G and F are moderate CNS symptoms that appear later, once the brain is already fuel deprived."
N146_L2_O4,3720,Select all,Select all nursing implications for a patient starting a second-generation sulfonylurea.,"A) Teach the signs of hypoglycemia
B) Advise avoiding alcohol
C) Verify there is no sulfa allergy
D) Recognize advanced age and renal insufficiency as highest risk
E) Monitor for interactions with NSAIDs and warfarin
F) Expect weight loss
G) Expect no hypoglycemia when used alone
H) Hold the drug 48 hours before contrast","A, B, C, D, E","Sulfonylureas require hypoglycemia teaching, alcohol avoidance, a sulfa allergy check, extra caution in older adults and renal insufficiency, and interaction monitoring with NSAIDs, warfarin and sulfonamides. F reverses the weight effect, G describes metformin, and H is the metformin contrast rule."
N146_L2_O4,3721,Multiple choice,A patient on Jardiance reports increased urination. What should the nurse explain?,"A) Glucose is being excreted in the urine, which increases urine volume and raises infection risk
B) The kidneys are failing
C) The drug causes diabetes insipidus
D) This means the dose is too low
E) Increased urination indicates hypoglycemia
F) This is an allergic reaction
G) The drug increases insulin secretion, causing diuresis
H) This is unrelated to the medication",A,"Jardiance is empagliflozin, an SGLT2 inhibitor that blocks renal glucose reabsorption so glucose is dumped into the urine; the osmotic effect increases urine volume, and the glucose feeds bacteria, raising UTI and genital yeast infection risk. G describes sulfonylureas. The rest misattribute an expected drug effect."
N146_L2_O4,3722,Multiple choice,When should empagliflozin be taken?,"A) Once daily before the first meal of the morning
B) With the evening meal
C) At bedtime
D) Once weekly
E) Before each meal
F) Only when glucose exceeds 250
G) Twice daily with meals
H) On an empty stomach at night",A,"SGLT2 inhibitors are taken once daily before the first meal of the morning. D describes GLP-1 agonists, E rapid-acting insulin, G metformin, and C or H would increase nighttime urination from the drug's glucose excretion."
N146_L2_O4,3723,Multiple choice,Which oral agent would the nurse expect for a patient who needs glucose control but has had repeated episodes of hypoglycemia on their current regimen?,"A) Metformin
B) Glyburide
C) Glipizide
D) Glimepiride
E) A sulfonylurea at a lower dose
F) Insulin glargine
G) Any second-generation sulfonylurea
H) A sulfonylurea combined with sitagliptin",A,"Metformin does not cause hypoglycemia when used alone, which is why it is usually first line. B, C, D, E and G are all sulfonylureas, whose major side effect is hypoglycemia, and H adds a DPP-4 inhibitor to a sulfonylurea, the combination that specifically raises hypoglycemia risk. F is not an oral agent and also causes hypoglycemia."
N146_L2_O4,3724,Multiple choice,A patient asks why their friend with diabetes lost weight on medication while they gained weight on theirs. Which explanation is accurate?,"A) Sulfonylureas cause weight gain, while metformin and GLP-1 agonists cause weight loss
B) All diabetes medications cause weight gain
C) Metformin causes weight gain and sulfonylureas cause weight loss
D) Weight change depends only on diet
E) Insulin causes weight loss
F) SGLT2 inhibitors always cause weight gain
G) DPP-4 inhibitors cause dramatic weight loss
H) Weight effects are unpredictable and unrelated to class",A,"Sulfonylureas force insulin secretion and cause weight gain; metformin and the GLP-1 agonists cause weight loss. C reverses the pair, the most common error. E is wrong because insulin tends to promote weight gain. G overstates the modest, weight-neutral profile of DPP-4 inhibitors."
N146_L2_O4,3725,Multiple choice,A patient with type 1 diabetes is prescribed Glucotrol by a covering provider. What is the nurse's action?,"A) Hold the medication and clarify the order, since oral agents are never used in type 1
B) Administer it with breakfast
C) Administer it and monitor for hypoglycemia
D) Administer half the dose
E) Administer it only if the glucose exceeds 200
F) Administer it and hold the insulin
G) Hold it only if the patient has a sulfa allergy
H) Administer it and teach about weight gain",A,"Sulfonylureas stimulate beta cells to release insulin, and in type 1 those cells are destroyed, so the drug cannot work; oral antidiabetic agents are never used in type 1. F is dangerous, withholding the only effective treatment. G names a real contraindication that is not the issue here."
N146_L2_O4,3726,Multiple choice,A patient taking pioglitazone should be monitored for which effects?,"A) Weight gain, edema and liver dysfunction
B) Lactic acidosis and diarrhea
C) Genital mycotic infections
D) Upper respiratory infections
E) Pancreatitis and thyroid tumors
F) Sulfa cross-reactivity
G) Hypoglycemia when used alone as the major risk
H) Delayed gastric emptying",A,"Thiazolidinediones increase tissue sensitivity to insulin and are associated with weight gain, edema and possible liver dysfunction, so liver function is monitored. B belongs to metformin, C to SGLT2 inhibitors, D to DPP-4 inhibitors, and E and H to GLP-1 agonists. Hypoglycemia occurs mainly when combined with insulin or a secretagogue."
N146_L2_O4,3727,Multiple choice,A patient with type 1 diabetes is started on pramlintide. Which instruction is correct?,"A) Inject it separately from insulin, at least 2 inches from the insulin site, with meals
B) Mix it in the same syringe as your mealtime insulin
C) Take it instead of mealtime insulin
D) Take it once weekly
E) Take it orally before breakfast
F) Use it only for type 2 diabetes
G) Take it at bedtime with a snack
H) Use it during DKA",A,"Pramlintide is a synthetic amylin analogue used alongside mealtime insulin, injected subcutaneously at a separate site at least 2 inches away, and never mixed in the same syringe. B and C are dangerous errors; it supplements insulin rather than replacing it. F is wrong since it is approved for both types."
N146_L2_O4,3728,Multiple choice,A patient is prescribed Humalog before meals. What is the onset of this insulin?,"A) 15 to 30 minutes
B) 30 to 60 minutes
C) 1 to 1.5 hours
D) 4 to 12 hours
E) Peakless, so there is no onset
F) 2 to 4 hours
G) 8 to 10 minutes
H) 24 hours",A,"Humalog is lispro, a rapid-acting insulin with an onset of 15 to 30 minutes, twice as fast as regular. B is regular insulin, C is NPH, and D is the NPH peak rather than an onset. E describes glargine. G is the onset of glucagon, not insulin."
N146_L2_O4,3729,Multiple choice,A patient receives insulin lispro at 0800. When is hypoglycemia most likely?,"A) Between 0830 and 0930
B) Between 1200 and 2000
C) At 0805
D) At 2200
E) The following morning
F) Only if the patient skips dinner
G) 24 hours later
H) Lispro does not cause hypoglycemia",A,"Lispro peaks in 30 to 90 minutes, so the greatest risk falls between about 0830 and 0930. B is the 4-to-12-hour NPH peak window. C is before any onset. D and E fit longer-acting insulins. H is false; rapid-acting insulin is a common cause of hypoglycemia, especially if the meal is delayed."
N146_L2_O4,3730,Multiple choice,"How long before a meal should insulin lispro be given, and how soon must the patient eat?","A) 5 to 15 minutes before; the patient must eat within 15 minutes
B) 30 to 60 minutes before; the patient must eat within an hour
C) 1 hour before; timing of the meal does not matter
D) Immediately after the meal
E) 2 hours before the meal
F) At bedtime regardless of meals
G) Only when the tray has been eaten
H) 15 to 30 minutes before; the patient may eat within 2 hours",A,"Rapid-acting insulin is given 5 to 15 minutes before a meal and the patient must eat within 15 minutes, because the onset is 15 to 30 minutes. H uses plausible numbers but the 2-hour window would leave the patient hypoglycemic. B fits regular insulin timing. D, E, F and G misalign the dose from the food entirely."
N146_L2_O4,3731,Multiple choice,A vial is labeled Humulin R. Which statement about this insulin is correct?,"A) It is short acting, clear, and may be given IV
B) It is intermediate acting and cloudy
C) It is peakless and cannot be mixed
D) It is rapid acting with an onset of 15 minutes
E) It must be given only once daily
F) It is a premixed 70/30 product
G) It is inhaled
H) It is never given before meals",A,"Humulin R is regular insulin: short acting, a clear solution, onset 30 to 60 minutes, and the insulin classically given IV. B describes NPH, C glargine, D lispro, F a premix. The R on the bottle stands for regular, not rapid, a distinction that causes real medication errors."
N146_L2_O4,3732,Multiple choice,A patient has orders for Humulin R and Humalog. What is the key difference the nurse must recognize?,"A) Humalog is rapid acting with a faster onset; Humulin R is short acting and about half as fast
B) They are the same drug under different brand names
C) Humulin R is rapid acting and Humalog is short acting
D) Humalog may be given IV but Humulin R may not
E) Humulin R is cloudy and Humalog is clear
F) Humalog lasts 24 hours
G) Humulin R is a basal insulin
H) Only Humalog may be mixed with NPH",A,"Lispro (Humalog) has an onset of 15 to 30 minutes, twice as fast as regular insulin (Humulin R) at 30 to 60 minutes. C reverses them, the classic confusion the professor warned about. B is false, D reverses the classic IV rule, E is wrong since both are clear, and G and F misstate duration and role."
N146_L2_O4,3733,Multiple choice,Which insulin is uniformly cloudy and has a peak of 4 to 12 hours?,"A) NPH
B) Regular
C) Lispro
D) Glargine
E) Aspart
F) Afrezza
G) Detemir
H) 70/30 premix, which is clear",A,"NPH is the intermediate-acting insulin: uniformly cloudy, onset 1 to 1.5 hours, peak 4 to 12 hours, and it may be dosed every 12 hours as a basal. B, C and E are clear. D and G are long acting. H is cloudy, not clear, because it contains 70 percent NPH."
N146_L2_O4,3734,Multiple choice,A patient receives NPH insulin at 1800. During which period should the nurse be most alert for hypoglycemia?,"A) 2200 to 0600
B) 1815 to 1900
C) 1830 to 1930
D) Immediately after the injection
E) The following afternoon
F) Only at breakfast
G) NPH does not peak
H) 48 hours later",A,"NPH peaks 4 to 12 hours after the dose, so an 1800 injection peaks overnight, roughly 2200 to 0600. That is also why evening NPH is implicated in the Somogyi effect, where a nocturnal low causes rebound morning hyperglycemia. B, C and D fit rapid-acting insulin, and G is false."
N146_L2_O4,3735,Multiple choice,A patient is prescribed Lantus 24 units at 2100. Which statement indicates correct understanding?,"A) I take it at about the same time every day, and it works steadily without a peak
B) I take it 15 minutes before dinner
C) I can mix it with my regular insulin to save an injection
D) I take it whenever my sugar is high
E) It peaks in 4 to 12 hours, so I eat a bedtime snack
F) I can skip it on days I do not eat
G) I take it twice daily with meals
H) I should shake the vial until it is uniformly cloudy",A,"Lantus is glargine, a peakless long-acting basal insulin given once daily at a consistent time so coverage does not gap. C violates the rule that long-acting insulin is never mixed. E describes NPH. F is dangerous, since basal insulin is needed regardless of meals. H describes NPH; glargine is clear."
N146_L2_O4,3736,Multiple choice,Why can glargine never be mixed with another insulin in the same syringe?,"A) It is a suspension at pH 4, so mixing causes precipitation
B) It is oil based
C) It would become cloudy and unusable
D) It is only given IV
E) The combination causes an allergic reaction
F) Mixing makes it act faster than intended, causing hyperglycemia
G) Its needle is a different gauge
H) Mixing is allowed if regular is drawn first",A,"Glargine is formulated at a low pH, and mixing it with another insulin causes precipitation that changes its action. H states the mixing sequence for regular and NPH, which does not apply to glargine. F reverses the consequence. The other options invent properties."
N146_L2_O4,3737,Multiple choice,"The nurse is drawing up 8 units of regular insulin and 22 units of NPH in one syringe. What is the total volume, and which is drawn first?","A) 30 units; regular first
B) 30 units; NPH first
C) 22 units; regular first
D) 8 units; NPH first
E) 30 units; either order is acceptable
F) 176 units; regular first
G) 30 units; the insulins must not be mixed
H) 14 units; NPH first",A,"The doses add to 30 units, and regular (clear) is drawn up before NPH (cloudy) per the ADA. B reverses the order and risks introducing cloudy insulin into the clear vial, contaminating it. E ignores the contamination risk. G is wrong because regular and NPH may be mixed; only long-acting insulin cannot."
N146_L2_O4,3738,Multiple choice,At 0730 the nurse prepares insulin aspart for a patient whose breakfast tray is not yet on the unit. What should the nurse do?,"A) Wait until the tray arrives and the patient is ready to eat, then give the insulin
B) Give the insulin now so it peaks with the meal
C) Give half now and half when the tray arrives
D) Give the insulin and leave crackers at the bedside
E) Ask the patient to drink juice now
F) Give the insulin and reassess in an hour
G) Notify the provider to change the order to NPH
H) Give the insulin IM for faster absorption",A,"Aspart is rapid acting, onset 15 to 30 minutes, and the patient must eat within 15 minutes; trays do not arrive on schedule, so the insulin waits for the food. D and E substitute a snack for the ordered meal, and a patient who becomes hypoglycemic may be too impaired to eat anything. C splits a dose without an order, and G changes the drug outside the nurse's scope."
N146_L2_O4,3739,Multiple choice,A patient asks what basal insulin does. Which explanation is accurate?,"A) It is released slowly in small amounts across the day, imitating the pancreas between meals
B) It covers the carbohydrate in each meal
C) It is used only to correct high glucose readings
D) It works within 15 minutes
E) It is given IV in the hospital
F) It replaces the need to count carbohydrates
G) It is only for type 2 diabetes
H) It is taken only on days the patient eats",A,"Basal insulin provides steady background coverage across the day, mimicking normal pancreatic release, and is needed regardless of meals. B describes mealtime rapid-acting insulin, and D its onset. H is a dangerous misunderstanding: skipping basal insulin because of not eating is a path to DKA."
N146_L2_O4,3740,Select all,Select all statements about insulin that are TRUE.,"A) Rapid-acting insulin is about twice as fast as regular
B) NPH may be given every 12 hours as a basal dose
C) Long-acting insulin is never mixed with another insulin
D) Regular insulin may be given intravenously
E) NPH is uniformly cloudy
F) Glargine peaks at 4 to 12 hours
G) Rapid-acting insulin may be mixed with NPH
H) Insulin adheres to IV tubing, so the first 50 mL is discarded","A, B, C, D, E, G, H","Everything is true except F: glargine is peakless, and 4 to 12 hours is the NPH peak. That swap is the most common insulin error on exams, because both are used as basal coverage but only one peaks."
N146_L2_O4,3741,Multiple choice,A patient with type 2 diabetes controlled on oral agents is admitted for hip replacement and placed on subcutaneous insulin. The patient asks whether this is permanent. What is the nurse's best response?,"A) Surgery raises glucose and healing needs near-normal levels, so insulin is usually temporary
B) Yes, once insulin is started it is lifelong
C) This means your diabetes has become type 1
D) Insulin is being used because oral agents never work after surgery
E) You will need insulin until your A1c is under 6.5
F) This is precautionary and has no effect on healing
G) You will go home on insulin and stop your oral agents
H) Your pancreas has stopped working permanently",A,"Insult, injury, illness, infection and surgery all raise glucose, and euglycemia supports wound healing, so oral agents are commonly held and insulin used temporarily in the hospital. B, G and H overstate permanence, C misclassifies the diabetes type, and F contradicts the reason for the therapy."
N146_L2_O4,3742,Multiple choice,A patient's insulin vial has been in use at room temperature since the 3rd of the month. On which date should it be discarded?,"A) The 31st, 28 days after it was opened
B) The 10th, one week after opening
C) The 33rd day, which is the following month
D) It never expires once opened
E) The 6th, 72 hours after opening
F) At the manufacturer's printed expiration date regardless of opening
G) The 18th, 15 days after opening
H) Immediately, since it was not refrigerated",A,"An in-use vial kept at room temperature is good for 28 days from opening, so a vial opened on the 3rd is discarded on the 31st. F is the trap: the printed date applies to unopened, refrigerated stock, and opening starts the 28-day clock. H is wrong because room-temperature storage of an in-use vial is correct and reduces injection-site irritation."
N146_L2_O4,3743,Multiple choice,Which patient statement about insulin injection technique indicates correct understanding?,"A) I rotate within my abdomen, about an inch from the last spot, and change areas every few weeks
B) I use the same spot each time so absorption is predictable
C) I rub the site afterward to help it absorb
D) I pull back on the plunger to check for blood first
E) I rotate abdomen, thigh, and arm with every single dose
F) I inject at 15 degrees so it stays shallow
G) I use a heating pad afterward for comfort
H) I inject into the firm lump that has formed, since it does not hurt there",A,"Rotate systematically within one anatomic area, about half an inch to an inch from the last injection, moving areas every 2 to 3 weeks. B causes lipohypertrophy. E jumps between areas with different absorption rates, making glucose erratic. C and G speed absorption unpredictably, D is unnecessary in subcutaneous tissue, F is the wrong angle, and H injects into hypertrophied tissue where absorption is delayed."
N146_L2_O4,3744,Multiple choice,A patient takes 12 units of insulin daily. Which syringe should the nurse select for the most accurate dose?,"A) A 0.3-mL, 30-unit syringe marked in 1-unit increments
B) A 1-mL, 100-unit syringe
C) A 3-mL syringe
D) A U-500 syringe
E) A tuberculin syringe
F) A 0.5-mL, 50-unit syringe, because larger is safer
G) Any syringe, since markings are identical
H) An insulin pen needle without a syringe",A,"Choose the smallest syringe that holds the dose; the 0.3-mL, 30-unit syringe is marked in 1-unit increments, the most precise for a 12-unit dose. B is marked in 1- and 2-unit increments and is less precise. D is for U-500 and would deliver five times the intended dose. C and E are not insulin syringes."
N146_L2_O4,3745,Multiple choice,"A nurse prepares to give glargine 30 units and lispro 6 units, both due now. Which action is correct?","A) Give them at the same time in two separate syringes
B) Draw the lispro first, then the glargine, in one syringe
C) Draw the glargine first, then the lispro, in one syringe
D) Give the lispro now and the glargine in 2 hours
E) Give only the glargine and hold the lispro
F) Give the glargine IV and the lispro subcutaneously
G) Combine them in an IV bag
H) Hold both and call the provider",A,"Long-acting glargine is never mixed with another insulin in the same syringe, but both may be given at the same time in separate syringes. B and C mix what cannot be mixed, regardless of order. D delays basal coverage without an order, E omits mealtime coverage, and F and G use routes that long-acting insulin never takes."
N146_L2_O4,3746,Multiple choice,A patient using an insulin pump has had glucose rising for 4 hours despite boluses. Which complication should the nurse suspect first?,"A) DKA from interrupted insulin delivery, since pumps use only rapid-acting insulin
B) HHS, since pumps are used in type 2 diabetes
C) Hypoglycemic unawareness
D) Lipoatrophy at the site
E) A dietary indiscretion, which needs no intervention
F) The dawn phenomenon
G) The Somogyi effect
H) Insulin waning from a long-acting dose",A,"Pumps deliver only rapid-acting insulin, so any occlusion, dislodgement or empty reservoir leaves the patient without insulin within hours, and DKA is the most common risk; the patient gives insulin by manual injection if interruption is suspected. F, G and H describe morning hyperglycemia patterns, not a sustained daytime rise, and H involves an insulin the pump does not use."
N146_L2_O4,3747,Multiple choice,A patient asks whether they can use their inhaled insulin instead of injections. Which factor would make it unsafe for them?,"A) A history of asthma or COPD
B) A history of thyroid cancer
C) A sulfa allergy
D) Chronic kidney disease
E) Heart failure
F) Obesity
G) Frequent urinary tract infections
H) An A1c above 8 percent",A,"Inhaled insulin is contraindicated in chronic lung disease such as asthma and COPD. It is rapid acting and used alongside a long-acting injectable insulin, so it does not replace all injections. B belongs to GLP-1 agonists, C to sulfonylureas, D and E to metformin, and G to SGLT2 inhibitors."
N146_L2_O5,3549,Select all,Select all forms in which glucose or glucagon may be given to treat hypoglycemia.,"A) Oral glucose gel
B) Glucose tablets
C) IV dextrose 50 percent
D) IM glucagon
E) Subcutaneous glucagon
F) IV regular insulin
G) Subcutaneous NPH insulin
H) Oral metformin","A, B, C, D, E","Glucagon is the antagonist to insulin and is available in oral gel, tablet, IV dextrose, and IM or subcutaneous glucagon forms. F, G and H would all lower the glucose further; regular insulin is the only IV insulin but that route fact is irrelevant to treating a low, and metformin is an oral agent for type 2 management."
N146_L2_O5,3555,Multiple choice,"A hospitalized patient with type 1 diabetes develops a fever and refuses breakfast, stating they will skip their insulin since they are not eating. Which response is correct?","A) That is correct, insulin should be held whenever meals are missed
B) Insulin is still needed on sick days; illness raises blood glucose and withholding it risks ketoacidosis
C) Only the long-acting insulin should be held
D) Take half the usual dose whenever you skip a meal
E) Hold the insulin and recheck the glucose in six hours
F) Switch to an oral agent while you are ill
G) Insulin may be held as long as you are drinking fluids
H) Illness lowers insulin requirements, so no insulin is needed today",B,"Illness, infection, injury and surgery all raise blood glucose, and the professor was explicit that type 1 patients take their insulin even on sick days. H states the reverse of the physiology. A, C, D, E and G all withhold or reduce insulin in a patient whose requirement is rising, risking DKA. F is never an option in type 1, where oral agents cannot be used."
N146_L2_O5,3567,Multiple choice,A nurse is caring for four patients with diabetes. Which patient should the nurse assess FIRST?,"A) A patient with type 1 diabetes who is diaphoretic and difficult to arouse
B) A patient with a fasting glucose of 148 mg/dL awaiting breakfast
C) A patient asking how to rotate insulin injection sites
D) A patient whose A1c returned at 8.2 percent
E) A patient with a healing foot ulcer due for a dressing change
F) A patient requesting a refill of glucose test strips
G) A patient whose CGM shows 140 mg/dL with a sideways arrow
H) A patient who needs teaching before discharge on a new insulin pen",A,"Diaphoresis with a decreased level of consciousness in a patient on insulin signals severe hypoglycemia, which is an immediate threat to life and may require glucagon rather than oral carbohydrate. B and D are elevated values without acute risk. G shows a stable trend within range. C, E, F and H are legitimate nursing activities with no urgency. Cold and clammy, need some candy applies here."
N146_L2_O5,3586,Multiple choice,A patient with diabetes develops neuropathy. Which statement about this finding is accurate?,"A) Neuropathy in a patient with diabetes is always caused by the diabetes
B) Neuropathy has other causes as well, including vitamin B6 excess and carpal tunnel syndrome, and some are reversible
C) Neuropathy always resolves once glucose is controlled
D) Neuropathy indicates the patient has had diabetes for less than one year
E) Neuropathy is a microvascular complication only of the retina
F) Neuropathy confirms the patient has type 1 diabetes
G) Neuropathy is prevented entirely by taking insulin
H) Neuropathy is reversible once an amputation has been performed",B,"Nerve damage has many causes, and the professor named B6 overdose, which was reversible after stopping the supplement, and carpal tunnel syndrome. A is the assumption to avoid: a patient with diabetes can have neuropathy from another source, which changes the workup. C and H claim reversibility that diabetic nerve damage does not have once established. D, E, F and G misstate the timeline, the anatomy or the protection insulin provides."
N146_L2_O5,3590,Select all,Select all findings that suggest HYPOglycemia rather than hyperglycemia.,"A) Cold, clammy skin
B) Diaphoresis
C) Tremor and shakiness
D) Hot, dry skin
E) Difficulty arousing the patient
F) Polyuria and polydipsia
G) Confusion or inability to speak in full sentences
H) Nausea, vomiting and abdominal pain with ketones","A, B, C, E, G","Cold and clammy, need some candy; hot and dry, sugar high. Hypoglycemia presents with diaphoresis, tremor, confusion and decreased level of consciousness. D, F and H belong to hyperglycemia, with the nausea, vomiting and abdominal pain specifically pointing to DKA. Remember symptoms do not track the number reliably: a patient may be alert at 40 or symptomatic at 90."
N146_L2_O5,3622,Multiple choice,Why is diabetic ketoacidosis uncommon in type 2 diabetes?,"A) Type 2 patients never develop hyperglycemia high enough
B) Enough insulin is still present to prevent fat breakdown and ketone production
C) Type 2 patients cannot produce ketones because of oral agents
D) The kidneys excrete ketones before they accumulate
E) Glucagon secretion is absent in type 2
F) Type 2 is autoimmune and protects against ketosis
G) Insulin resistance prevents fat breakdown
H) Ketones are only produced in children",B,"Despite impaired secretion, type 2 patients retain enough insulin to prevent the fat breakdown that produces ketone bodies, so DKA does not typically occur; uncontrolled type 2 instead leads to HHS. A is false, since type 2 can reach extreme glucose levels. G reverses the logic, because it is the remaining insulin, not the resistance, that blocks fat breakdown. The remaining options invent mechanisms."
N146_L2_O5,3655,Multiple choice,"A patient taking insulin is alert, diaphoretic and shaky, with a fingerstick glucose of 58 mg/dL. What should the nurse do first?","A) Give 15 grams of fast-acting carbohydrate such as 4 oz of juice
B) Administer glucagon 1 mg IM
C) Give 25 to 50 mL of D50 IV
D) Give a snack of cheese and crackers
E) Notify the provider before treating
F) Recheck the glucose in 15 minutes before treating
G) Hold the next insulin dose and document
H) Give 4 oz of diet soda",A,"An alert patient who can swallow gets 15 grams of fast-acting carbohydrate first. B and C are for drowsy or unconscious patients who cannot safely take food by mouth. D is the protein snack that follows once glucose recovers; given first, it acts too slowly. H contains no sugar. E, F and G delay treatment of symptomatic hypoglycemia."
N146_L2_O5,3656,Multiple choice,"Fifteen minutes after drinking 4 oz of juice for hypoglycemia, a patient's glucose is 64 mg/dL. What is the next action?","A) Give another 15 grams of fast-acting carbohydrate and retest in 15 minutes
B) Give a protein snack now, since the glucose is rising
C) Administer glucagon IM
D) Wait another 30 minutes before retesting
E) Give rapid-acting insulin to stabilize the level
F) Document the event and take no further action
G) Give D50 IV
H) Encourage the patient to rest and recheck at the next meal",A,"The rule of 15 is to retest in 15 minutes and retreat if the glucose is still under 70. B is the step that follows once glucose is at or above 70. C and G escalate to parenteral treatment for a patient who is still alert and able to eat. E would lower glucose further. D, F and H leave an ongoing low untreated."
N146_L2_O5,3657,Multiple choice,A patient treated for hypoglycemia now has a glucose of 94 mg/dL and lunch is 2 hours away. Which action prevents a recurrence?,"A) Give a snack containing carbohydrate and protein, such as cheese and crackers
B) Give another 4 oz of juice
C) No action; the glucose is normal
D) Give 3 more glucose tablets
E) Administer glucagon prophylactically
F) Hold the next insulin dose indefinitely
G) Give a sugar-free snack
H) Encourage fluids only",A,"After fast-acting carbohydrate corrects the low, a snack with carbohydrate and protein keeps glucose from falling again, since the simple sugar wears off quickly. B and D repeat a fast-acting treatment that will not last. C ignores the recurrence risk with a meal hours away. E, F, G and H are inappropriate or ineffective."
N146_L2_O5,3658,Multiple choice,A patient with type 1 diabetes is found unresponsive with a glucose of 38 mg/dL and no IV access. What should the nurse do first?,"A) Administer glucagon 1 mg IM or subcutaneously
B) Place glucose gel inside the cheek
C) Give 4 oz of juice through a straw
D) Start an IV and give D50 before anything else
E) Call the provider for orders
F) Recheck the glucose in 15 minutes
G) Give rapid-acting insulin
H) Sit the patient upright and give crackers",A,"An unconscious patient receives glucagon 1 mg IM or subcutaneously, or D50 if IV access exists; with no IV, glucagon is fastest. B, C and H put food or fluid in the mouth of someone who cannot protect the airway, risking aspiration. D delays treatment while access is obtained. E and F delay care, and G would be fatal."
N146_L2_O5,3659,Multiple choice,A drowsy patient with a glucose of 46 mg/dL cannot follow commands reliably. An IV is in place. Which treatment is appropriate?,"A) 15 grams of carbohydrate by mouth
B) Glucagon IM or D50 IV
C) A protein snack
D) Rapid-acting insulin
E) Wait for the patient to become alert, then give juice
F) Diet soda by mouth
G) Oral glucose tablets chewed slowly
H) Increase the IV maintenance fluid rate only",B,"Moderate hypoglycemia is split by level of consciousness: awake and alert gets 15 grams by mouth, drowsy gets glucagon IM or D50 IV. A and G are the alert-patient treatment and risk aspiration in a drowsy patient. C, D, E, F and H fail to raise glucose promptly."
N146_L2_O5,3660,Select all,Select all symptoms of MILD hypoglycemia caused by sympathetic nervous system stimulation.,"A) Sweating
B) Tremors
C) Tachycardia
D) Palpitations
E) Nervousness
F) Hunger
G) Slurred speech
H) Seizures","A, B, C, D, E, F","Mild hypoglycemia produces adrenergic symptoms from the epinephrine surge: sweating, tremors, tachycardia, palpitations, nervousness and hunger. Slurred speech is a moderate symptom caused by the brain lacking fuel, and seizures are severe hypoglycemia with impaired CNS function."
N146_L2_O5,3661,Select all,"Select all symptoms of MODERATE hypoglycemia, when the brain is deprived of fuel.","A) Trouble concentrating
B) Headache
C) Memory lapses
D) Confusion
E) Combative behavior
F) Double vision
G) Palpitations
H) Hunger","A, B, C, D, E, F","Moderate hypoglycemia produces CNS symptoms: trouble concentrating, headache, memory lapses, confusion, slurred speech, combative behavior, double vision and drowsiness. Palpitations and hunger are the adrenergic symptoms of the mild stage. Combative behavior is easy to misread as intoxication or a psychiatric problem, which is why glucose is checked."
N146_L2_O5,3662,Multiple choice,"A patient with diabetes for 25 years has a glucose of 49 mg/dL but reports no shakiness, sweating or palpitations. Which explanation is most likely?","A) The meter is inaccurate
B) Hypoglycemic unawareness from autonomic neuropathy blunting the adrenergic response
C) The patient is in DKA
D) The patient has HHS
E) The glucose is normal for someone with long-standing diabetes
F) The patient is taking metformin
G) The patient has sudomotor neuropathy only
H) The patient has developed type 2 diabetes",B,"Long-standing diabetes can cause autonomic neuropathy that blunts the glucagon and epinephrine response, so the usual warning signs never appear; the first sign may be confusion. These patients need frequent glucose checks, especially before driving. A dismisses a dangerous value. C and D are hyperglycemic states. E is false. A beta blocker would be another cause of masked signs, but it is not an option here."
N146_L2_O5,3663,Multiple choice,An unconscious patient given glucagon IM wakes after 12 minutes and begins to vomit. What should the nurse do?,"A) Turn the patient onto their side, then give carbohydrate and a snack once able to swallow
B) Give a second dose of glucagon immediately
C) Give rapid-acting insulin to counter the glucagon
D) Keep the patient supine and flat
E) Give nothing by mouth for 24 hours
F) Discharge once awake
G) Document glucagon as ineffective
H) Give diet soda to settle the stomach",A,"Nausea and vomiting are common after glucagon, and side-lying prevents aspiration. Because glucagon acts briefly (about 12 to 27 minutes), carbohydrate and a snack are needed once the patient can swallow to prevent a relapse. D increases aspiration risk. B, C, E, G and H are unsafe or ineffective. The patient needs close monitoring for 24 hours after a severe episode."
N146_L2_O5,3664,Multiple choice,"Before giving 50 mL of D50 IV to a hypoglycemic patient, what must the nurse confirm?","A) That the IV line is patent
B) That the patient has eaten in the last hour
C) That the patient's potassium is normal
D) That the patient is conscious
E) That a glucagon dose was given first
F) That the patient has no sulfa allergy
G) That the patient is not on metformin
H) That the glucose has been rechecked twice",A,"D50 is hypertonic and very irritating to veins, so IV patency is confirmed before pushing it. D is backward, since D50 is typically for patients who cannot safely take oral carbohydrate. B, C, E, F, G and H are not prerequisites and would delay treatment."
N146_L2_O5,3665,Multiple choice,A patient takes NPH insulin at 0700. At which time is hypoglycemia most likely from this dose?,"A) 0730
B) Midafternoon to late afternoon
C) The following morning
D) Immediately after breakfast
E) Only at bedtime
F) 0300 the next night
G) Hypoglycemia does not occur with NPH
H) Within 15 minutes of injection",B,"NPH peaks 4 to 12 hours after injection, so a 0700 dose peaks from late morning into the afternoon; the textbook links late-afternoon hypoglycemia to the morning NPH peak. A, D and H fit rapid-acting insulin. F fits evening NPH peaking overnight. G is false."
N146_L2_O5,3666,Select all,Select all reasons older adults with diabetes are at increased risk from hypoglycemia.,"A) Those living alone may not recognize symptoms, increasing fall risk
B) Declining kidney function slows excretion of insulin and oral agents
C) Meals may be skipped from decreased appetite or financial limits
D) Decreased vision can cause insulin dosing errors
E) Older adults produce excess insulin
F) Older adults cannot absorb oral glucose
G) Hypoglycemia does not cause confusion in older adults
H) Older adults are immune to hypoglycemic unawareness","A, B, C, D","The textbook lists unrecognized symptoms when living alone, slower renal excretion of drugs, skipped meals, and vision-related dosing errors. E, F, G and H are false; hypoglycemic unawareness is actually more likely with long disease duration."
N146_L2_O5,3667,Select all,Select all causes of DKA listed on the slide.,"A) A skipped dose of insulin
B) Infection
C) Newly diagnosed diabetes
D) Medication nonadherence
E) Excessive exercise with normal glucose
F) Taking too much insulin
G) Eating too little on a sick day while continuing insulin
H) Dialysis","A, B, C, D","DKA results from a significant insulin deficit: a skipped dose, infection, newly diagnosed diabetes, or nonadherence. F and G describe causes of hypoglycemia, the opposite problem. E lowers glucose. H is a listed cause of HHS, not DKA."
N146_L2_O5,3668,Multiple choice,What directly causes the acidosis in DKA?,"A) Lactic acid from anaerobic muscle metabolism
B) Ketone bodies produced from lipolysis in the absence of insulin
C) Excess glucose in the bloodstream
D) Loss of potassium in the urine
E) Carbon dioxide retention from hypoventilation
F) Dehydration concentrating the blood
G) Excess bicarbonate excretion from diabetes medication
H) Increased insulin secretion",B,"Without insulin, fat is broken down and the liver converts free fatty acids into acidic ketone bodies, producing metabolic acidosis. C is the trap: hyperglycemia is present but glucose itself is not an acid. E is backward, since DKA patients hyperventilate and lower their CO2. A describes lactic acidosis, a metformin complication. D and F are consequences of osmotic diuresis, not the acid source."
N146_L2_O5,3669,Multiple choice,A patient in DKA is breathing very deeply at 32 breaths per minute without distress. What is the purpose of this breathing pattern?,"A) It compensates for hypoxia from pneumonia
B) It blows off carbon dioxide to compensate for the metabolic acidosis
C) It indicates respiratory failure requiring intubation
D) It is a sign of hypoglycemia
E) It retains carbon dioxide to correct alkalosis
F) It is caused by anxiety and needs no attention
G) It removes ketones through the lungs as their primary route of elimination
H) It indicates fluid overload",B,"Kussmaul respirations are deep but not labored breaths that lower PaCO2 to compensate for metabolic acidosis, which is why DKA labs show a low PCO2. E reverses both the gas and the acid-base problem. G overstates it; acetone on the breath causes the fruity odor, but exhaling CO2 is the compensation. C, D, F and H misread the finding."
N146_L2_O5,3670,Multiple choice,"A patient's labs show glucose 520 mg/dL, pH 7.14, bicarbonate 9 mEq/L, PaCO2 22 mm Hg, and urine ketones positive. How should the nurse interpret these results?","A) HHS
B) DKA: metabolic acidosis with respiratory compensation
C) Respiratory acidosis
D) Metabolic alkalosis
E) Hypoglycemia
F) Uncomplicated hyperglycemia without acidosis
G) Respiratory alkalosis as the primary disorder
H) Lactic acidosis from metformin",B,"Low pH and low bicarbonate mean metabolic acidosis; the low PaCO2 is the lungs compensating, and positive ketones with glucose over 250 confirm DKA. A is wrong because HHS has a normal pH and no ketones. C would require a high PaCO2. G mistakes the compensation for the primary problem, which is the trap. H lacks the ketones."
N146_L2_O5,3671,Multiple choice,Which IV fluid is typically started first for a patient in DKA?,"A) D5W
B) 0.9% normal saline
C) 0.45% saline
D) Lactated Ringer's with potassium 40 mEq
E) Sodium bicarbonate
F) D50
G) 3% hypertonic saline
H) D5 0.45% saline",B,"Rehydration starts with 0.9% normal saline for the first 2 to 4 hours. C is the fluid of choice after the first few hours (and may be used earlier for hypertension, hypernatremia or heart failure risk). A and H come later, once glucose falls below about 300. E is avoided because it can drop potassium dangerously, and F and G are inappropriate."
N146_L2_O5,3672,Multiple choice,"A patient on an insulin drip for DKA now has a glucose of 280 mg/dL, but bicarbonate is still 11 mEq/L. What does the nurse anticipate?","A) Stop the insulin drip since glucose is improving
B) Change the IV fluid to one containing dextrose and continue the insulin
C) Increase the insulin rate and keep dextrose out
D) Switch to subcutaneous insulin immediately and stop the drip
E) Give sodium bicarbonate
F) Stop all IV fluids
G) Give glucagon to prevent hypoglycemia
H) Give oral carbohydrates and stop insulin",B,"Glucose corrects before the acidosis does. Insulin must continue to stop ketone production, so dextrose is added when glucose falls below about 300 to keep it from dropping too far. A and D stop insulin while ketoacidosis persists, letting ketones reaccumulate. C risks hypoglycemia. E is avoided because of potassium shifts."
N146_L2_O5,3673,Multiple choice,A patient in DKA had an initial potassium of 5.8 mEq/L. After 3 hours of fluids and insulin it is 4.1 mEq/L and urine output is adequate. What is the priority action?,"A) Begin potassium replacement as prescribed, with cardiac monitoring
B) Hold potassium, since the level is normal
C) Give sodium polystyrene sulfonate to lower potassium further
D) Stop the insulin drip to prevent further potassium loss
E) Recheck potassium in 24 hours
F) Give sodium bicarbonate
G) Increase the insulin rate
H) Give D50",A,"Acidosis shifts potassium out of cells, so the initial value reads high while total body potassium is depleted. Rehydration, urine output and insulin all drive serum potassium down, so replacement begins once it reaches normal, with frequent labs and EKG. B is the trap: waiting for a low value invites arrhythmias. C lowers a falling potassium further. D stops needed insulin. F worsens potassium shifts."
N146_L2_O5,3674,Multiple choice,In which situation should potassium replacement be withheld during DKA treatment?,"A) When the potassium is normal
B) When the patient is hyperkalemic or not producing urine
C) When the glucose is under 300
D) When the patient is receiving 0.45% saline
E) When the insulin drip is running
F) When the pH is below 7.3
G) Potassium is never given in DKA
H) When the patient is alert",B,"Potassium is withheld only if the patient is hyperkalemic or not urinating, since potassium that cannot be excreted can accumulate to dangerous levels. A is when replacement should start, not stop. The remaining options describe normal parts of DKA treatment that do not contraindicate potassium."
N146_L2_O5,3675,Multiple choice,Why is sodium bicarbonate generally avoided in the treatment of DKA?,"A) It raises the glucose
B) It can cause a sudden, potentially fatal drop in serum potassium
C) It increases ketone production
D) It is incompatible with normal saline
E) It causes hypoglycemia
F) It worsens dehydration
G) It prevents insulin from working
H) It is only used in HHS",B,"Correcting the pH with bicarbonate drives potassium into cells abruptly, which can cause a sudden, dangerous drop in serum potassium. Insulin, by stopping ketone production, reverses the acidosis on its own. The other options invent reasons."
N146_L2_O5,3676,Multiple choice,A patient recovering from DKA received the first dose of subcutaneous glargine 30 minutes ago. When may the insulin drip be discontinued?,"A) Immediately, now that basal insulin has been given
B) 2 to 4 hours after the subcutaneous basal insulin was started
C) As soon as the glucose is under 200
D) Once the patient eats a meal
E) After 24 hours regardless of labs
F) Only after the pH is fully normal for 48 hours
G) When the patient requests it
H) After the next potassium result",B,"The insulin drip must overlap subcutaneous basal insulin by 2 to 4 hours, because subcutaneous insulin takes time to absorb and any gap lets ketones reaccumulate. A creates exactly that gap. C uses glucose, which corrects before the acidosis, as the endpoint. The rest are not the standard."
N146_L2_O5,3677,Multiple choice,"When hanging a new IV insulin infusion, which step is necessary?","A) Flush the insulin solution through the tubing and discard the first 50 mL
B) Shake the bag to mix the insulin
C) Use NPH so the drip lasts longer
D) Run the infusion by gravity without a pump
E) Mix glargine into the bag
F) Prime the tubing with normal saline only
G) Give the first 50 mL as a bolus
H) Protect the bag from light",A,"Insulin adheres to the inner surface of plastic tubing, so the first fluid through the line has a reduced concentration; flushing and discarding the first 50 mL saturates the tubing. C and E use insulins that are never given IV. G delivers an unintended dose. B, D, F and H are incorrect or unsafe."
N146_L2_O5,3678,Multiple choice,A patient with type 1 diabetes calls with vomiting and says they will skip their insulin because they cannot eat. What is the nurse's best response?,"A) Take your usual insulin, check glucose and ketones every 3 to 4 hours, and sip fluids frequently
B) Skipping insulin is correct when you cannot eat
C) Take half your usual dose
D) Take only your long-acting insulin and skip all rapid-acting doses without checking
E) Wait until you can eat before taking any insulin
F) Switch to an oral agent until you feel better
G) Drink only water and recheck tomorrow
H) Go to bed and check your sugar in the morning",A,"The most important sick day rule is never to skip insulin because of nausea or vomiting; illness raises glucose, so needs may increase. Glucose and ketones are checked every 3 to 4 hours and fluids are taken frequently. B, C, E and H reduce or withhold insulin, which is how DKA develops. F is never an option in type 1."
N146_L2_O5,3679,Select all,Select all sick day rules the nurse should teach a patient with type 1 diabetes.,"A) Take insulin as usual even if not eating normally
B) Test glucose and urine ketones every 3 to 4 hours
C) Drink calorie-free fluids about every half hour
D) Substitute soft foods or sugar-containing fluids if unable to follow the meal plan
E) Report fever over 101 degrees F lasting 24 hours
F) Stop insulin until vomiting resolves
G) Avoid fluids to reduce nausea
H) Check ketones only once a day","A, B, C, D, E","Sick day rules include taking insulin as usual, testing glucose and ketones every 3 to 4 hours, drinking fluids about every half hour, substituting soft foods or sugary fluids when unable to eat, and reporting persistent fever, vomiting, trouble breathing or confusion. F is the dangerous opposite of the most important rule, G risks dehydration, and H is too infrequent."
N146_L2_O5,3680,Multiple choice,Why do ketones generally not develop in HHS?,"A) Patients with HHS have no insulin at all
B) There is enough insulin to prevent fat breakdown, but not enough to control glucose
C) The kidneys excrete ketones immediately
D) HHS occurs only in type 1 diabetes
E) High osmolality neutralizes ketones
F) Glucagon is absent in HHS
G) Patients with HHS have normal glucose
H) Oral agents block ketone formation",B,"In HHS, insulin is too low to control glucose but high enough to prevent the fat breakdown that produces ketones, so there is no ketosis or acidosis. A describes DKA. D reverses the usual type. The absence of ketosis-related GI symptoms is why patients present late, after days of polyuria, with very high glucose."
N146_L2_O5,3681,Multiple choice,"A 74-year-old with type 2 diabetes is brought in confused after several days of thirst and urination. Labs: glucose 910 mg/dL, pH 7.39, serum osmolality 348 mOsm/kg, urine ketones negative. What is the most likely diagnosis?","A) DKA
B) HHS
C) Hypoglycemia
D) Metabolic alkalosis
E) Uncomplicated hyperglycemia
F) Lactic acidosis
G) Diabetes insipidus
H) Stroke, since glucose does not cause confusion",B,"Older type 2 patient, slow onset over days, glucose over 600, normal pH, osmolality over 320, no ketones, and confusion from cerebral dehydration: HHS. A requires acidosis and ketones. H is the trap the textbook warns about, since hyperglycemic states cause neurologic changes and glucose is checked first when stroke is suspected."
N146_L2_O5,3682,Multiple choice,What is the priority intervention for a patient newly admitted with HHS?,"A) IV fluid replacement
B) Sodium bicarbonate
C) Oral hypoglycemic agent
D) Potassium bolus before assessing urine output
E) Glucagon
F) Restrict fluids to prevent overload
G) Insulin bolus without fluids
H) Increase dietary carbohydrate",A,"HHS is defined by profound dehydration and hyperosmolality, and fluid replacement is the cornerstone; glucose falls substantially with rehydration alone. Insulin plays a smaller role than in DKA because there is no acidosis to reverse. D is wrong because potassium is added once urine output is adequate. F would worsen the core problem, though these older patients are monitored closely for overload."
N146_L2_O5,3683,Select all,Select all statements that are true of HHS rather than DKA.,"A) More common in type 2 diabetes
B) Slow onset over several days
C) Blood glucose usually over 600 mg/dL
D) Normal pH
E) Ketones absent
F) Osmolality over 320 mOsm/L
G) Kussmaul respirations are characteristic
H) Mortality under 1 percent","A, B, C, D, E, F","HHS is more common in type 2, develops over days, has glucose over 600, normal pH, no ketones and osmolality over 320. Kussmaul respirations compensate for acidosis, so they belong to DKA. Mortality under 1 percent is DKA; HHS mortality is 15 to 20 percent."
N146_L2_O5,3684,Multiple choice,Which set of findings best fits DKA?,"A) Glucose 320, pH 7.21, ketones present, osmolality 305, rapid onset
B) Glucose 780, pH 7.40, ketones absent, osmolality 350, onset over days
C) Glucose 52, pH 7.40, ketones absent
D) Glucose 180, pH 7.35, ketones absent
E) Glucose 640, pH 7.38, ketones absent, confusion
F) Glucose 110, pH 7.10, lactate elevated
G) Glucose 300, pH 7.50, ketones absent
H) Glucose 900, osmolality 360, ketones absent",A,"DKA: glucose over 250, pH under 7.3, ketones present, osmolality 275 to 320, rapid onset. B, E and H are HHS patterns with very high glucose, normal pH, no ketones and high osmolality. C is hypoglycemia. F suggests lactic acidosis without hyperglycemia. D and G do not fit either."
N146_L2_O5,3685,Multiple choice,Why is close monitoring for fluid overload especially important when treating HHS?,"A) HHS patients are typically older and at risk for heart failure and arrhythmias
B) HHS causes fluid retention
C) HHS patients receive no IV fluids
D) Insulin causes fluid overload
E) HHS only occurs in patients on dialysis
F) Overload is never a concern in HHS
G) HHS patients have excess sodium only
H) Fluid overload reverses the hyperosmolality too slowly",A,"HHS typically affects older adults, often with cardiac or renal disease, so aggressive fluid replacement risks overload, heart failure and arrhythmias; central venous monitoring may guide it. B reverses the problem, since HHS involves profound dehydration. The rest are false."
N146_L2_O5,3686,Multiple choice,A patient with long-standing diabetes has an ECG showing a new infarction but denies ever having chest pain. Which explanation is most likely?,"A) The ECG is wrong
B) A silent MI, because autonomic neuropathy can block ischemic pain
C) Hypoglycemia caused the ECG changes
D) The patient is minimizing symptoms
E) MIs are less common in people with diabetes
F) Retinopathy masks chest pain
G) Metformin prevents chest pain
H) The patient has HHS",B,"Autonomic neuropathy can eliminate the typical ischemic symptoms of an MI, producing silent infarctions discovered only on the ECG. E is false, since MI and heart failure are twice as common in people with diabetes. D assumes the patient is unreliable rather than considering the physiology."
N146_L2_O5,3687,Multiple choice,A patient with diabetes reports calf pain that develops when walking a block and resolves with rest. Which complication does this suggest?,"A) Peripheral neuropathy
B) Peripheral vascular disease with intermittent claudication
C) Autonomic neuropathy
D) Nephropathy
E) Hypoglycemia
F) Retinopathy
G) DKA
H) Sudomotor neuropathy",B,"Pain in the calf, thigh or buttock with walking that resolves with rest is intermittent claudication, a sign of peripheral arterial disease, which is 2 to 4 times more common in diabetes. A is the tempting wrong answer: neuropathy causes burning or numbness, often worse at night, not exertional pain relieved by rest."
N146_L2_O5,3688,Multiple choice,A patient with diabetes arrives with slurred speech and one-sided weakness. What should the nurse check first?,"A) Blood glucose
B) Hemoglobin A1c
C) Urine ketones
D) Lipid panel
E) Serum potassium
F) Kidney function
G) Thyroid function
H) Foot pulses",A,"Stroke symptoms can mimic hypoglycemia or HHS, so a rapid glucose check comes first; if the cause is a low or very high glucose, treatment differs entirely, and if glucose is normal, stroke evaluation proceeds promptly. The other tests do not change the immediate decision."
N146_L2_O5,3689,Multiple choice,How is diabetic retinopathy diagnosed?,"A) Ophthalmoscopy
B) Hemoglobin A1c
C) Visual acuity chart alone
D) CT of the head
E) Monofilament testing
F) Urine albumin
G) Tonometry alone
H) Patient report of blurred vision",A,"Retinopathy is diagnosed by ophthalmoscopy, examining the retinal vessels. H is unreliable because nonproliferative retinopathy is often symptom-free, which is why annual eye exams matter. E tests for neuropathy and F for nephropathy, adjacent complications with their own screening tests."
N146_L2_O5,3690,Select all,Select all management strategies for diabetic retinopathy .,"A) Glycemic control
B) Smoking cessation
C) Blood pressure control
D) Laser surgery
E) Low-protein diet
F) Dialysis
G) Monofilament testing
H) Avoiding nephrotoxic agents","A, B, C, D","Retinopathy management is glycemic control, smoking cessation, blood pressure control and laser surgery. E, F and H belong to nephropathy management, and G is a neuropathy screening tool, so each distractor is correct for a neighboring complication."
N146_L2_O5,3691,Multiple choice,A patient with worsening diabetic nephropathy has frequent hypoglycemia on the same insulin dose that previously controlled glucose. What explains this?,"A) The failing kidneys break down insulin more slowly, so each dose lasts longer
B) Nephropathy increases insulin resistance
C) The patient is eating more
D) The kidneys are producing insulin
E) Nephropathy causes DKA
F) The insulin has expired
G) Dialysis raises blood glucose
H) Kidney disease increases glucagon secretion",A,"Nephropathy impairs insulin catabolism, so insulin persists longer and a previously appropriate dose now causes hypoglycemia; insulin requirements often fall. This mirrors the older-adult risk from slower renal drug excretion. B reverses the effect. The other options are unsupported."
N146_L2_O5,3692,Select all,Select all recommended management strategies for diabetic nephropathy.,"A) Glycemic control
B) Blood pressure control
C) Avoiding nephrotoxic agents
D) Low-sodium diet
E) Low-protein diet
F) Dialysis or transplant for ESRD
G) Laser surgery
H) Increasing potassium intake","A, B, C, D, F","Nephropathy management is glycemic control, blood pressure control, avoiding nephrotoxic agents, a low-sodium diet, and dialysis or transplant for ESRD. A low-protein diet is no longer recommended for early diabetic kidney disease; protein should be adequate. G belongs to retinopathy, and H is not recommended."
N146_L2_O5,3693,Multiple choice,"A patient with diabetes has wide, unexplained swings in blood glucose, early fullness, bloating and nausea after meals. Which complication is most likely?","A) Gastroparesis from autonomic neuropathy
B) Peripheral neuropathy
C) Retinopathy
D) HHS
E) Nephropathy
F) Macrovascular disease
G) Lipohypertrophy
H) The Somogyi effect",A,"Gastrointestinal autonomic neuropathy causes gastroparesis, delayed gastric emptying with early satiety, bloating and nausea; inconsistent emptying makes glucose absorption unpredictable, producing erratic swings. H involves a nocturnal pattern, not postprandial GI symptoms. G affects absorption from an injection site, not from meals."
N146_L2_O5,3694,Multiple choice,Why are patients with autonomic neuropathy affecting the bladder at increased risk for urinary tract infections?,"A) A neurogenic bladder cannot empty completely, leaving residual urine
B) Neuropathy increases fluid intake
C) Insulin irritates the bladder
D) Neuropathy causes kidney stones only
E) They urinate too frequently to allow infection
F) Autonomic neuropathy increases white cell activity
G) The bladder produces glucose
H) UTIs are unrelated to neuropathy",A,"A neurogenic bladder causes retention and incomplete emptying, and residual urine supports bacterial growth, made worse because hyperglycemia impairs resistance to infection. F reverses the immune effect of hyperglycemia. SGLT2-related UTIs from glucose in the urine are a separate mechanism."
N146_L2_O5,3695,Multiple choice,A patient with peripheral neuropathy has an unsteady gait and has fallen twice. Which impairment best explains the gait change?,"A) Decreased proprioception
B) Hypoglycemic unawareness
C) Retinopathy only
D) Gastroparesis
E) Sudomotor neuropathy
F) Increased muscle mass
G) Hyperkalemia
H) Neurogenic bladder",A,"Peripheral neuropathy reduces proprioception, the sense of body position and movement, producing an unsteady gait and falls. Loss of pain and temperature sensation adds injury risk. C can contribute to falls but does not explain a neuropathic gait change. The remaining options affect other systems."
N146_L2_O5,3748,Multiple choice,A patient in DKA has been on an insulin drip for 2 hours. Labs now show potassium 3.2 mEq/L and glucose 310 mg/dL. What should the nurse do first?,"A) Notify the provider about the potassium before continuing the insulin
B) Increase the insulin rate to lower the glucose faster
C) Add dextrose to the IV fluid
D) Give sodium bicarbonate
E) Continue as ordered and recheck in 4 hours
F) Stop all IV fluids
G) Give oral potassium and continue the drip
H) Give a rapid-acting insulin bolus subcutaneously",A,"Insulin drives potassium into the cells, so continuing at a potassium of 3.2 risks dangerous hypokalemia and arrhythmias; replacement is needed and the provider must be notified. B accelerates the potassium shift. C is appropriate at 300 or less but does not address the urgent electrolyte problem. D worsens hypokalemia. G is too slow for an IV-treated emergency."
N146_L2_O5,3749,Multiple choice,"A patient arrives with deep rapid breathing, fruity breath, glucose 624 mg/dL, pH 7.09 and positive ketones. Which intervention comes first?","A) IV 0.9% normal saline
B) IV insulin drip
C) Sodium bicarbonate
D) Intubation for the respiratory rate
E) Oral hypoglycemic agent
F) Potassium replacement
G) D5W
H) Subcutaneous rapid-acting insulin",A,"Rehydration comes first in DKA: fluid losses are severe, and volume restores perfusion and begins lowering glucose. Insulin follows shortly but is second. D misreads Kussmaul respirations, which are compensating for the acidosis, not failing. F waits until potassium is known and urine output is adequate. G is for later, when glucose reaches 300 or less."
N146_L2_O5,3750,Multiple choice,A 79-year-old with HHS and a history of heart failure is receiving aggressive IV fluids. Which finding requires immediate action?,"A) Crackles in the lung bases and increasing shortness of breath
B) Glucose falling from 820 to 610 mg/dL
C) Urine output of 60 mL/hour
D) Serum osmolality decreasing toward 320
E) Improving level of consciousness
F) Potassium of 4.2 mEq/L
G) Thirst
H) A blood pressure rising from 88/50 to 104/62",A,"Older patients with cardiac or renal disease are at high risk for fluid overload during HHS rehydration; crackles and dyspnea signal it and require immediate action. B, D, E and H are all signs of improvement, C is adequate output, and F is normal. Neurologic recovery may lag 3 to 5 days behind the labs."
N146_L2_O5,3751,Multiple choice,A patient on NPH at dinner has fasting glucose readings of 240 to 270. A 0300 check is 52 mg/dL. Which change does the nurse anticipate?,"A) Decrease the evening NPH or add a bedtime snack
B) Increase the evening NPH
C) Move the NPH from dinner to bedtime
D) Add rapid-acting insulin at bedtime
E) Add a second NPH dose at 0300
F) Start an SGLT2 inhibitor
G) Discontinue all insulin
H) Increase the morning dose",A,"A low 0300 glucose identifies the Somogyi effect: nocturnal hypoglycemia triggers counterregulatory hormones that rebound the morning glucose up. The fix is less insulin overnight or more food. C manages the dawn phenomenon, which would show a normal or rising 0300 value. B, D, E and H all add insulin to a patient already going low."
N146_L2_O5,3752,Multiple choice,"A patient's glucose is 112 at 0300 and 228 at 0700, with no nocturnal symptoms. What is the most likely cause and management?","A) Dawn phenomenon; move the NPH dose from dinner to bedtime
B) Somogyi effect; decrease the evening insulin
C) Somogyi effect; add a bedtime snack
D) Insulin overdose; hold the morning dose
E) HHS; begin IV fluids
F) Normal variation; no action
G) Dawn phenomenon; decrease the evening NPH
H) Gastroparesis; give insulin after meals",A,"A normal 0300 glucose that rises toward morning is the dawn phenomenon, caused by the natural early morning rise in growth hormone. Moving NPH later shifts its peak into those hours. B and C treat Somogyi, which requires a LOW 0300 value. G names the right condition with the wrong fix, which would leave the morning uncovered."
N146_L2_O5,3753,Multiple choice,A patient with type 1 diabetes plans to drink two glasses of wine at a wedding. Which teaching best prevents harm?,"A) Drink with food and check your glucose before bed, because alcohol can cause hypoglycemia hours later
B) Skip your insulin that evening
C) Drink on an empty stomach so the alcohol clears faster
D) Expect your glucose to rise, so take extra insulin
E) Alcohol is prohibited with diabetes
F) Choose sweet mixed drinks to prevent lows
G) No precautions are needed with only two drinks
H) Take an extra dose of metformin",A,"Alcohol is absorbed without insulin and decreases hepatic gluconeogenesis, so hypoglycemia can follow, and intoxication masks the symptoms. Food and glucose monitoring are the protections. B risks DKA, C and D increase risk, F adds sugar without solving the problem, and H is never used in type 1."
N146_L2_O5,3754,Multiple choice,"A patient with peripheral neuropathy says they found a blister on the sole of their foot but never felt it. What does this indicate, and what is the priority teaching?","A) Loss of protective sensation; inspect the feet daily and report any lesion promptly
B) Peripheral vascular disease; elevate the legs
C) Normal aging; no action needed
D) Hypoglycemia; check glucose more often
E) An allergic reaction to footwear; change socks
F) Autonomic neuropathy; increase fluids
G) The blister should be drained and covered at home
H) Retinopathy is preventing the patient from seeing the foot",A,"Peripheral neuropathy removes protective sensation, so injuries go unnoticed until they become infected, and daily inspection replaces the sensation the patient has lost. G risks introducing infection at home. Untreated lesions progress to osteomyelitis or amputation, which is why prompt reporting matters more than self-treatment."
N146_L2_O5,3755,Multiple choice,A patient with long-standing diabetes reports fatigue and shortness of breath with exertion but no chest pain. What should the nurse suspect?,"A) Possible silent myocardial ischemia, because autonomic neuropathy can block chest pain
B) Hypoglycemia
C) Anxiety
D) Normal deconditioning
E) Hyperglycemia only
F) Diabetic gastroparesis
G) Retinopathy
H) A urinary tract infection",A,"Autonomic neuropathy can eliminate anginal pain, so ischemia presents atypically as fatigue or dyspnea; MI and heart failure are twice as common in diabetes. Dismissing it as deconditioning or anxiety is the error the textbook warns about. The other options do not explain exertional dyspnea."
N146_L2_O5,3756,Multiple choice,A patient with worsening kidney disease has had three hypoglycemic episodes this week on an unchanged insulin dose. What should the nurse anticipate?,"A) A decrease in the insulin dose, because failing kidneys clear insulin more slowly
B) An increase in the insulin dose
C) Adding a sulfonylurea
D) Starting metformin
E) No change; this is unrelated to the kidneys
F) Increasing dietary protein
G) Starting an SGLT2 inhibitor
H) Switching to inhaled insulin",A,"Nephropathy impairs insulin catabolism, so each dose persists longer and requirements fall. C would add another hypoglycemia risk, and D is contraindicated in renal dysfunction. F contradicts the renal diet, and G is not indicated for this problem."
N146_L2_O5,3757,Multiple choice,A patient with type 2 diabetes taking metformin has had vomiting and diarrhea for 24 hours and cannot keep fluids down. What is the priority action?,"A) Notify the provider, since dehydration raises the risk of lactic acidosis with metformin
B) Continue metformin and push oral fluids
C) Double the metformin to control the stress hyperglycemia
D) Stop checking glucose until the illness resolves
E) Start an oral sulfonylurea instead
F) Reassure the patient that no action is needed
G) Give an antiemetic and continue as usual
H) Hold all glucose monitoring and rest",A,"Sick day rules say to continue medications and monitor, but dehydration and reduced kidney perfusion are exactly the conditions that predispose to lactic acidosis with metformin, and inability to retain fluids may require hospitalization. B ignores that the patient cannot keep fluids down. D and H abandon the monitoring that sick day rules require."
N146_L2_O5,3758,Multiple choice,A family member asks when to use the glucagon kit at home. Which instruction is correct?,"A) Use it if the person cannot safely swallow or is unconscious, then call for help and give food when they wake
B) Use it for any glucose under 100
C) Give juice first and use glucagon only if that fails after an hour
D) Use it when the glucose is above 300
E) Only a nurse may give glucagon
F) Give it orally
G) Use it and let the person sleep afterward
H) Use it only if the person has type 2 diabetes",A,"Glucagon is for severe hypoglycemia when the person cannot take carbohydrate safely. Because it acts only about 12 to 27 minutes, food must follow on waking, and nausea is common so the person is turned on their side. G risks a recurrence going unnoticed. B treats a number that does not require it, and C delays emergency treatment."
N146_L2_O5,3759,Multiple choice,"After treating a severe hypoglycemic episode, how long should the patient be monitored closely and why?","A) About 24 hours, because the risk of another episode remains high
B) 15 minutes, until the glucose is above 70
C) Until the next meal only
D) 1 hour
E) No further monitoring is needed once alert
F) 72 hours in all cases
G) Only until symptoms resolve
H) One week",A,"Close monitoring continues about 24 hours after a severe episode because recurrence risk is high, especially with long-acting agents still in the system. B is the retest interval during treatment, not the monitoring window. E and G stop at symptom resolution, which is exactly when a repeat low is missed."
N146_L2_O5,3760,Multiple choice,A patient with diabetic gastroparesis takes rapid-acting insulin 10 minutes before meals and has unexplained lows shortly after eating. What explains this?,"A) Delayed gastric emptying means food is absorbed after the insulin has already peaked
B) The insulin dose is too low
C) The patient has developed type 1 diabetes
D) Gastroparesis raises insulin requirements
E) The insulin is expired
F) This indicates the Somogyi effect
G) The patient is exercising too much
H) Rapid-acting insulin never causes hypoglycemia",A,"Autonomic neuropathy delays gastric emptying, so the carbohydrate arrives late while rapid-acting insulin is already working, producing an early low and an erratic pattern overall. B and D would worsen it. F describes a nocturnal rebound pattern, not a postprandial one."
N146_L2_O5,3761,Multiple choice,Which patient statement indicates the need for further teaching about diabetic eye care?,"A) I will only schedule an eye exam if my vision changes
B) I need a dilated eye exam even though my vision is fine
C) Controlling my blood pressure helps protect my eyes
D) Quitting smoking helps protect my retina
E) Laser surgery may be used to treat retinopathy
F) High glucose over years damages the small vessels in my retina
G) My eye doctor can see damage before I notice anything
H) Keeping my A1c down lowers my risk",A,"Nonproliferative retinopathy is usually symptom-free, so waiting for vision changes means waiting until damage is advanced and often irreversible; annual exams catch it earlier. Every other statement reflects correct understanding of screening, risk factors and treatment."
N146_L2_O5,3762,Select all,A patient with diabetic nephropathy asks how to protect the remaining kidney function. Select all appropriate instructions.,"A) Keep blood glucose in the target range
B) Keep blood pressure controlled
C) Avoid nephrotoxic medications such as NSAIDs
D) Follow a low-sodium diet
E) Have kidney function tested annually
F) Take extra ibuprofen for neuropathy pain
G) Request contrast imaging whenever possible
H) Restrict protein severely","A, B, C, D, E","Glycemic and blood pressure control, avoiding nephrotoxins, a low-sodium diet and annual testing all protect kidney function. F is a nephrotoxic NSAID, G exposes damaged kidneys to contrast, and H reflects the outdated low-protein advice; protein should be adequate."
N146_L2_O5,3763,Multiple choice,A patient with autonomic neuropathy becomes dizzy when standing. Which teaching is most appropriate?,"A) Change positions slowly and sit on the edge of the bed before standing
B) Increase the insulin dose
C) Stop all antihypertensives without consulting the provider
D) Avoid drinking fluids in the evening
E) This indicates hypoglycemia; eat 15 grams of carbohydrate
F) Lie flat whenever dizzy and remain in bed
G) Exercise vigorously to improve circulation
H) This is expected and needs no precautions",A,"Cardiac autonomic neuropathy causes orthostatic hypotension, so slow position changes reduce falls. E is a reasonable thought but the scenario describes a positional symptom, not hypoglycemia; checking glucose is fine, but treating a low that is not there is wrong. C changes prescribed therapy independently, and D would worsen volume depletion."
N146_L2_O5,3764,Multiple choice,A patient shaved a callus off the ball of the foot with a razor and now has redness and drainage. Which complication is the greatest concern?,"A) Osteomyelitis progressing to possible amputation
B) Lipohypertrophy
C) A local insulin allergy
D) Charcot foot from a single injury
E) Contact dermatitis
F) Hypoglycemia from the stress
G) Retinopathy
H) Nothing; calluses should be shaved regularly",A,"Shaving calluses breaks the skin in a foot with neuropathy and poor circulation, and infection can reach bone, producing osteomyelitis that requires weeks of IV antibiotics or leads to amputation. H is the behavior that caused the problem; calluses are smoothed with a pumice stone. B and C are injection-site problems."
N146_L2_O5,3765,Multiple choice,A patient with type 1 diabetes is NPO after midnight for surgery and asks about their basal insulin. What is the best response?,"A) Basal insulin is still needed even when not eating; the provider will adjust the dose
B) Hold all insulin until you eat again
C) Take double the basal dose to cover the stress of surgery
D) Switch to an oral agent for the day
E) Basal insulin is only needed with meals
F) Skip it and monitor for symptoms
G) Take your rapid-acting insulin instead
H) No insulin is needed while NPO",A,"Basal insulin covers the glucose the liver releases between meals and is required whether or not the patient eats; withholding it in type 1 leads to DKA, and surgery raises requirements further. B, F and H all create the insulin deficit that causes DKA. D is never appropriate in type 1."
N146_L2_O5,3766,Multiple choice,Which patient is at highest risk for HHS rather than DKA?,"A) A 76-year-old with type 2 diabetes and pneumonia who lives alone
B) A 19-year-old with type 1 diabetes who missed two insulin doses
C) A 24-year-old with type 1 diabetes and an insulin pump occlusion
D) A 30-year-old with newly diagnosed type 1 diabetes
E) A 16-year-old with type 1 diabetes and gastroenteritis
F) A 22-year-old with type 1 diabetes and a UTI
G) A 28-year-old with type 1 diabetes who is pregnant
H) A 35-year-old with type 1 diabetes exercising with ketones",A,"HHS occurs in type 2, typically older adults, often precipitated by infection, and living alone delays recognition of days of polyuria and thirst. Every other option is a type 1 patient with an insulin deficit, the setup for DKA."
N146_L2_O6,3486,Multiple choice,A patient is admitted with their own insulin pump and is alert and oriented. Which nursing action is appropriate?,"A) Enter the carbohydrate count into the pump before each meal
B) Press the delivery button once the patient confirms the dose
C) Check and document the blood glucose and the insulin the patient administered
D) Disconnect the pump and administer subcutaneous insulin instead
E) Adjust the basal rate to match the hospital sliding scale order
F) Allow the patient to manage the pump and omit glucose documentation
G) Remove the pump and send it home with the family for safekeeping
H) Have the patient sign a contract and then assume responsibility for all dosing",C,"The patient operates the pump under a signed contract accepting responsibility for what it delivers; the nurse does not enter data, adjust settings, or press the button, but still checks the glucose and documents the dose given per patient. A, B, E and H all transfer operation of the pump to the nurse, which the contract exists to prevent. D and G remove a functioning device from a patient capable of managing it; disconnection is appropriate only when the patient cannot operate it, such as with confusion. F abandons monitoring and documentation, which remain nursing responsibilities regardless of who delivers the insulin."
N146_L2_O6,3491,Multiple choice,A patient newly started on insulin says they check their sugar only on the mornings they feel shaky. Which response by the nurse addresses the most serious risk?,"A) That is reasonable as long as you always treat the symptoms you feel
B) Symptoms appear at very different levels in different people, so insulin should never be taken without knowing the actual number
C) You should check whenever you feel shaky and also once a week for a record
D) Checking daily is only necessary if you are also taking an oral agent
E) You can rely on how you feel, since most people sense a low before it becomes dangerous
F) Continuous glucose monitors remove the need to check, so ask for one
G) Checking before bed is enough, since that is when lows occur
H) You only need to check if your insulin dose changes",B,"Insulin dosing is calculated from the current glucose, and the lecture was emphatic that insulin is never taken without knowing the number; the risks are a hypoglycemic coma or a return to DKA. A, E and G rely on symptoms, which appear at wildly different values, and a patient may be asymptomatic at 450 or unresponsive at 40. C and H reduce monitoring below the recommended two to four times daily for insulin therapy. D reverses the rule, since patients not on insulin monitor less often. F confuses a CGM with the absence of monitoring; a CGM monitors continuously but delivers nothing."
N146_L2_O6,3514,Multiple choice,"Ninety minutes after receiving insulin lispro with breakfast, a patient becomes diaphoretic, tremulous and reports feeling shaky. What should the nurse do FIRST?","A) Check the blood glucose
B) Give 15 grams of a fast-acting carbohydrate
C) Notify the provider
D) Recheck the insulin dose in the medication record
E) Administer IM glucagon
F) Document the findings and continue to monitor
G) Hold the next scheduled insulin dose
H) Obtain a set of vital signs including orthostatic blood pressures",A,"Lispro peaks in 30 to 90 minutes and the presentation is classic hypoglycemia, but assessment comes before intervention when the patient is conscious and able to wait for a fingerstick that takes seconds; the number also directs how aggressively to treat and documents the event. B is the correct treatment and follows immediately, but treating without a value leaves the response unguided. E is reserved for a patient who cannot safely take oral carbohydrate. C, D, F, G and H all delay both assessment and treatment of a symptomatic patient."
N146_L2_O6,3562,Multiple choice,Which statement about the certified diabetes educator role is accurate for most facilities today?,"A) Every facility employs a certified diabetes educator who provides all diabetes teaching
B) Many facilities have eliminated the role, so the bedside nurse provides diabetes education
C) Diabetes education is provided only by the prescribing provider
D) Education is deferred to outpatient follow-up in all cases
E) Certified diabetes educators are required by law in acute care
F) Only patients newly diagnosed receive any education
G) Dietary staff are responsible for all diabetes teaching
H) Education is optional for patients who have had diabetes for years",B,"Certified diabetes educators exist but many facilities have eliminated the position, which leaves diabetes education to the bedside nurse. F and H are contradicted by the principle that education is an ongoing, lifelong process regardless of how long the patient has had the disease, and that re-educating patients with established poor habits is harder than teaching the newly diagnosed. A, C, D, E and G misassign the responsibility."
N146_L2_O6,3779,Multiple choice,A patient hospitalized with an insulin pump becomes confused and cannot operate the device. What should the nurse do?,"A) Discontinue pump use and administer insulin as prescribed by the nurse-administered route
B) Press the pump buttons for the patient
C) Enter the carbohydrate count and confirm the dose for the patient
D) Leave the pump running and document the patient's confusion
E) Remove the pump and withhold all insulin until the patient improves
F) Ask a family member to operate the pump
G) Increase the basal rate to compensate
H) Continue as is, since the contract makes the patient responsible",A,"The contract assigns pump operation to the patient, so when the patient can no longer operate it safely, the pump should not be used and the nurse administers insulin instead. B, C and G have the nurse or family operating a device that is outside their responsibility. E withholds needed insulin, and D and H leave an unsafe situation unchanged."
N146_L2_O6,3780,Multiple choice,A patient with 20 years of type 2 diabetes says they already know everything about their medications. What is the nurse's best approach?,"A) Ask them to explain their regimen and the signs they watch for, then reinforce only the gaps
B) Skip teaching, since the patient is experienced
C) Provide the full standard teaching regardless of their responses
D) Give written materials and move on
E) Document patient refusal of education
F) Teach only the family
G) Tell the patient that policy requires the full teaching
H) Postpone teaching to the next admission",A,"Teach-back respects experience while finding real gaps, and long duration of disease does not guarantee accurate knowledge, as the ER nurse admitted in DKA demonstrated. B and E assume knowledge, C wastes limited time, and D, F and H skip the patient entirely."
N146_L2_O6,3781,Multiple choice,A patient who has always used insulin pens is discharged with vials and syringes because of insurance. What must the nurse do before discharge?,"A) Teach the new technique and obtain a return demonstration of drawing up and injecting
B) Provide written instructions only
C) Assume the technique transfers from pen use
D) Tell the patient to watch an online video
E) Have the pharmacy explain it at pickup
F) Send the patient home and arrange follow-up in a month
G) Teach only a family member
H) Demonstrate once and confirm the patient says they understand",A,"Drawing from a vial is a new skill: reading the syringe, measuring accurately and injecting differ from dialing a pen, and doses of a few units make small errors proportionally large. Return demonstration is how competence is verified. H stops at verbal confirmation, the error behind the suppository case."
N146_L2_O7,3563,Multiple choice,A patient with diabetes states they clean their feet in the shower and would feel anything wrong. Which response addresses the greatest risk?,"A) That is sufficient as long as you shower daily
B) Neuropathy can prevent you from feeling a pebble, blister or sore, so you need to look at the bottoms of your feet every day
C) You should soak your feet daily to soften calluses
D) Shave any calluses down before they become painful
E) Feeling is preserved in diabetes as long as glucose is controlled
F) Foot inspection is needed only if you have already had a wound
G) Check your feet weekly at your follow-up appointments
H) Trim your toenails as short as possible to prevent ingrown nails",B,"Neuropathy removes the protective sensation that would otherwise alert the patient, so daily visual inspection of the soles is required. D is actively dangerous, since shaving calluses can lead to osteomyelitis requiring six weeks of IV antibiotics or amputation. H risks injury and ingrown nails, and C softens skin that is already at risk. A, E, F and G all rely on sensation or delay inspection."
N146_L2_O7,3564,Multiple choice,Why is skin dryness a specific concern in a patient with diabetes?,"A) Dryness indicates dehydration requiring IV fluids
B) Dry skin cracks, and every break in the skin is an entry point for infection
C) Dryness is a sign that the insulin dose is too high
D) Dryness interferes with the accuracy of glucometer readings
E) Dry skin absorbs insulin more rapidly than intact skin
F) Dryness is an expected finding requiring no intervention
G) Dry skin indicates that neuropathy has resolved
H) Dryness prevents lipodystrophy at injection sites",B,"General hygiene and skin care aim to prevent dryness because cracks provide an entry point for infection, and patients with diabetes heal slowly and are prone to recurrent infection. Pruritus and dry skin are also manifestations of high glucose. A, C, D, E, G and H attach the finding to unrelated mechanisms, and F dismisses a preventable risk."
N146_L2_O7,3625,Multiple choice,A patient with prediabetes asks whether medication or lifestyle change is more effective at preventing type 2 diabetes. Which response reflects the Diabetes Prevention Program?,"A) Metformin was more effective, lowering incidence by 58 percent
B) Intensive lifestyle change lowered incidence by 58 percent, compared with 31 percent for metformin
C) Both were equally effective at 45 percent
D) Neither reduced the incidence of type 2 diabetes
E) Lifestyle change was effective only in men
F) Metformin prevented type 1 diabetes as well
G) The benefit disappeared after one year
H) Only bariatric surgery prevented type 2 diabetes",B,"Compared with placebo, the intensive lifestyle program lowered incidence by 58 percent and metformin by 31 percent, across genders and ethnic groups, with lower rates persisting at 15 years. A swaps the two figures, which is the trap. F is wrong because type 1 has no known prevention. The remaining options contradict the study."
N146_L2_O7,3696,Multiple choice,Which patient statement about foot care indicates a need for further teaching?,"A) I soak my feet in warm water every night to keep them soft
B) I look at the bottoms of my feet every day with a mirror
C) I dry carefully between my toes after washing
D) I put lotion on the tops and bottoms of my feet but not between my toes
E) I never walk barefoot, even at home
F) I check my bath water with my elbow
G) I trim my toenails straight across
H) I feel inside my shoes before putting them on",A,"Feet should never be soaked: soaking macerates the skin, and with neuropathy the patient cannot feel if the water is too hot. Every other statement is correct teaching; lotion is kept from between the toes because trapped moisture invites fungal infection."
N146_L2_O7,3697,Select all,Select all appropriate foot care instructions for a patient with diabetes.,"A) Inspect the feet daily, including the soles
B) Wash daily in warm, not hot, water
C) Dry well between the toes
D) Apply lotion daily, except between the toes
E) Wear supportive shoes and socks
F) Shave calluses with a razor to prevent pressure
G) Use a heating pad on cold feet
H) Walk barefoot at home to toughen the skin","A, B, C, D, E","Daily inspection, warm washing, drying between the toes, lotion except between the toes, and supportive shoes and socks are all taught. Calluses are smoothed with a pumice stone, never shaved; heating pads risk burns the patient cannot feel; and walking barefoot invites unnoticed injury."
N146_L2_O7,3698,Multiple choice,Why are people with diabetes at high risk for foot ulcers and amputation?,"A) Neuropathy prevents them from feeling injuries, and peripheral vascular disease impairs healing
B) Insulin weakens the skin of the feet
C) High glucose strengthens bacteria but improves healing
D) Retinopathy causes foot ulcers directly
E) Oral agents reduce foot circulation
F) Excess sweating of the feet causes breakdown
G) Foot problems are unrelated to glucose control
H) Nephropathy causes foot infections directly",A,"Neuropathy removes protective sensation, so injuries go unnoticed, and peripheral vascular disease reduces blood flow, so they heal poorly; hyperglycemia also impairs white cells' ability to kill bacteria. F reverses sudomotor neuropathy, which reduces lower-body sweating and causes dry, cracking skin. About 20 percent of people with a diabetic foot ulcer need an amputation."
N146_L2_O7,3699,Multiple choice,What is the primary intervention for a patient diagnosed with prediabetes?,"A) Improvement in lifestyle
B) Insulin therapy
C) A sulfonylurea
D) No intervention until diabetes develops
E) Bariatric surgery for all patients
F) Annual monitoring only
G) An SGLT2 inhibitor
H) Carbohydrate elimination",A,"Prediabetes, impaired glucose tolerance or impaired fasting glucose, often leads to diabetes, and the slide's intervention is lifestyle improvement; the Diabetes Prevention Program showed lifestyle change lowered progression by 58 percent. D and F waste the window when progression can be delayed."
N146_L2_O7,3782,Multiple choice,A patient with diabetic retinopathy cannot see the bottoms of their feet well. What is the best recommendation?,"A) Use a mirror or have a family member inspect the feet daily
B) Skip inspection and rely on feeling for problems
C) Inspect weekly instead of daily
D) See a podiatrist once a year for all foot checks
E) Soak the feet to soften any lesions so they are easier to find
F) Wear shoes at all times so inspection is unnecessary
G) Rely on pain to indicate a problem
H) Inspect only after exercise",A,"Daily inspection is still required; a mirror or another person compensates for the visual limitation. B and G rely on sensation the patient may have lost to neuropathy. E is contraindicated because soaking macerates skin, and C, D, F and H reduce inspection below daily."
N146_L2_O7,3783,Select all,Select all items a patient with type 1 diabetes should keep in a sick day kit.,"A) Urine ketone strips
B) Blood glucose strips and a working meter
C) Calorie-free fluids
D) Sugar-containing fluids such as regular soda or juice
E) A list of when to call the provider
F) An extra vial of insulin
G) An oral antidiabetic agent for backup
H) A thermometer","A, B, C, D, E, F, H","A sick day kit supports the rules: test glucose and ketones every 3 to 4 hours, drink calorie-free fluids frequently, switch to sugar-containing fluids if unable to eat, monitor temperature, and know when to call. G is never appropriate in type 1, where oral agents cannot work."
